Eliminations,Damage Dealt,Assists,Objective Time,Damage Mitigated,Healing Done,Deaths,Solo Kills,Final Blows,Role,Result,match_id,round_num,team
13,7187,1,29,929,0,6,1,8,Damage,1,EMEA_S1_RR_W4_D2_M1,1,Team Peps
12,6619,0,42,1200,127,5,0,5,Damage,1,EMEA_S1_RR_W4_D2_M1,1,Team Peps
23,10775,10,60,4891,1272,4,0,6,Tank,1,EMEA_S1_RR_W4_D2_M1,1,Team Peps
13,4575,14,41,0,9159,3,0,5,Support,1,EMEA_S1_RR_W4_D2_M1,1,Team Peps
15,4417,13,36,1132,4946,4,0,3,Support,1,EMEA_S1_RR_W4_D2_M1,1,Team Peps
15,7795,0,14,2,0,7,1,6,Damage,0,EMEA_S1_RR_W4_D2_M1,1,Sakura
15,5599,0,43,895,148,4,0,3,Damage,0,EMEA_S1_RR_W4_D2_M1,1,Sakura
13,7632,10,73,6248,2479,7,0,5,Tank,0,EMEA_S1_RR_W4_D2_M1,1,Sakura
9,4641,12,14,872,4032,5,0,2,Support,0,EMEA_S1_RR_W4_D2_M1,1,Sakura
9,4294,15,26,0,11301,4,0,5,Support,0,EMEA_S1_RR_W4_D2_M1,1,Sakura
19,9758,0,75,0,0,5,0,5,Damage,0,EMEA_S1_RR_W4_D2_M1,2,Team Peps
14,9365,1,65,1465,0,9,2,7,Damage,0,EMEA_S1_RR_W4_D2_M1,2,Team Peps
20,8774,5,167,11773,0,5,0,8,Tank,0,EMEA_S1_RR_W4_D2_M1,2,Team Peps
15,3439,19,75,0,10987,7,0,6,Support,0,EMEA_S1_RR_W4_D2_M1,2,Team Peps
14,4417,10,108,1462,5495,8,0,5,Support,0,EMEA_S1_RR_W4_D2_M1,2,Team Peps
19,10025,0,10,0,0,5,1,10,Damage,1,EMEA_S1_RR_W4_D2_M1,2,Sakura
18,7823,5,31,2545,345,6,1,11,Damage,1,EMEA_S1_RR_W4_D2_M1,2,Sakura
19,10605,4,66,11978,416,5,1,9,Tank,1,EMEA_S1_RR_W4_D2_M1,2,Sakura
11,3874,16,23,2131,6295,8,0,3,Support,1,EMEA_S1_RR_W4_D2_M1,2,Sakura
10,2861,13,18,0,9015,7,0,1,Support,1,EMEA_S1_RR_W4_D2_M1,2,Sakura
21,13747,0,27,0,0,8,0,8,Damage,1,EMEA_S1_RR_W4_D2_M1,3,Team Peps
29,9843,0,49,2200,124,7,0,10,Damage,1,EMEA_S1_RR_W4_D2_M1,3,Team Peps
28,15792,14,111,8888,3442,6,1,9,Tank,1,EMEA_S1_RR_W4_D2_M1,3,Team Peps
21,3843,28,32,0,19864,7,0,7,Support,1,EMEA_S1_RR_W4_D2_M1,3,Team Peps
26,7448,27,42,2997,8441,5,0,8,Support,1,EMEA_S1_RR_W4_D2_M1,3,Team Peps
21,12748,0,26,0,0,9,0,6,Damage,0,EMEA_S1_RR_W4_D2_M1,3,Sakura
16,9548,0,46,1443,371,10,0,7,Damage,0,EMEA_S1_RR_W4_D2_M1,3,Sakura
26,19142,3,90,16964,528,8,0,14,Tank,0,EMEA_S1_RR_W4_D2_M1,3,Sakura
12,5684,16,39,4391,7117,8,1,4,Support,0,EMEA_S1_RR_W4_D2_M1,3,Sakura
15,6511,22,44,0,17405,8,0,2,Support,0,EMEA_S1_RR_W4_D2_M1,3,Sakura
44,15781,0,128,0,0,12,1,18,Damage,1,EMEA_S1_RR_W4_D2_M1,4,Team Peps
38,11903,0,84,3337,205,13,1,14,Damage,1,EMEA_S1_RR_W4_D2_M1,4,Team Peps
53,19589,9,234,13631,0,7,0,24,Tank,1,EMEA_S1_RR_W4_D2_M1,4,Team Peps
24,5755,41,205,0,18820,11,0,4,Support,1,EMEA_S1_RR_W4_D2_M1,4,Team Peps
36,9407,40,183,3189,14132,6,2,13,Support,1,EMEA_S1_RR_W4_D2_M1,4,Team Peps
34,15423,0,119,144,0,16,0,12,Damage,0,EMEA_S1_RR_W4_D2_M1,4,Sakura
25,10968,0,109,464,33,13,0,10,Damage,0,EMEA_S1_RR_W4_D2_M1,4,Sakura
34,17755,6,250,14183,0,15,1,11,Tank,0,EMEA_S1_RR_W4_D2_M1,4,Sakura
18,7502,10,245,1806,8968,15,0,10,Support,0,EMEA_S1_RR_W4_D2_M1,4,Sakura
24,7848,22,123,0,19162,14,0,6,Support,0,EMEA_S1_RR_W4_D2_M1,4,Sakura
22,8443,0,51,1096,118,6,0,2,Damage,1,EMEA_S1_RR_W4_D3_M2,1,Twisted Minds
22,7789,0,12,0,0,4,0,12,Damage,1,EMEA_S1_RR_W4_D3_M2,1,Twisted Minds
26,8521,10,42,7540,405,5,0,14,Tank,1,EMEA_S1_RR_W4_D3_M2,1,Twisted Minds
13,5032,26,17,0,9384,4,0,2,Support,1,EMEA_S1_RR_W4_D3_M2,1,Twisted Minds
20,5146,24,51,1398,6471,3,0,3,Support,1,EMEA_S1_RR_W4_D3_M2,1,Twisted Minds
18,8712,0,39,991,50,4,1,5,Damage,0,EMEA_S1_RR_W4_D3_M2,1,The Ultimates
12,8689,0,18,0,0,7,0,5,Damage,0,EMEA_S1_RR_W4_D3_M2,1,The Ultimates
12,7842,2,49,8613,113,8,1,8,Tank,0,EMEA_S1_RR_W4_D3_M2,1,The Ultimates
10,3781,13,12,4043,5857,7,0,2,Support,0,EMEA_S1_RR_W4_D3_M2,1,The Ultimates
5,3475,13,11,497,8866,8,0,1,Support,0,EMEA_S1_RR_W4_D3_M2,1,The Ultimates
16,9917,0,37,0,0,3,3,7,Damage,1,EMEA_S1_RR_W4_D3_M2,2,Twisted Minds
19,13157,0,10,0,0,5,0,9,Damage,1,EMEA_S1_RR_W4_D3_M2,2,Twisted Minds
19,11779,1,140,20284,0,6,0,12,Tank,1,EMEA_S1_RR_W4_D3_M2,2,Twisted Minds
9,4605,13,27,395,12378,5,0,3,Support,1,EMEA_S1_RR_W4_D3_M2,2,Twisted Minds
8,3945,20,84,6874,11339,3,0,0,Support,1,EMEA_S1_RR_W4_D3_M2,2,Twisted Minds
15,10709,0,68,486,85,4,0,7,Damage,0,EMEA_S1_RR_W4_D3_M2,2,The Ultimates
15,10271,0,41,0,0,7,1,8,Damage,0,EMEA_S1_RR_W4_D3_M2,2,The Ultimates
15,8779,5,66,7049,291,4,0,5,Tank,0,EMEA_S1_RR_W4_D3_M2,2,The Ultimates
6,4642,6,37,808,8387,8,0,0,Support,0,EMEA_S1_RR_W4_D3_M2,2,The Ultimates
11,5673,15,15,0,6024,8,0,2,Support,0,EMEA_S1_RR_W4_D3_M2,2,The Ultimates
31,7774,0,60,0,0,4,0,10,Damage,1,EMEA_S1_RR_W4_D3_M2,3,Twisted Minds
26,10988,0,21,0,249,6,0,9,Damage,1,EMEA_S1_RR_W4_D3_M2,3,Twisted Minds
32,9916,6,66,6555,0,6,0,14,Tank,1,EMEA_S1_RR_W4_D3_M2,3,Twisted Minds
10,4786,28,20,0,11265,4,0,4,Support,1,EMEA_S1_RR_W4_D3_M2,3,Twisted Minds
21,4548,23,35,1871,7562,7,0,4,Support,1,EMEA_S1_RR_W4_D3_M2,3,Twisted Minds
14,7409,0,151,971,137,10,0,8,Damage,0,EMEA_S1_RR_W4_D3_M2,3,The Ultimates
14,8128,0,68,0,0,10,0,7,Damage,0,EMEA_S1_RR_W4_D3_M2,3,The Ultimates
21,11292,3,157,15477,0,7,0,8,Tank,0,EMEA_S1_RR_W4_D3_M2,3,The Ultimates
7,3097,11,96,1638,7180,6,0,2,Support,0,EMEA_S1_RR_W4_D3_M2,3,The Ultimates
10,4624,18,19,2036,8911,8,0,2,Support,0,EMEA_S1_RR_W4_D3_M2,3,The Ultimates
22,9534,1,18,0,0,4,0,10,Damage,1,EMEA_S1_RR_W4_D3_M1,1,Virtuspro
21,8902,10,14,0,0,2,1,8,Damage,1,EMEA_S1_RR_W4_D3_M1,1,Virtuspro
21,12955,8,96,9890,2941,3,0,8,Tank,1,EMEA_S1_RR_W4_D3_M1,1,Virtuspro
17,3159,16,12,0,9705,3,0,2,Support,1,EMEA_S1_RR_W4_D3_M1,1,Virtuspro
16,3582,13,18,2676,6065,4,2,6,Support,1,EMEA_S1_RR_W4_D3_M1,1,Virtuspro
13,7719,2,15,405,0,6,1,7,Damage,0,EMEA_S1_RR_W4_D3_M1,1,Vision Esports
12,6120,0,24,0,0,6,0,3,Damage,0,EMEA_S1_RR_W4_D3_M1,1,Vision Esports
10,10233,5,68,7421,3506,9,0,4,Tank,0,EMEA_S1_RR_W4_D3_M1,1,Vision Esports
7,3722,11,15,3203,4678,8,0,2,Support,0,EMEA_S1_RR_W4_D3_M1,1,Vision Esports
5,2324,10,11,0,9517,6,0,0,Support,0,EMEA_S1_RR_W4_D3_M1,1,Vision Esports
11,5107,0,19,0,0,4,0,4,Damage,1,EMEA_S1_RR_W4_D3_M1,2,Virtuspro
19,5744,1,32,1795,99,1,0,11,Damage,1,EMEA_S1_RR_W4_D3_M1,2,Virtuspro
14,8704,11,48,3764,1610,1,0,3,Tank,1,EMEA_S1_RR_W4_D3_M1,2,Virtuspro
8,1782,11,17,0,7078,3,0,3,Support,1,EMEA_S1_RR_W4_D3_M1,2,Virtuspro
17,2863,18,29,2969,5436,2,0,5,Support,1,EMEA_S1_RR_W4_D3_M1,2,Virtuspro
8,4624,0,26,501,0,5,0,4,Damage,0,EMEA_S1_RR_W4_D3_M1,2,Vision Esports
8,6043,0,37,0,0,6,1,3,Damage,0,EMEA_S1_RR_W4_D3_M1,2,Vision Esports
4,6518,4,93,6225,1198,6,0,0,Tank,0,EMEA_S1_RR_W4_D3_M1,2,Vision Esports
5,2744,5,32,605,2858,3,0,3,Support,0,EMEA_S1_RR_W4_D3_M1,2,Vision Esports
3,2010,3,41,0,7291,6,0,1,Support,0,EMEA_S1_RR_W4_D3_M1,2,Vision Esports
30,17563,1,80,0,0,9,0,18,Damage,1,EMEA_S1_RR_W4_D3_M1,3,Virtuspro
36,14821,3,64,1145,159,10,2,17,Damage,1,EMEA_S1_RR_W4_D3_M1,3,Virtuspro
36,19839,10,186,32030,32,7,3,9,Tank,1,EMEA_S1_RR_W4_D3_M1,3,Virtuspro
27,12558,23,100,274,10709,8,0,8,Support,1,EMEA_S1_RR_W4_D3_M1,3,Virtuspro
18,6666,27,154,2400,17278,9,0,6,Support,1,EMEA_S1_RR_W4_D3_M1,3,Virtuspro
22,12638,2,81,2754,473,13,0,11,Damage,0,EMEA_S1_RR_W4_D3_M1,3,Vision Esports
24,17864,5,54,0,0,10,1,10,Damage,0,EMEA_S1_RR_W4_D3_M1,3,Vision Esports
20,12997,2,221,22800,300,14,0,11,Tank,0,EMEA_S1_RR_W4_D3_M1,3,Vision Esports
16,8597,24,50,331,11574,12,1,8,Support,0,EMEA_S1_RR_W4_D3_M1,3,Vision Esports
12,5980,20,69,623,20834,10,0,3,Support,0,EMEA_S1_RR_W4_D3_M1,3,Vision Esports
17,14150,4,25,204,0,13,2,10,Damage,0,EMEA_S1_RR_W3_D1_M2,1,Vision Esports
19,11693,1,77,1372,0,10,2,11,Damage,0,EMEA_S1_RR_W3_D1_M2,1,Vision Esports
21,12851,5,132,13377,739,9,1,8,Tank,0,EMEA_S1_RR_W3_D1_M2,1,Vision Esports
17,6685,19,45,0,14978,8,1,3,Support,0,EMEA_S1_RR_W3_D1_M2,1,Vision Esports
17,6011,16,63,1593,6936,8,0,4,Support,0,EMEA_S1_RR_W3_D1_M2,1,Vision Esports
22,10023,2,86,2355,0,11,0,9,Damage,1,EMEA_S1_RR_W3_D1_M2,1,GenG
31,11890,2,91,1225,150,8,1,13,Damage,1,EMEA_S1_RR_W3_D1_M2,1,GenG
28,12278,12,91,10189,1269,5,2,9,Tank,1,EMEA_S1_RR_W3_D1_M2,1,GenG
23,7232,26,34,441,7535,9,0,4,Support,1,EMEA_S1_RR_W3_D1_M2,1,GenG
25,8056,19,74,1313,5646,6,1,9,Support,1,EMEA_S1_RR_W3_D1_M2,1,GenG
28,15227,3,52,0,0,7,1,16,Damage,0,EMEA_S1_RR_W3_D1_M2,2,Vision Esports
17,14893,0,49,1651,0,10,1,9,Damage,0,EMEA_S1_RR_W3_D1_M2,2,Vision Esports
30,14333,12,260,15952,450,7,0,9,Tank,0,EMEA_S1_RR_W3_D1_M2,2,Vision Esports
14,6188,18,80,2364,16092,7,0,6,Support,0,EMEA_S1_RR_W3_D1_M2,2,Vision Esports
8,4495,20,83,3057,15645,5,0,2,Support,0,EMEA_S1_RR_W3_D1_M2,2,Vision Esports
25,14452,0,60,2520,0,11,0,11,Damage,1,EMEA_S1_RR_W3_D1_M2,2,GenG
23,12755,5,105,6081,133,9,0,9,Damage,1,EMEA_S1_RR_W3_D1_M2,2,GenG
30,13760,16,276,22930,0,8,0,14,Tank,1,EMEA_S1_RR_W3_D1_M2,2,GenG
18,9424,28,97,2135,14365,6,0,1,Support,1,EMEA_S1_RR_W3_D1_M2,2,GenG
14,5875,25,86,1679,14184,8,0,1,Support,1,EMEA_S1_RR_W3_D1_M2,2,GenG
19,8906,3,30,0,0,10,2,7,Damage,0,EMEA_S1_RR_W3_D1_M2,3,Vision Esports
25,10944,2,75,1664,0,7,3,19,Damage,0,EMEA_S1_RR_W3_D1_M2,3,Vision Esports
31,10603,12,213,13360,0,4,3,13,Tank,0,EMEA_S1_RR_W3_D1_M2,3,Vision Esports
14,8285,18,42,0,8226,8,1,4,Support,0,EMEA_S1_RR_W3_D1_M2,3,Vision Esports
10,3061,21,104,456,12520,7,0,3,Support,0,EMEA_S1_RR_W3_D1_M2,3,Vision Esports
21,9666,3,31,2662,0,9,3,14,Damage,1,EMEA_S1_RR_W3_D1_M2,3,GenG
18,8119,1,58,1178,284,10,1,9,Damage,1,EMEA_S1_RR_W3_D1_M2,3,GenG
22,9915,11,148,21305,0,6,0,7,Tank,1,EMEA_S1_RR_W3_D1_M2,3,GenG
11,6323,14,41,872,8228,11,0,2,Support,1,EMEA_S1_RR_W3_D1_M2,3,GenG
14,6470,11,83,1281,5067,10,0,4,Support,1,EMEA_S1_RR_W3_D1_M2,3,GenG
22,13160,1,50,579,118,8,2,9,Damage,1,EMEA_S1_RR_W4_D2_M2,1,GenG
25,8096,0,87,30,0,6,0,5,Damage,1,EMEA_S1_RR_W4_D2_M2,1,GenG
27,11560,5,106,8110,722,4,2,17,Tank,1,EMEA_S1_RR_W4_D2_M2,1,GenG
13,6174,19,48,0,7907,7,0,4,Support,1,EMEA_S1_RR_W4_D2_M2,1,GenG
17,6215,13,49,1725,6904,5,0,5,Support,1,EMEA_S1_RR_W4_D2_M2,1,GenG
16,13182,0,61,400,0,7,1,8,Damage,0,EMEA_S1_RR_W4_D2_M2,1,The Ultimates
18,9410,0,71,0,0,10,1,6,Damage,0,EMEA_S1_RR_W4_D2_M2,1,The Ultimates
21,10831,4,111,12285,100,7,1,9,Tank,0,EMEA_S1_RR_W4_D2_M2,1,The Ultimates
11,4751,17,67,1279,6665,7,0,2,Support,0,EMEA_S1_RR_W4_D2_M2,1,The Ultimates
12,5017,12,34,0,12018,10,0,4,Support,0,EMEA_S1_RR_W4_D2_M2,1,The Ultimates
13,13238,0,39,1324,310,12,1,7,Damage,0,EMEA_S1_RR_W4_D2_M2,2,GenG
15,8522,0,47,0,0,11,2,9,Damage,0,EMEA_S1_RR_W4_D2_M2,2,GenG
13,10065,6,86,17170,0,8,1,7,Tank,0,EMEA_S1_RR_W4_D2_M2,2,GenG
13,7309,11,24,1050,9772,10,0,2,Support,0,EMEA_S1_RR_W4_D2_M2,2,GenG
6,6084,4,29,0,7792,12,2,3,Support,0,EMEA_S1_RR_W4_D2_M2,2,GenG
39,11642,0,122,427,106,7,3,16,Damage,1,EMEA_S1_RR_W4_D2_M2,2,The Ultimates
31,11345,0,101,0,0,6,2,16,Damage,1,EMEA_S1_RR_W4_D2_M2,2,The Ultimates
31,11997,11,118,7253,185,5,0,13,Tank,1,EMEA_S1_RR_W4_D2_M2,2,The Ultimates
17,7405,27,44,0,10859,4,0,3,Support,1,EMEA_S1_RR_W4_D2_M2,2,The Ultimates
11,5374,17,82,1091,11546,6,0,5,Support,1,EMEA_S1_RR_W4_D2_M2,2,The Ultimates
21,9587,2,18,35,0,6,1,9,Damage,1,EMEA_S1_RR_W4_D2_M2,3,GenG
14,7113,0,65,0,0,6,0,5,Damage,1,EMEA_S1_RR_W4_D2_M2,3,GenG
14,11181,12,210,5827,2404,5,0,6,Tank,1,EMEA_S1_RR_W4_D2_M2,3,GenG
13,4026,13,33,1769,9914,5,0,3,Support,1,EMEA_S1_RR_W4_D2_M2,3,GenG
12,3841,9,43,0,7129,6,0,2,Support,1,EMEA_S1_RR_W4_D2_M2,3,GenG
18,11472,3,108,0,0,4,0,8,Damage,0,EMEA_S1_RR_W4_D2_M2,3,The Ultimates
15,8289,0,59,0,0,6,2,7,Damage,0,EMEA_S1_RR_W4_D2_M2,3,The Ultimates
12,5964,3,149,5794,400,7,0,6,Tank,0,EMEA_S1_RR_W4_D2_M2,3,The Ultimates
11,3206,18,157,3421,8190,4,0,5,Support,0,EMEA_S1_RR_W4_D2_M2,3,The Ultimates
13,5907,14,32,1156,7200,4,0,2,Support,0,EMEA_S1_RR_W4_D2_M2,3,The Ultimates
16,9904,2,6,0,0,12,1,9,Damage,0,EMEA_S1_RR_W4_D2_M2,4,GenG
17,8028,2,55,0,0,8,0,5,Damage,0,EMEA_S1_RR_W4_D2_M2,4,GenG
20,10865,2,72,15729,0,8,2,15,Tank,0,EMEA_S1_RR_W4_D2_M2,4,GenG
5,5992,9,19,683,9774,6,0,1,Support,0,EMEA_S1_RR_W4_D2_M2,4,GenG
10,5180,10,39,0,6877,7,0,1,Support,0,EMEA_S1_RR_W4_D2_M2,4,GenG
30,8416,0,139,0,0,1,2,9,Damage,1,EMEA_S1_RR_W4_D2_M2,4,The Ultimates
21,8291,0,63,0,0,9,0,15,Damage,1,EMEA_S1_RR_W4_D2_M2,4,The Ultimates
30,12123,7,65,14647,0,4,0,10,Tank,1,EMEA_S1_RR_W4_D2_M2,4,The Ultimates
14,4833,18,66,0,8676,9,0,6,Support,1,EMEA_S1_RR_W4_D2_M2,4,The Ultimates
12,4656,14,63,1336,11117,8,0,1,Support,1,EMEA_S1_RR_W4_D2_M2,4,The Ultimates
22,11390,2,46,409,0,9,1,12,Damage,1,EMEA_S1_RR_W4_D2_M2,5,GenG
18,11368,0,39,640,0,7,1,9,Damage,1,EMEA_S1_RR_W4_D2_M2,5,GenG
21,11761,9,207,5927,2855,5,0,6,Tank,1,EMEA_S1_RR_W4_D2_M2,5,GenG
12,4415,17,68,9059,11261,6,0,3,Support,1,EMEA_S1_RR_W4_D2_M2,5,GenG
11,3355,17,22,0,12147,6,0,0,Support,1,EMEA_S1_RR_W4_D2_M2,5,GenG
21,8870,0,78,0,0,6,0,10,Damage,0,EMEA_S1_RR_W4_D2_M2,5,The Ultimates
23,13109,0,46,0,0,7,0,9,Damage,0,EMEA_S1_RR_W4_D2_M2,5,The Ultimates
24,10272,9,73,9644,600,6,0,8,Tank,0,EMEA_S1_RR_W4_D2_M2,5,The Ultimates
16,4838,12,52,1128,3925,4,0,1,Support,0,EMEA_S1_RR_W4_D2_M2,5,The Ultimates
11,8153,17,4,1504,8439,7,1,2,Support,0,EMEA_S1_RR_W4_D2_M2,5,The Ultimates
13,9356,0,40,940,0,7,0,4,Damage,1,EMEA_S1_RR_W3_D3_M2,1,Virtuspro
19,9520,2,67,2477,92,7,0,9,Damage,1,EMEA_S1_RR_W3_D3_M2,1,Virtuspro
21,9761,14,96,18435,0,2,0,6,Tank,1,EMEA_S1_RR_W3_D3_M2,1,Virtuspro
8,4903,19,73,0,10335,4,0,3,Support,1,EMEA_S1_RR_W3_D3_M2,1,Virtuspro
15,5544,11,83,1785,5213,4,1,3,Support,1,EMEA_S1_RR_W3_D3_M2,1,Virtuspro
8,7004,1,52,522,129,5,0,1,Damage,0,EMEA_S1_RR_W3_D3_M2,1,Team Peps
16,8965,1,62,1167,0,5,0,5,Damage,0,EMEA_S1_RR_W3_D3_M2,1,Team Peps
17,9021,4,86,16385,87,4,0,11,Tank,0,EMEA_S1_RR_W3_D3_M2,1,Team Peps
13,3366,9,37,0,11212,5,0,4,Support,0,EMEA_S1_RR_W3_D3_M2,1,Team Peps
7,4315,7,37,1844,7809,7,0,1,Support,0,EMEA_S1_RR_W3_D3_M2,1,Team Peps
15,11130,1,92,0,0,4,0,6,Damage,1,EMEA_S1_RR_W3_D3_M2,2,Virtuspro
22,8982,1,68,1023,0,5,1,10,Damage,1,EMEA_S1_RR_W3_D3_M2,2,Virtuspro
31,13447,9,98,15386,100,4,4,16,Tank,1,EMEA_S1_RR_W3_D3_M2,2,Virtuspro
13,5909,15,74,0,11296,6,0,5,Support,1,EMEA_S1_RR_W3_D3_M2,2,Virtuspro
12,4838,18,161,2052,9974,5,1,5,Support,1,EMEA_S1_RR_W3_D3_M2,2,Virtuspro
8,6802,0,40,0,0,10,2,6,Damage,0,EMEA_S1_RR_W3_D3_M2,2,Team Peps
16,12694,3,27,0,0,8,1,8,Damage,0,EMEA_S1_RR_W3_D3_M2,2,Team Peps
11,9894,2,105,15870,494,6,1,5,Tank,0,EMEA_S1_RR_W3_D3_M2,2,Team Peps
8,4957,11,36,0,9789,8,0,3,Support,0,EMEA_S1_RR_W3_D3_M2,2,Team Peps
5,3330,7,43,2306,11382,10,0,1,Support,0,EMEA_S1_RR_W3_D3_M2,2,Team Peps
19,9341,4,54,700,0,6,0,7,Damage,1,EMEA_S1_RR_W3_D3_M2,3,Virtuspro
22,6997,0,92,1688,0,3,0,11,Damage,1,EMEA_S1_RR_W3_D3_M2,3,Virtuspro
21,8761,11,149,10609,0,7,0,8,Tank,1,EMEA_S1_RR_W3_D3_M2,3,Virtuspro
14,3834,24,60,0,12447,4,0,5,Support,1,EMEA_S1_RR_W3_D3_M2,3,Virtuspro
15,5663,18,77,1919,5430,4,0,3,Support,1,EMEA_S1_RR_W3_D3_M2,3,Virtuspro
12,8906,1,133,481,0,7,0,4,Damage,0,EMEA_S1_RR_W3_D3_M2,3,Team Peps
16,6580,0,54,1166,0,6,0,3,Damage,0,EMEA_S1_RR_W3_D3_M2,3,Team Peps
16,8857,5,137,7481,0,6,0,6,Tank,0,EMEA_S1_RR_W3_D3_M2,3,Team Peps
13,5019,10,44,0,8976,8,0,9,Support,0,EMEA_S1_RR_W3_D3_M2,3,Team Peps
12,4683,16,138,2656,6633,7,0,2,Support,0,EMEA_S1_RR_W3_D3_M2,3,Team Peps
14,7839,0,59,463,0,8,0,7,Damage,0,EMEA_S1_RR_W4_D1_M3,1,Team Peps
12,7132,0,68,1508,45,7,2,5,Damage,0,EMEA_S1_RR_W4_D1_M3,1,Team Peps
19,12827,8,156,10165,2169,5,0,8,Tank,0,EMEA_S1_RR_W4_D1_M3,1,Team Peps
11,6873,14,52,0,11393,6,1,3,Support,0,EMEA_S1_RR_W4_D1_M3,1,Team Peps
11,7047,11,77,1911,7259,9,0,3,Support,0,EMEA_S1_RR_W4_D1_M3,1,Team Peps
21,12515,2,86,780,0,7,0,7,Damage,1,EMEA_S1_RR_W4_D1_M3,1,GenG
25,10647,0,92,0,0,3,2,12,Damage,1,EMEA_S1_RR_W4_D1_M3,1,GenG
17,10203,8,115,5936,711,4,0,6,Tank,1,EMEA_S1_RR_W4_D1_M3,1,GenG
12,7305,12,47,169,6891,8,2,5,Support,1,EMEA_S1_RR_W4_D1_M3,1,GenG
17,5900,13,82,1681,6195,6,0,5,Support,1,EMEA_S1_RR_W4_D1_M3,1,GenG
18,14099,2,39,0,0,7,0,6,Damage,1,EMEA_S1_RR_W4_D1_M3,2,Team Peps
22,13380,0,138,1533,0,3,1,12,Damage,1,EMEA_S1_RR_W4_D1_M3,2,Team Peps
22,17580,1,241,27425,0,3,1,14,Tank,1,EMEA_S1_RR_W4_D1_M3,2,Team Peps
17,5254,17,77,0,16864,5,0,3,Support,1,EMEA_S1_RR_W4_D1_M3,2,Team Peps
10,5303,24,171,4914,13955,4,0,3,Support,1,EMEA_S1_RR_W4_D1_M3,2,Team Peps
9,10567,2,62,2749,0,11,0,3,Damage,0,EMEA_S1_RR_W4_D1_M3,2,GenG
9,13149,1,8,731,0,5,0,2,Damage,0,EMEA_S1_RR_W4_D1_M3,2,GenG
16,11104,5,76,8140,623,8,0,7,Tank,0,EMEA_S1_RR_W4_D1_M3,2,GenG
16,7677,5,21,553,10474,6,1,7,Support,0,EMEA_S1_RR_W4_D1_M3,2,GenG
6,6628,9,32,249,9474,8,0,3,Support,0,EMEA_S1_RR_W4_D1_M3,2,GenG
23,11495,0,27,0,0,3,1,12,Damage,1,EMEA_S1_RR_W4_D1_M3,3,Team Peps
16,7935,1,46,715,0,5,0,4,Damage,1,EMEA_S1_RR_W4_D1_M3,3,Team Peps
22,10239,8,99,10784,126,4,0,6,Tank,1,EMEA_S1_RR_W4_D1_M3,3,Team Peps
16,5150,19,40,0,11461,2,0,5,Support,1,EMEA_S1_RR_W4_D1_M3,3,Team Peps
16,4994,18,44,2462,7365,3,0,3,Support,1,EMEA_S1_RR_W4_D1_M3,3,Team Peps
10,8517,4,60,1559,0,8,0,2,Damage,0,EMEA_S1_RR_W4_D1_M3,3,GenG
12,7368,4,33,1777,0,8,0,2,Damage,0,EMEA_S1_RR_W4_D1_M3,3,GenG
14,8197,4,122,27207,72,4,0,9,Tank,0,EMEA_S1_RR_W4_D1_M3,3,GenG
9,3741,12,28,0,14759,7,0,2,Support,0,EMEA_S1_RR_W4_D1_M3,3,GenG
11,4682,10,38,1005,5225,4,0,2,Support,0,EMEA_S1_RR_W4_D1_M3,3,GenG
24,9185,0,18,0,0,4,1,9,Damage,1,EMEA_S1_RR_W4_D1_M3,4,Team Peps
11,5185,0,20,591,0,6,1,6,Damage,1,EMEA_S1_RR_W4_D1_M3,4,Team Peps
22,9931,5,94,2979,0,4,0,10,Tank,1,EMEA_S1_RR_W4_D1_M3,4,Team Peps
9,4295,17,20,0,10175,3,1,5,Support,1,EMEA_S1_RR_W4_D1_M3,4,Team Peps
13,3443,17,31,1345,4538,6,0,3,Support,1,EMEA_S1_RR_W4_D1_M3,4,Team Peps
16,8358,0,98,297,0,6,1,9,Damage,0,EMEA_S1_RR_W4_D1_M3,4,GenG
12,4731,0,49,0,0,7,0,3,Damage,0,EMEA_S1_RR_W4_D1_M3,4,GenG
16,7678,5,131,4121,671,6,0,7,Tank,0,EMEA_S1_RR_W4_D1_M3,4,GenG
5,3142,13,91,0,8540,8,0,1,Support,0,EMEA_S1_RR_W4_D1_M3,4,GenG
8,3413,7,119,823,5200,6,0,3,Support,0,EMEA_S1_RR_W4_D1_M3,4,GenG
6,3632,0,34,264,0,3,0,0,Damage,0,EMEA_S1_RR_W3_D2_M2,1,Twisted Minds
8,4056,0,2,0,0,3,1,3,Damage,0,EMEA_S1_RR_W3_D2_M2,1,Twisted Minds
5,3263,2,24,5667,0,5,0,3,Tank,0,EMEA_S1_RR_W3_D2_M2,1,Twisted Minds
4,1507,5,8,0,7041,3,0,1,Support,0,EMEA_S1_RR_W3_D2_M2,1,Twisted Minds
3,2643,4,14,1028,3211,4,0,2,Support,0,EMEA_S1_RR_W3_D2_M2,1,Twisted Minds
11,5581,2,2,0,0,1,2,8,Damage,1,EMEA_S1_RR_W3_D2_M2,1,Virtuspro
8,3560,0,17,0,0,1,0,4,Damage,1,EMEA_S1_RR_W3_D2_M2,1,Virtuspro
5,7153,1,67,7865,0,0,0,1,Tank,1,EMEA_S1_RR_W3_D2_M2,1,Virtuspro
7,4134,3,12,0,3561,4,0,0,Support,1,EMEA_S1_RR_W3_D2_M2,1,Virtuspro
7,2030,8,10,1235,5788,3,2,4,Support,1,EMEA_S1_RR_W3_D2_M2,1,Virtuspro
13,5120,0,126,0,0,3,0,4,Damage,0,EMEA_S1_RR_W3_D2_M2,2,Twisted Minds
15,7656,1,23,0,0,6,0,7,Damage,0,EMEA_S1_RR_W3_D2_M2,2,Twisted Minds
10,6213,2,102,11474,0,7,1,7,Tank,0,EMEA_S1_RR_W3_D2_M2,2,Twisted Minds
10,2280,12,55,0,8537,3,0,1,Support,0,EMEA_S1_RR_W3_D2_M2,2,Twisted Minds
8,2998,8,60,1207,4361,4,0,3,Support,0,EMEA_S1_RR_W3_D2_M2,2,Twisted Minds
11,6887,2,26,0,0,4,0,6,Damage,1,EMEA_S1_RR_W3_D2_M2,2,Virtuspro
14,7190,0,32,633,0,4,0,6,Damage,1,EMEA_S1_RR_W3_D2_M2,2,Virtuspro
14,8264,7,56,12180,0,5,0,5,Tank,1,EMEA_S1_RR_W3_D2_M2,2,Virtuspro
10,3014,7,17,132,8241,4,0,2,Support,1,EMEA_S1_RR_W3_D2_M2,2,Virtuspro
9,3076,6,20,1236,2689,5,1,4,Support,1,EMEA_S1_RR_W3_D2_M2,2,Virtuspro
25,9595,0,50,1723,0,5,0,9,Damage,0,EMEA_S1_RR_W3_D2_M2,3,Twisted Minds
21,12011,4,15,0,0,6,1,9,Damage,0,EMEA_S1_RR_W3_D2_M2,3,Twisted Minds
28,11334,14,48,10793,1101,7,0,11,Tank,0,EMEA_S1_RR_W3_D2_M2,3,Twisted Minds
10,2387,21,18,0,18225,3,0,3,Support,0,EMEA_S1_RR_W3_D2_M2,3,Twisted Minds
13,4047,25,45,6735,10512,7,0,4,Support,0,EMEA_S1_RR_W3_D2_M2,3,Twisted Minds
17,14551,5,32,0,0,9,1,4,Damage,1,EMEA_S1_RR_W3_D2_M2,3,Virtuspro
19,8886,0,52,685,0,5,1,12,Damage,1,EMEA_S1_RR_W3_D2_M2,3,Virtuspro
17,13348,5,98,15053,248,6,1,8,Tank,1,EMEA_S1_RR_W3_D2_M2,3,Virtuspro
12,4305,17,21,0,13028,8,0,2,Support,1,EMEA_S1_RR_W3_D2_M2,3,Virtuspro
10,5461,15,20,1016,8186,9,0,2,Support,1,EMEA_S1_RR_W3_D2_M2,3,Virtuspro
26,11180,0,83,2847,0,6,2,12,Damage,0,EMEA_S1_RR_W3_D3_M1,1,The Ultimates
15,8886,2,18,0,0,9,0,7,Damage,0,EMEA_S1_RR_W3_D3_M1,1,The Ultimates
24,13291,6,150,26054,1474,5,0,11,Tank,0,EMEA_S1_RR_W3_D3_M1,1,The Ultimates
12,5658,25,43,0,14302,7,0,1,Support,0,EMEA_S1_RR_W3_D3_M1,1,The Ultimates
15,4631,17,56,2331,5442,4,0,3,Support,0,EMEA_S1_RR_W3_D3_M1,1,The Ultimates
17,11521,1,86,1662,11,8,2,7,Damage,1,EMEA_S1_RR_W3_D3_M1,1,Al qadsiah
18,10558,3,62,0,0,7,1,8,Damage,1,EMEA_S1_RR_W3_D3_M1,1,Al qadsiah
18,11346,3,122,15867,315,6,0,7,Tank,1,EMEA_S1_RR_W3_D3_M1,1,Al qadsiah
13,6305,18,66,0,13284,7,1,3,Support,1,EMEA_S1_RR_W3_D3_M1,1,Al qadsiah
13,4830,10,94,2197,7038,6,0,6,Support,1,EMEA_S1_RR_W3_D3_M1,1,Al qadsiah
44,15644,0,169,3723,19,6,2,21,Damage,1,EMEA_S1_RR_W3_D3_M1,2,The Ultimates
29,11393,6,44,0,0,8,0,12,Damage,1,EMEA_S1_RR_W3_D3_M1,2,The Ultimates
36,14731,8,288,27276,330,8,1,15,Tank,1,EMEA_S1_RR_W3_D3_M1,2,The Ultimates
23,6522,37,74,978,17839,9,0,8,Support,1,EMEA_S1_RR_W3_D3_M1,2,The Ultimates
24,9493,33,51,60,10217,13,0,8,Support,1,EMEA_S1_RR_W3_D3_M1,2,The Ultimates
25,12849,1,84,2461,0,13,1,10,Damage,0,EMEA_S1_RR_W3_D3_M1,2,Al qadsiah
24,14313,3,111,88,0,13,0,10,Damage,0,EMEA_S1_RR_W3_D3_M1,2,Al qadsiah
32,12549,17,129,25811,0,11,1,14,Tank,0,EMEA_S1_RR_W3_D3_M1,2,Al qadsiah
23,10664,26,123,0,13658,13,1,8,Support,0,EMEA_S1_RR_W3_D3_M1,2,Al qadsiah
17,6077,22,202,2569,6969,14,0,2,Support,0,EMEA_S1_RR_W3_D3_M1,2,Al qadsiah
25,12377,0,57,2668,5,5,0,8,Damage,0,EMEA_S1_RR_W3_D3_M1,3,The Ultimates
23,15924,3,35,0,0,8,0,10,Damage,0,EMEA_S1_RR_W3_D3_M1,3,The Ultimates
24,17147,7,115,29180,884,6,0,11,Tank,0,EMEA_S1_RR_W3_D3_M1,3,The Ultimates
14,5355,14,24,0,18741,6,0,2,Support,0,EMEA_S1_RR_W3_D3_M1,3,The Ultimates
15,5981,30,39,7367,12648,7,1,4,Support,0,EMEA_S1_RR_W3_D3_M1,3,The Ultimates
20,16101,0,54,2104,0,6,1,11,Damage,1,EMEA_S1_RR_W3_D3_M1,3,Al qadsiah
21,14053,2,50,0,0,8,0,9,Damage,1,EMEA_S1_RR_W3_D3_M1,3,Al qadsiah
25,14358,16,114,19897,0,6,0,8,Tank,1,EMEA_S1_RR_W3_D3_M1,3,Al qadsiah
13,4514,15,42,0,21466,7,0,2,Support,1,EMEA_S1_RR_W3_D3_M1,3,Al qadsiah
13,4210,25,71,6055,12139,9,0,2,Support,1,EMEA_S1_RR_W3_D3_M1,3,Al qadsiah
17,10065,0,118,2138,0,6,0,8,Damage,0,EMEA_S1_RR_W3_D3_M1,4,The Ultimates
18,9601,1,88,0,0,5,1,8,Damage,0,EMEA_S1_RR_W3_D3_M1,4,The Ultimates
20,16691,8,208,9145,0,4,0,11,Tank,0,EMEA_S1_RR_W3_D3_M1,4,The Ultimates
7,2161,17,71,0,16456,5,0,2,Support,0,EMEA_S1_RR_W3_D3_M1,4,The Ultimates
10,4425,17,85,2327,6218,3,0,0,Support,0,EMEA_S1_RR_W3_D3_M1,4,The Ultimates
15,10180,2,120,1173,0,6,2,7,Damage,1,EMEA_S1_RR_W3_D3_M1,4,Al qadsiah
14,11643,3,79,0,0,7,2,6,Damage,1,EMEA_S1_RR_W3_D3_M1,4,Al qadsiah
13,9059,6,251,15232,0,5,0,5,Tank,1,EMEA_S1_RR_W3_D3_M1,4,Al qadsiah
9,2976,8,82,0,19547,6,0,2,Support,1,EMEA_S1_RR_W3_D3_M1,4,Al qadsiah
8,3522,8,92,775,5736,6,0,3,Support,1,EMEA_S1_RR_W3_D3_M1,4,Al qadsiah
18,9444,8,64,5227,2348,9,0,5,Damage,0,EMEA_S1_RR_W4_D1_M2,1,Al qadsiah
19,9438,0,13,0,0,11,1,10,Damage,0,EMEA_S1_RR_W4_D1_M2,1,Al qadsiah
24,12332,6,206,15654,829,8,2,11,Tank,0,EMEA_S1_RR_W4_D1_M2,1,Al qadsiah
17,6881,14,14,309,14318,11,0,3,Support,0,EMEA_S1_RR_W4_D1_M2,1,Al qadsiah
10,4075,17,25,1719,10416,9,0,2,Support,0,EMEA_S1_RR_W4_D1_M2,1,Al qadsiah
26,15887,2,95,1383,0,5,0,7,Damage,1,EMEA_S1_RR_W4_D1_M2,1,Virtuspro
19,9645,0,84,2112,219,9,1,9,Damage,1,EMEA_S1_RR_W4_D1_M2,1,Virtuspro
23,13927,5,117,22796,600,9,0,12,Tank,1,EMEA_S1_RR_W4_D1_M2,1,Virtuspro
24,7693,27,76,0,13941,4,3,9,Support,1,EMEA_S1_RR_W4_D1_M2,1,Virtuspro
26,5920,24,74,1396,5233,4,0,8,Support,1,EMEA_S1_RR_W4_D1_M2,1,Virtuspro
20,6225,2,26,2427,0,5,3,12,Damage,1,EMEA_S1_RR_W4_D1_M2,2,Al qadsiah
24,7029,0,27,0,0,2,0,8,Damage,1,EMEA_S1_RR_W4_D1_M2,2,Al qadsiah
25,9627,5,79,7103,597,2,0,8,Tank,1,EMEA_S1_RR_W4_D1_M2,2,Al qadsiah
20,3470,15,20,0,11735,1,1,5,Support,1,EMEA_S1_RR_W4_D1_M2,2,Al qadsiah
13,2015,21,23,3046,7806,2,0,5,Support,1,EMEA_S1_RR_W4_D1_M2,2,Al qadsiah
6,7938,0,3,0,0,9,0,2,Damage,0,EMEA_S1_RR_W4_D1_M2,2,Virtuspro
7,5926,0,31,808,114,6,0,4,Damage,0,EMEA_S1_RR_W4_D1_M2,2,Virtuspro
7,9221,3,62,12327,370,9,0,2,Tank,0,EMEA_S1_RR_W4_D1_M2,2,Virtuspro
8,4730,7,19,0,6435,6,0,1,Support,0,EMEA_S1_RR_W4_D1_M2,2,Virtuspro
5,3887,4,9,1363,5133,8,0,3,Support,0,EMEA_S1_RR_W4_D1_M2,2,Virtuspro
5,4443,0,91,2112,0,8,0,2,Damage,0,EMEA_S1_RR_W4_D1_M2,3,Al qadsiah
7,5501,0,18,0,0,7,0,3,Damage,0,EMEA_S1_RR_W4_D1_M2,3,Al qadsiah
6,5808,2,134,11178,479,7,0,2,Tank,0,EMEA_S1_RR_W4_D1_M2,3,Al qadsiah
5,2645,4,31,0,7982,5,0,2,Support,0,EMEA_S1_RR_W4_D1_M2,3,Al qadsiah
3,1746,2,41,1199,3973,7,0,1,Support,0,EMEA_S1_RR_W4_D1_M2,3,Al qadsiah
17,6833,0,38,0,0,4,1,4,Damage,1,EMEA_S1_RR_W4_D1_M2,3,Virtuspro
24,7662,0,61,1392,125,0,0,9,Damage,1,EMEA_S1_RR_W4_D1_M2,3,Virtuspro
25,10190,6,129,7675,0,2,2,11,Tank,1,EMEA_S1_RR_W4_D1_M2,3,Virtuspro
7,3523,21,63,0,6817,3,0,3,Support,1,EMEA_S1_RR_W4_D1_M2,3,Virtuspro
22,4356,20,68,1367,5375,1,0,7,Support,1,EMEA_S1_RR_W4_D1_M2,3,Virtuspro
27,13294,0,93,1683,0,9,1,10,Damage,1,EMEA_S1_RR_W4_D1_M2,4,Al qadsiah
30,14066,0,54,0,0,9,1,13,Damage,1,EMEA_S1_RR_W4_D1_M2,4,Al qadsiah
21,13586,12,179,22010,1168,6,0,7,Tank,1,EMEA_S1_RR_W4_D1_M2,4,Al qadsiah
21,8127,28,109,0,17497,8,0,7,Support,1,EMEA_S1_RR_W4_D1_M2,4,Al qadsiah
18,5372,17,195,4037,10573,8,0,5,Support,1,EMEA_S1_RR_W4_D1_M2,4,Al qadsiah
21,17539,0,46,0,0,9,0,6,Damage,0,EMEA_S1_RR_W4_D1_M2,4,Virtuspro
25,12971,0,97,3596,577,11,0,8,Damage,0,EMEA_S1_RR_W4_D1_M2,4,Virtuspro
24,12556,15,212,27965,1045,8,0,8,Tank,0,EMEA_S1_RR_W4_D1_M2,4,Virtuspro
22,9799,27,131,0,15459,7,0,9,Support,0,EMEA_S1_RR_W4_D1_M2,4,Virtuspro
17,7724,16,131,2814,8491,8,0,6,Support,0,EMEA_S1_RR_W4_D1_M2,4,Virtuspro
10,6240,0,19,1308,255,9,1,4,Damage,0,EMEA_S1_RR_W4_D1_M2,5,Al qadsiah
15,8763,0,35,0,0,9,1,9,Damage,0,EMEA_S1_RR_W4_D1_M2,5,Al qadsiah
20,11903,10,143,18142,639,7,0,9,Tank,0,EMEA_S1_RR_W4_D1_M2,5,Al qadsiah
13,5053,19,46,0,9810,9,0,1,Support,0,EMEA_S1_RR_W4_D1_M2,5,Al qadsiah
6,4621,10,80,1336,6930,8,0,0,Support,0,EMEA_S1_RR_W4_D1_M2,5,Al qadsiah
23,11260,0,89,0,0,6,0,12,Damage,1,EMEA_S1_RR_W4_D1_M2,5,Virtuspro
30,10330,0,102,1355,265,4,1,19,Damage,1,EMEA_S1_RR_W4_D1_M2,5,Virtuspro
29,9202,16,172,16122,325,5,1,6,Tank,1,EMEA_S1_RR_W4_D1_M2,5,Virtuspro
8,4581,24,96,0,10276,5,0,2,Support,1,EMEA_S1_RR_W4_D1_M2,5,Virtuspro
16,5195,20,170,1349,7780,4,0,3,Support,1,EMEA_S1_RR_W4_D1_M2,5,Virtuspro
22,13527,3,55,688,0,8,0,12,Damage,0,EMEA_S1_RR_W3_D1_M3,1,Team Peps
20,11236,0,45,2019,0,7,1,8,Damage,0,EMEA_S1_RR_W3_D1_M3,1,Team Peps
24,14434,7,119,15481,430,7,0,7,Tank,0,EMEA_S1_RR_W3_D1_M3,1,Team Peps
11,3398,17,20,0,15030,9,0,1,Support,0,EMEA_S1_RR_W3_D1_M3,1,Team Peps
14,6814,13,39,3097,7273,9,0,3,Support,0,EMEA_S1_RR_W3_D1_M3,1,Team Peps
29,11851,0,57,3311,0,5,2,15,Damage,1,EMEA_S1_RR_W3_D1_M3,1,The Ultimates
22,12862,2,28,575,0,5,1,8,Damage,1,EMEA_S1_RR_W3_D1_M3,1,The Ultimates
18,12966,9,107,14178,2311,8,1,9,Tank,1,EMEA_S1_RR_W3_D1_M3,1,The Ultimates
21,4148,16,24,0,15672,8,0,3,Support,1,EMEA_S1_RR_W3_D1_M3,1,The Ultimates
15,4601,18,25,2135,6310,5,0,3,Support,1,EMEA_S1_RR_W3_D1_M3,1,The Ultimates
7,8781,0,15,0,0,9,2,4,Damage,0,EMEA_S1_RR_W3_D1_M3,2,Team Peps
7,4162,0,17,145,0,6,0,4,Damage,0,EMEA_S1_RR_W3_D1_M3,2,Team Peps
10,7586,5,43,9123,0,8,0,4,Tank,0,EMEA_S1_RR_W3_D1_M3,2,Team Peps
4,2725,6,9,0,11330,5,0,1,Support,0,EMEA_S1_RR_W3_D1_M3,2,Team Peps
2,3211,6,26,1502,3942,6,0,0,Support,0,EMEA_S1_RR_W3_D1_M3,2,Team Peps
29,7645,0,27,1623,0,2,1,17,Damage,1,EMEA_S1_RR_W3_D1_M3,2,The Ultimates
19,7657,5,18,0,0,3,0,4,Damage,1,EMEA_S1_RR_W3_D1_M3,2,The Ultimates
20,9466,14,59,5750,0,2,0,9,Tank,1,EMEA_S1_RR_W3_D1_M3,2,The Ultimates
13,2516,20,22,0,10661,5,0,2,Support,1,EMEA_S1_RR_W3_D1_M3,2,The Ultimates
14,3403,18,28,2218,4693,1,0,2,Support,1,EMEA_S1_RR_W3_D1_M3,2,The Ultimates
12,5614,1,9,0,0,4,1,4,Damage,1,EMEA_S1_RR_W3_D1_M3,3,Team Peps
6,2193,0,40,199,0,0,0,2,Damage,1,EMEA_S1_RR_W3_D1_M3,3,Team Peps
17,5648,3,98,9256,0,0,1,10,Tank,1,EMEA_S1_RR_W3_D1_M3,3,Team Peps
13,1787,15,39,0,9056,0,0,1,Support,1,EMEA_S1_RR_W3_D1_M3,3,Team Peps
12,2723,9,52,737,4435,0,0,4,Support,1,EMEA_S1_RR_W3_D1_M3,3,Team Peps
4,4281,0,55,179,0,4,0,0,Damage,0,EMEA_S1_RR_W3_D1_M3,3,The Ultimates
5,5104,1,59,0,0,4,0,4,Damage,0,EMEA_S1_RR_W3_D1_M3,3,The Ultimates
3,5673,2,118,7697,0,7,0,1,Tank,0,EMEA_S1_RR_W3_D1_M3,3,The Ultimates
0,1935,1,23,0,5657,4,0,0,Support,0,EMEA_S1_RR_W3_D1_M3,3,The Ultimates
4,2214,3,42,741,3242,3,0,0,Support,0,EMEA_S1_RR_W3_D1_M3,3,The Ultimates
14,9308,5,27,357,0,7,0,6,Damage,1,EMEA_S1_RR_W3_D1_M3,4,Team Peps
10,6312,0,130,299,0,7,0,5,Damage,1,EMEA_S1_RR_W3_D1_M3,4,Team Peps
20,11324,5,129,10382,538,4,0,7,Tank,1,EMEA_S1_RR_W3_D1_M3,4,Team Peps
11,2752,14,43,0,10764,5,0,2,Support,1,EMEA_S1_RR_W3_D1_M3,4,Team Peps
15,4907,11,58,3401,4856,6,1,7,Support,1,EMEA_S1_RR_W3_D1_M3,4,Team Peps
20,7436,0,96,730,0,6,3,11,Damage,0,EMEA_S1_RR_W3_D1_M3,4,The Ultimates
18,10838,2,38,209,0,5,0,5,Damage,0,EMEA_S1_RR_W3_D1_M3,4,The Ultimates
16,8369,7,141,16442,575,7,0,5,Tank,0,EMEA_S1_RR_W3_D1_M3,4,The Ultimates
12,3507,15,53,0,10641,5,0,2,Support,0,EMEA_S1_RR_W3_D1_M3,4,The Ultimates
18,4446,11,92,1835,4236,4,0,6,Support,0,EMEA_S1_RR_W3_D1_M3,4,The Ultimates
24,9489,3,52,1210,0,3,0,6,Damage,1,EMEA_S1_RR_W3_D1_M3,5,Team Peps
30,13371,4,65,0,0,2,1,10,Damage,1,EMEA_S1_RR_W3_D1_M3,5,Team Peps
33,12815,9,85,10204,0,3,0,17,Tank,1,EMEA_S1_RR_W3_D1_M3,5,Team Peps
19,3712,36,73,0,15220,3,0,3,Support,1,EMEA_S1_RR_W3_D1_M3,5,Team Peps
28,5864,27,102,1461,7105,3,0,8,Support,1,EMEA_S1_RR_W3_D1_M3,5,Team Peps
7,6563,0,35,1982,0,10,0,2,Damage,0,EMEA_S1_RR_W3_D1_M3,5,The Ultimates
8,12112,0,31,1579,0,10,1,5,Damage,0,EMEA_S1_RR_W3_D1_M3,5,The Ultimates
7,8179,3,121,22610,0,10,0,2,Tank,0,EMEA_S1_RR_W3_D1_M3,5,The Ultimates
8,4676,5,34,0,11467,7,1,4,Support,0,EMEA_S1_RR_W3_D1_M3,5,The Ultimates
6,3901,5,45,1882,5990,8,0,1,Support,0,EMEA_S1_RR_W3_D1_M3,5,The Ultimates
14,8930,1,27,1312,0,4,0,7,Damage,1,EMEA_S1_RR_W4_D1_M1,1,Twisted Minds
25,12094,0,17,0,0,2,0,9,Damage,1,EMEA_S1_RR_W4_D1_M1,1,Twisted Minds
20,7080,8,67,12846,706,3,0,3,Tank,1,EMEA_S1_RR_W4_D1_M1,1,Twisted Minds
10,4122,19,14,0,11557,1,0,3,Support,1,EMEA_S1_RR_W4_D1_M1,1,Twisted Minds
20,5815,13,37,1979,6518,1,0,7,Support,1,EMEA_S1_RR_W4_D1_M1,1,Twisted Minds
8,7593,3,26,3351,68,6,0,1,Damage,0,EMEA_S1_RR_W4_D1_M1,1,Vision Esports
5,8066,0,8,0,0,8,0,3,Damage,0,EMEA_S1_RR_W4_D1_M1,1,Vision Esports
9,8914,3,69,19838,861,6,0,4,Tank,0,EMEA_S1_RR_W4_D1_M1,1,Vision Esports
5,3702,7,40,1956,5001,7,0,0,Support,0,EMEA_S1_RR_W4_D1_M1,1,Vision Esports
6,3759,8,21,0,11690,4,0,3,Support,0,EMEA_S1_RR_W4_D1_M1,1,Vision Esports
19,6769,0,2,0,0,0,1,8,Damage,1,EMEA_S1_RR_W4_D1_M1,2,Twisted Minds
15,11022,0,7,0,0,3,0,7,Damage,1,EMEA_S1_RR_W4_D1_M1,2,Twisted Minds
16,7446,5,59,17960,144,2,0,8,Tank,1,EMEA_S1_RR_W4_D1_M1,2,Twisted Minds
8,2588,12,26,0,11529,1,0,0,Support,1,EMEA_S1_RR_W4_D1_M1,2,Twisted Minds
5,2641,18,70,3532,5753,2,0,2,Support,1,EMEA_S1_RR_W4_D1_M1,2,Twisted Minds
1,5717,0,14,753,0,6,0,0,Damage,0,EMEA_S1_RR_W4_D1_M1,2,Vision Esports
6,6959,0,45,0,0,5,0,4,Damage,0,EMEA_S1_RR_W4_D1_M1,2,Vision Esports
6,5241,4,103,8379,0,5,0,2,Tank,0,EMEA_S1_RR_W4_D1_M1,2,Vision Esports
3,4643,6,18,896,5681,6,0,1,Support,0,EMEA_S1_RR_W4_D1_M1,2,Vision Esports
4,2148,5,32,1427,9650,5,0,1,Support,0,EMEA_S1_RR_W4_D1_M1,2,Vision Esports
19,5613,0,50,0,0,3,2,10,Damage,1,EMEA_S1_RR_W4_D1_M1,3,Twisted Minds
16,8883,0,34,0,0,7,1,7,Damage,1,EMEA_S1_RR_W4_D1_M1,3,Twisted Minds
18,9293,5,103,8573,0,3,1,8,Tank,1,EMEA_S1_RR_W4_D1_M1,3,Twisted Minds
10,2535,9,31,0,9773,6,0,3,Support,1,EMEA_S1_RR_W4_D1_M1,3,Twisted Minds
12,4346,14,64,2443,7110,2,0,2,Support,1,EMEA_S1_RR_W4_D1_M1,3,Twisted Minds
14,6692,0,82,0,103,6,0,5,Damage,0,EMEA_S1_RR_W4_D1_M1,3,Vision Esports
13,7367,0,42,0,0,7,0,9,Damage,0,EMEA_S1_RR_W4_D1_M1,3,Vision Esports
9,9659,4,136,7188,476,6,0,4,Tank,0,EMEA_S1_RR_W4_D1_M1,3,Vision Esports
14,3661,10,105,2525,5143,4,0,3,Support,0,EMEA_S1_RR_W4_D1_M1,3,Vision Esports
6,2239,7,43,0,9258,7,0,0,Support,0,EMEA_S1_RR_W4_D1_M1,3,Vision Esports
6,5925,1,13,0,0,8,0,4,Damage,0,EMEA_S1_RR_W3_D2_M1,1,Sakura
4,6281,0,9,933,0,6,0,2,Damage,0,EMEA_S1_RR_W3_D2_M1,1,Sakura
4,7488,2,24,6682,748,8,0,2,Tank,0,EMEA_S1_RR_W3_D2_M1,1,Sakura
7,2760,4,4,0,5653,5,0,1,Support,0,EMEA_S1_RR_W3_D2_M1,1,Sakura
5,3224,3,20,700,2821,6,0,2,Support,0,EMEA_S1_RR_W3_D2_M1,1,Sakura
17,5723,1,7,853,0,5,0,4,Damage,1,EMEA_S1_RR_W3_D2_M1,1,Al qadsiah
28,7470,1,20,0,0,1,1,19,Damage,1,EMEA_S1_RR_W3_D2_M1,1,Al qadsiah
18,6589,2,35,5887,449,2,1,4,Tank,1,EMEA_S1_RR_W3_D2_M1,1,Al qadsiah
14,2140,17,5,0,9522,2,0,2,Support,1,EMEA_S1_RR_W3_D2_M1,1,Al qadsiah
17,3747,16,31,1671,4674,1,2,3,Support,1,EMEA_S1_RR_W3_D2_M1,1,Al qadsiah
4,5084,0,3,0,0,3,0,2,Damage,0,EMEA_S1_RR_W3_D2_M1,2,Sakura
1,4959,0,8,1156,0,3,0,1,Damage,0,EMEA_S1_RR_W3_D2_M1,2,Sakura
5,4356,0,82,7921,0,5,1,4,Tank,0,EMEA_S1_RR_W3_D2_M1,2,Sakura
1,2376,3,2,485,4982,5,0,0,Support,0,EMEA_S1_RR_W3_D2_M1,2,Sakura
3,2212,1,6,967,2950,4,0,0,Support,0,EMEA_S1_RR_W3_D2_M1,2,Sakura
5,5701,0,14,874,0,2,0,2,Damage,1,EMEA_S1_RR_W3_D2_M1,2,Al qadsiah
13,6596,0,17,0,0,1,0,11,Damage,1,EMEA_S1_RR_W3_D2_M1,2,Al qadsiah
13,3079,4,30,9304,0,2,0,6,Tank,1,EMEA_S1_RR_W3_D2_M1,2,Al qadsiah
7,3140,12,9,0,6346,1,0,0,Support,1,EMEA_S1_RR_W3_D2_M1,2,Al qadsiah
10,2753,10,25,1848,3805,1,1,1,Support,1,EMEA_S1_RR_W3_D2_M1,2,Al qadsiah
13,5432,3,11,0,0,7,1,6,Damage,0,EMEA_S1_RR_W3_D2_M1,3,Sakura
11,4249,0,27,0,0,7,2,6,Damage,0,EMEA_S1_RR_W3_D2_M1,3,Sakura
9,7415,2,59,11455,0,6,0,4,Tank,0,EMEA_S1_RR_W3_D2_M1,3,Sakura
5,3853,12,16,0,5460,7,0,0,Support,0,EMEA_S1_RR_W3_D2_M1,3,Sakura
2,2741,5,19,843,3559,6,0,1,Support,0,EMEA_S1_RR_W3_D2_M1,3,Sakura
20,5156,0,25,843,0,3,0,9,Damage,1,EMEA_S1_RR_W3_D2_M1,3,Al qadsiah
18,7464,1,10,0,0,4,0,12,Damage,1,EMEA_S1_RR_W3_D2_M1,3,Al qadsiah
24,5801,17,67,12327,0,1,0,5,Tank,1,EMEA_S1_RR_W3_D2_M1,3,Al qadsiah
7,2785,18,16,0,8389,5,1,1,Support,1,EMEA_S1_RR_W3_D2_M1,3,Al qadsiah
11,3517,10,27,1009,3638,4,0,6,Support,1,EMEA_S1_RR_W3_D2_M1,3,Al qadsiah
28,11761,3,74,0,0,10,2,12,Damage,1,EMEA_S1_RR_W1_D1_M1,1,Virtuspro
32,9386,1,103,2306,0,9,0,16,Damage,1,EMEA_S1_RR_W1_D1_M1,1,Virtuspro
34,12686,13,212,10823,0,7,0,6,Tank,1,EMEA_S1_RR_W1_D1_M1,1,Virtuspro
21,7444,32,92,0,13809,7,0,8,Support,1,EMEA_S1_RR_W1_D1_M1,1,Virtuspro
29,7793,23,79,2077,8794,5,1,9,Support,1,EMEA_S1_RR_W1_D1_M1,1,Virtuspro
17,9710,0,65,2203,0,14,2,7,Damage,0,EMEA_S1_RR_W1_D1_M1,1,GenG
24,8779,0,140,0,0,11,0,8,Damage,0,EMEA_S1_RR_W1_D1_M1,1,GenG
27,12868,3,150,9419,0,8,0,12,Tank,0,EMEA_S1_RR_W1_D1_M1,1,GenG
17,7260,13,65,366,11148,6,0,5,Support,0,EMEA_S1_RR_W1_D1_M1,1,GenG
16,6540,15,78,2104,7282,12,0,5,Support,0,EMEA_S1_RR_W1_D1_M1,1,GenG
29,12311,7,51,0,0,5,0,9,Damage,1,EMEA_S1_RR_W1_D1_M1,2,Virtuspro
32,8052,0,79,1049,0,4,0,13,Damage,1,EMEA_S1_RR_W1_D1_M1,2,Virtuspro
31,10129,6,142,10098,0,3,1,11,Tank,1,EMEA_S1_RR_W1_D1_M1,2,Virtuspro
16,4130,14,100,0,11514,5,0,7,Support,1,EMEA_S1_RR_W1_D1_M1,2,Virtuspro
22,4791,23,161,3066,5137,4,0,5,Support,1,EMEA_S1_RR_W1_D1_M1,2,Virtuspro
9,8183,0,32,1497,0,12,1,7,Damage,0,EMEA_S1_RR_W1_D1_M1,2,GenG
12,5433,0,154,90,0,8,1,5,Damage,0,EMEA_S1_RR_W1_D1_M1,2,GenG
12,8616,3,151,7086,0,8,0,4,Tank,0,EMEA_S1_RR_W1_D1_M1,2,GenG
9,5069,5,67,1019,10574,9,0,5,Support,0,EMEA_S1_RR_W1_D1_M1,2,GenG
3,3769,10,84,2584,6855,8,0,0,Support,0,EMEA_S1_RR_W1_D1_M1,2,GenG
24,10554,1,62,0,0,8,3,11,Damage,0,EMEA_S1_RR_W1_D1_M1,3,Virtuspro
27,9338,0,43,1463,0,8,1,7,Damage,0,EMEA_S1_RR_W1_D1_M1,3,Virtuspro
29,14360,8,59,8703,0,9,2,13,Tank,0,EMEA_S1_RR_W1_D1_M1,3,Virtuspro
14,4607,19,49,0,12101,14,0,4,Support,0,EMEA_S1_RR_W1_D1_M1,3,Virtuspro
18,4690,14,38,2335,5975,10,0,6,Support,0,EMEA_S1_RR_W1_D1_M1,3,Virtuspro
24,8847,0,48,1908,0,11,0,8,Damage,1,EMEA_S1_RR_W1_D1_M1,3,GenG
36,8943,0,67,0,0,6,0,14,Damage,1,EMEA_S1_RR_W1_D1_M1,3,GenG
37,12670,5,86,7661,0,7,3,17,Tank,1,EMEA_S1_RR_W1_D1_M1,3,GenG
20,5568,25,22,390,13653,9,0,3,Support,1,EMEA_S1_RR_W1_D1_M1,3,GenG
23,6511,23,46,2106,7201,8,0,6,Support,1,EMEA_S1_RR_W1_D1_M1,3,GenG
7,3403,1,11,80,0,0,0,4,Damage,1,EMEA_S1_RR_W1_D1_M1,4,Virtuspro
11,3168,0,17,423,0,0,1,6,Damage,1,EMEA_S1_RR_W1_D1_M1,4,Virtuspro
9,3099,3,40,1974,0,0,1,2,Tank,1,EMEA_S1_RR_W1_D1_M1,4,Virtuspro
8,1192,5,5,0,7259,0,0,5,Support,1,EMEA_S1_RR_W1_D1_M1,4,Virtuspro
10,1682,11,13,756,2479,0,0,1,Support,1,EMEA_S1_RR_W1_D1_M1,4,Virtuspro
0,2806,0,37,1072,0,4,0,0,Damage,0,EMEA_S1_RR_W1_D1_M1,4,GenG
0,2266,0,17,0,0,3,0,0,Damage,0,EMEA_S1_RR_W1_D1_M1,4,GenG
0,3069,0,34,1776,0,5,0,0,Tank,0,EMEA_S1_RR_W1_D1_M1,4,GenG
0,2512,0,0,655,2734,3,0,0,Support,0,EMEA_S1_RR_W1_D1_M1,4,GenG
0,1786,0,8,557,1481,3,0,0,Support,0,EMEA_S1_RR_W1_D1_M1,4,GenG
9,7102,0,47,1802,0,8,0,4,Damage,0,EMEA_S1_RR_W1_D1_M2,1,Al qadsiah
9,7573,1,31,0,0,8,0,5,Damage,0,EMEA_S1_RR_W1_D1_M2,1,Al qadsiah
9,6171,2,71,5918,0,9,0,2,Tank,0,EMEA_S1_RR_W1_D1_M2,1,Al qadsiah
5,3299,5,39,1216,6112,8,0,2,Support,0,EMEA_S1_RR_W1_D1_M2,1,Al qadsiah
6,3052,12,64,0,11130,7,0,0,Support,0,EMEA_S1_RR_W1_D1_M2,1,Al qadsiah
32,8830,5,105,5275,0,2,0,16,Tank,1,EMEA_S1_RR_W1_D1_M2,1,Team Peps
33,11477,7,32,0,0,1,1,11,Damage,1,EMEA_S1_RR_W1_D1_M2,1,Team Peps
21,5115,0,63,866,0,4,0,7,Damage,1,EMEA_S1_RR_W1_D1_M2,1,Team Peps
16,4276,29,37,0,9784,3,0,3,Support,1,EMEA_S1_RR_W1_D1_M2,1,Team Peps
16,5453,20,58,1442,5894,3,0,3,Support,1,EMEA_S1_RR_W1_D1_M2,1,Team Peps
11,6950,0,66,1527,0,10,0,5,Damage,0,EMEA_S1_RR_W1_D1_M2,2,Al qadsiah
9,7015,1,46,0,0,10,0,3,Damage,0,EMEA_S1_RR_W1_D1_M2,2,Al qadsiah
9,8959,4,126,7265,0,10,0,4,Tank,0,EMEA_S1_RR_W1_D1_M2,2,Al qadsiah
5,4437,4,66,1579,5504,7,0,0,Support,0,EMEA_S1_RR_W1_D1_M2,2,Al qadsiah
5,2691,4,81,0,11714,9,0,2,Support,0,EMEA_S1_RR_W1_D1_M2,2,Al qadsiah
36,10924,3,13,0,0,3,0,16,Damage,1,EMEA_S1_RR_W1_D1_M2,2,Team Peps
27,6120,1,38,532,0,3,0,6,Damage,1,EMEA_S1_RR_W1_D1_M2,2,Team Peps
27,9443,2,79,4565,0,2,0,9,Tank,1,EMEA_S1_RR_W1_D1_M2,2,Team Peps
28,4576,26,10,0,11730,3,0,7,Support,1,EMEA_S1_RR_W1_D1_M2,2,Team Peps
25,5130,20,23,1801,8442,3,0,8,Support,1,EMEA_S1_RR_W1_D1_M2,2,Team Peps
19,9070,0,36,1872,0,9,2,7,Damage,0,EMEA_S1_RR_W1_D1_M2,3,Al qadsiah
26,11061,1,21,0,0,8,1,11,Damage,0,EMEA_S1_RR_W1_D1_M2,3,Al qadsiah
25,12894,5,97,11723,0,9,0,11,Tank,0,EMEA_S1_RR_W1_D1_M2,3,Al qadsiah
17,6328,15,38,3639,7806,11,0,3,Support,0,EMEA_S1_RR_W1_D1_M2,3,Al qadsiah
11,3814,18,24,0,17093,10,0,3,Support,0,EMEA_S1_RR_W1_D1_M2,3,Al qadsiah
29,11489,2,37,0,0,6,2,9,Damage,1,EMEA_S1_RR_W1_D1_M2,3,Team Peps
25,9292,0,45,3495,0,8,2,9,Damage,1,EMEA_S1_RR_W1_D1_M2,3,Team Peps
33,15400,6,106,9561,0,7,0,16,Tank,1,EMEA_S1_RR_W1_D1_M2,3,Team Peps
21,6094,19,41,0,13631,9,1,6,Support,1,EMEA_S1_RR_W1_D1_M2,3,Team Peps
18,6324,19,42,3232,9577,6,0,7,Support,1,EMEA_S1_RR_W1_D1_M2,3,Team Peps
25,11330,8,44,0,0,9,0,6,Damage,1,EMEA_S1_RR_W1_D1_M3,1,Sakura
24,8799,4,95,968,0,5,1,13,Damage,1,EMEA_S1_RR_W1_D1_M3,1,Sakura
30,12872,11,110,6105,710,9,0,11,Tank,1,EMEA_S1_RR_W1_D1_M3,1,Sakura
23,5679,20,64,1503,6280,8,0,6,Support,1,EMEA_S1_RR_W1_D1_M3,1,Sakura
22,6518,24,50,0,11848,4,0,8,Support,1,EMEA_S1_RR_W1_D1_M3,1,Sakura
25,11648,3,71,0,0,10,1,12,Damage,0,EMEA_S1_RR_W1_D1_M3,1,The Ultimates
20,9840,0,70,3019,0,8,1,14,Damage,0,EMEA_S1_RR_W1_D1_M3,1,The Ultimates
25,10664,9,127,10025,288,11,1,6,Tank,0,EMEA_S1_RR_W1_D1_M3,1,The Ultimates
13,3288,19,37,0,15916,8,0,2,Support,0,EMEA_S1_RR_W1_D1_M3,1,The Ultimates
16,4331,19,56,1908,6809,7,0,1,Support,0,EMEA_S1_RR_W1_D1_M3,1,The Ultimates
21,12055,3,26,0,0,9,0,8,Damage,0,EMEA_S1_RR_W1_D1_M3,2,Sakura
13,7381,0,130,0,0,6,1,6,Damage,0,EMEA_S1_RR_W1_D1_M3,2,Sakura
23,10809,1,180,7178,0,10,3,12,Tank,0,EMEA_S1_RR_W1_D1_M3,2,Sakura
10,5625,12,37,1464,7963,9,0,3,Support,0,EMEA_S1_RR_W1_D1_M3,2,Sakura
8,5147,13,21,632,11395,13,0,2,Support,0,EMEA_S1_RR_W1_D1_M3,2,Sakura
23,10424,1,51,0,0,7,0,13,Damage,1,EMEA_S1_RR_W1_D1_M3,2,The Ultimates
32,11310,0,72,0,0,4,2,19,Damage,1,EMEA_S1_RR_W1_D1_M3,2,The Ultimates
36,14844,8,76,17318,0,6,3,10,Tank,1,EMEA_S1_RR_W1_D1_M3,2,The Ultimates
14,6132,23,20,1604,9569,7,0,2,Support,1,EMEA_S1_RR_W1_D1_M3,2,The Ultimates
8,2701,17,140,7174,9145,7,0,3,Support,1,EMEA_S1_RR_W1_D1_M3,2,The Ultimates
11,8110,4,17,248,278,11,0,3,Damage,0,EMEA_S1_RR_W1_D1_M3,3,Sakura
18,7058,0,42,0,0,9,1,9,Damage,0,EMEA_S1_RR_W1_D1_M3,3,Sakura
16,9535,8,84,9253,0,8,0,7,Tank,0,EMEA_S1_RR_W1_D1_M3,3,Sakura
8,4660,9,17,1954,4523,11,0,1,Support,0,EMEA_S1_RR_W1_D1_M3,3,Sakura
5,4939,13,42,0,8924,8,0,2,Support,0,EMEA_S1_RR_W1_D1_M3,3,Sakura
25,10659,7,91,0,0,4,0,11,Damage,1,EMEA_S1_RR_W1_D1_M3,3,The Ultimates
26,8213,0,93,0,0,5,0,12,Damage,1,EMEA_S1_RR_W1_D1_M3,3,The Ultimates
36,8943,11,93,6509,0,1,1,14,Tank,1,EMEA_S1_RR_W1_D1_M3,3,The Ultimates
12,4491,17,52,465,5011,7,0,3,Support,1,EMEA_S1_RR_W1_D1_M3,3,The Ultimates
17,4155,21,116,4737,7917,5,0,7,Support,1,EMEA_S1_RR_W1_D1_M3,3,The Ultimates
10,5706,3,8,0,0,7,0,4,Damage,0,EMEA_S1_RR_W1_D1_M3,4,Sakura
9,3627,0,25,1693,0,6,1,5,Damage,0,EMEA_S1_RR_W1_D1_M3,4,Sakura
10,6003,2,28,5421,0,8,0,4,Tank,0,EMEA_S1_RR_W1_D1_M3,4,Sakura
8,2417,8,17,1586,3227,6,0,2,Support,0,EMEA_S1_RR_W1_D1_M3,4,Sakura
4,2565,10,27,0,6407,7,0,2,Support,0,EMEA_S1_RR_W1_D1_M3,4,Sakura
16,6079,5,12,0,0,5,0,4,Damage,1,EMEA_S1_RR_W1_D1_M3,4,The Ultimates
23,6548,0,28,2183,0,3,1,12,Damage,1,EMEA_S1_RR_W1_D1_M3,4,The Ultimates
20,6892,5,49,4925,0,3,0,9,Tank,1,EMEA_S1_RR_W1_D1_M3,4,The Ultimates
13,3188,18,12,0,7135,3,0,5,Support,1,EMEA_S1_RR_W1_D1_M3,4,The Ultimates
12,2588,17,16,1059,3430,3,0,4,Support,1,EMEA_S1_RR_W1_D1_M3,4,The Ultimates
25,10595,2,19,0,0,7,0,13,Damage,0,EMEA_S1_RR_W1_D2_M1,1,Vision Esports
21,8414,0,39,3590,0,10,2,7,Damage,0,EMEA_S1_RR_W1_D2_M1,1,Vision Esports
21,8041,2,122,9312,0,8,1,8,Tank,0,EMEA_S1_RR_W1_D2_M1,1,Vision Esports
16,3772,16,31,2458,7543,7,0,5,Support,0,EMEA_S1_RR_W1_D2_M1,1,Vision Esports
11,6711,22,24,0,12798,5,0,4,Support,0,EMEA_S1_RR_W1_D2_M1,1,Vision Esports
25,9003,0,56,2918,0,8,0,12,Damage,1,EMEA_S1_RR_W1_D2_M1,1,Al qadsiah
13,9516,3,24,0,0,9,0,3,Damage,1,EMEA_S1_RR_W1_D2_M1,1,Al qadsiah
25,10424,7,106,8708,0,7,0,7,Tank,1,EMEA_S1_RR_W1_D2_M1,1,Al qadsiah
16,4680,14,36,2438,7155,7,0,5,Support,1,EMEA_S1_RR_W1_D2_M1,1,Al qadsiah
21,5485,22,55,0,12092,7,0,9,Support,1,EMEA_S1_RR_W1_D2_M1,1,Al qadsiah
37,13691,7,55,0,0,11,3,18,Damage,0,EMEA_S1_RR_W1_D2_M1,2,Vision Esports
36,12461,0,66,1388,0,9,1,15,Damage,0,EMEA_S1_RR_W1_D2_M1,2,Vision Esports
8,2726,1,18,1234,0,3,0,3,Tank,0,EMEA_S1_RR_W1_D2_M1,2,Vision Esports
5,915,10,5,104,3349,2,0,0,Support,0,EMEA_S1_RR_W1_D2_M1,2,Vision Esports
10,2779,8,5,0,1983,1,0,5,Support,0,EMEA_S1_RR_W1_D2_M1,2,Vision Esports
28,9940,0,42,2337,75,13,2,14,Damage,1,EMEA_S1_RR_W1_D2_M1,2,Al qadsiah
27,13192,0,52,0,0,11,3,16,Damage,1,EMEA_S1_RR_W1_D2_M1,2,Al qadsiah
28,11431,6,118,8319,0,12,0,12,Tank,1,EMEA_S1_RR_W1_D2_M1,2,Al qadsiah
15,4560,29,127,6681,10507,12,0,2,Support,1,EMEA_S1_RR_W1_D2_M1,2,Al qadsiah
20,5697,19,46,0,16506,10,0,5,Support,1,EMEA_S1_RR_W1_D2_M1,2,Al qadsiah
24,18870,9,37,0,0,7,2,10,Damage,1,EMEA_S1_RR_W1_D2_M1,3,Vision Esports
35,9839,0,135,0,0,3,2,19,Damage,1,EMEA_S1_RR_W1_D2_M1,3,Vision Esports
37,13144,9,147,10831,0,6,2,16,Tank,1,EMEA_S1_RR_W1_D2_M1,3,Vision Esports
21,4836,33,126,2828,9519,6,0,7,Support,1,EMEA_S1_RR_W1_D2_M1,3,Vision Esports
33,4447,27,82,0,16450,5,0,6,Support,1,EMEA_S1_RR_W1_D2_M1,3,Vision Esports
18,8119,0,66,1513,0,12,1,7,Damage,0,EMEA_S1_RR_W1_D2_M1,3,Al qadsiah
15,10650,0,62,136,0,12,0,6,Damage,0,EMEA_S1_RR_W1_D2_M1,3,Al qadsiah
20,12524,5,78,10085,0,12,1,7,Tank,0,EMEA_S1_RR_W1_D2_M1,3,Al qadsiah
9,4289,13,89,3249,8334,12,0,2,Support,0,EMEA_S1_RR_W1_D2_M1,3,Al qadsiah
15,4829,10,71,0,16454,10,0,5,Support,0,EMEA_S1_RR_W1_D2_M1,3,Al qadsiah
21,9235,4,53,0,0,8,3,9,Damage,1,EMEA_S1_RR_W1_D2_M1,4,Vision Esports
20,8831,0,129,3535,0,8,1,12,Damage,1,EMEA_S1_RR_W1_D2_M1,4,Vision Esports
28,9452,5,127,6479,0,8,1,13,Tank,1,EMEA_S1_RR_W1_D2_M1,4,Vision Esports
20,4655,14,92,0,11416,8,0,5,Support,1,EMEA_S1_RR_W1_D2_M1,4,Vision Esports
20,3473,16,96,1544,5245,8,0,3,Support,1,EMEA_S1_RR_W1_D2_M1,4,Vision Esports
23,6275,0,34,1701,21,9,1,12,Damage,0,EMEA_S1_RR_W1_D2_M1,4,Al qadsiah
29,10233,7,25,0,0,9,1,12,Damage,0,EMEA_S1_RR_W1_D2_M1,4,Al qadsiah
24,10797,7,53,8329,0,7,0,9,Tank,0,EMEA_S1_RR_W1_D2_M1,4,Al qadsiah
18,3061,17,42,1813,5230,8,0,3,Support,0,EMEA_S1_RR_W1_D2_M1,4,Al qadsiah
21,4246,25,18,0,11851,9,0,4,Support,0,EMEA_S1_RR_W1_D2_M1,4,Al qadsiah
23,15033,0,40,0,0,11,0,15,Damage,0,EMEA_S1_RR_W1_D2_M1,5,Vision Esports
20,9231,0,75,0,0,7,2,11,Damage,0,EMEA_S1_RR_W1_D2_M1,5,Vision Esports
15,10014,2,79,10013,195,13,1,3,Tank,0,EMEA_S1_RR_W1_D2_M1,5,Vision Esports
6,3603,15,29,0,15693,11,0,0,Support,0,EMEA_S1_RR_W1_D2_M1,5,Vision Esports
17,8341,18,60,1312,9211,8,1,2,Support,0,EMEA_S1_RR_W1_D2_M1,5,Vision Esports
29,10760,4,41,1328,0,6,0,6,Damage,1,EMEA_S1_RR_W1_D2_M1,5,Al qadsiah
30,11897,2,45,0,0,9,0,15,Damage,1,EMEA_S1_RR_W1_D2_M1,5,Al qadsiah
36,15284,10,78,9919,0,6,4,16,Tank,1,EMEA_S1_RR_W1_D2_M1,5,Al qadsiah
21,6397,24,69,2943,9587,7,0,7,Support,1,EMEA_S1_RR_W1_D2_M1,5,Al qadsiah
21,4183,24,50,0,16598,8,0,3,Support,1,EMEA_S1_RR_W1_D2_M1,5,Al qadsiah
13,5623,0,36,869,0,3,0,7,Damage,1,EMEA_S1_RR_W1_D2_M2,1,GenG
12,5300,1,44,799,0,2,0,5,Damage,1,EMEA_S1_RR_W1_D2_M2,1,GenG
16,4221,5,36,2245,686,2,1,6,Tank,1,EMEA_S1_RR_W1_D2_M2,1,GenG
10,1696,11,14,0,6821,3,1,1,Support,1,EMEA_S1_RR_W1_D2_M2,1,GenG
11,3664,6,24,261,3453,2,0,2,Support,1,EMEA_S1_RR_W1_D2_M2,1,GenG
3,3168,0,23,401,0,3,0,2,Damage,0,EMEA_S1_RR_W1_D2_M2,1,Twisted Minds
10,5692,1,17,0,0,4,0,4,Damage,0,EMEA_S1_RR_W1_D2_M2,1,Twisted Minds
8,5135,1,34,3105,0,5,0,5,Tank,0,EMEA_S1_RR_W1_D2_M2,1,Twisted Minds
4,3124,7,24,774,4689,4,0,1,Support,0,EMEA_S1_RR_W1_D2_M2,1,Twisted Minds
4,1525,5,2,0,5478,7,0,0,Support,0,EMEA_S1_RR_W1_D2_M2,1,Twisted Minds
16,9719,2,29,197,0,8,0,7,Damage,0,EMEA_S1_RR_W1_D2_M2,2,GenG
17,5181,0,27,0,0,7,0,5,Damage,0,EMEA_S1_RR_W1_D2_M2,2,GenG
16,8288,4,74,7581,144,9,1,9,Tank,0,EMEA_S1_RR_W1_D2_M2,2,GenG
12,4069,11,14,586,9787,7,0,2,Support,0,EMEA_S1_RR_W1_D2_M2,2,GenG
12,4105,12,34,1902,5531,6,0,4,Support,0,EMEA_S1_RR_W1_D2_M2,2,GenG
28,8005,0,132,0,0,2,0,11,Damage,1,EMEA_S1_RR_W1_D2_M2,2,Twisted Minds
25,9604,4,55,0,0,7,1,9,Damage,1,EMEA_S1_RR_W1_D2_M2,2,Twisted Minds
19,9694,4,194,6615,0,8,0,11,Tank,1,EMEA_S1_RR_W1_D2_M2,2,Twisted Minds
19,4563,24,152,2460,7769,4,0,3,Support,1,EMEA_S1_RR_W1_D2_M2,2,Twisted Minds
11,2813,20,76,0,7782,6,0,3,Support,1,EMEA_S1_RR_W1_D2_M2,2,Twisted Minds
27,6282,0,30,1181,0,2,0,10,Damage,1,EMEA_S1_RR_W1_D2_M2,3,GenG
22,4977,0,17,0,0,1,1,6,Damage,1,EMEA_S1_RR_W1_D2_M2,3,GenG
20,6869,3,29,5627,0,2,0,8,Tank,1,EMEA_S1_RR_W1_D2_M2,3,GenG
14,1491,14,18,0,9207,2,0,1,Support,1,EMEA_S1_RR_W1_D2_M2,3,GenG
15,2924,12,19,1181,4227,2,0,6,Support,1,EMEA_S1_RR_W1_D2_M2,3,GenG
4,4050,0,27,712,0,6,0,2,Damage,0,EMEA_S1_RR_W1_D2_M2,3,Twisted Minds
5,5527,0,1,196,0,8,1,3,Damage,0,EMEA_S1_RR_W1_D2_M2,3,Twisted Minds
5,7232,1,30,5829,0,7,0,2,Tank,0,EMEA_S1_RR_W1_D2_M2,3,Twisted Minds
2,2456,3,8,1292,4064,5,0,1,Support,0,EMEA_S1_RR_W1_D2_M2,3,Twisted Minds
7,2328,6,0,0,5217,6,0,1,Support,0,EMEA_S1_RR_W1_D2_M2,3,Twisted Minds
19,12465,2,20,0,0,9,1,9,Damage,1,EMEA_S1_RR_W1_D2_M2,4,GenG
31,9337,0,225,0,0,4,0,11,Damage,1,EMEA_S1_RR_W1_D2_M2,4,GenG
32,11390,10,148,13378,0,4,3,16,Tank,1,EMEA_S1_RR_W1_D2_M2,4,GenG
13,6177,17,53,671,12175,8,0,3,Support,1,EMEA_S1_RR_W1_D2_M2,4,GenG
23,8898,18,70,0,10298,8,1,7,Support,1,EMEA_S1_RR_W1_D2_M2,4,GenG
20,13472,0,125,0,0,6,0,5,Damage,0,EMEA_S1_RR_W1_D2_M2,4,Twisted Minds
17,16438,2,42,0,0,10,3,11,Damage,0,EMEA_S1_RR_W1_D2_M2,4,Twisted Minds
22,15015,4,183,18043,0,9,2,9,Tank,0,EMEA_S1_RR_W1_D2_M2,4,Twisted Minds
7,8137,11,158,2189,8072,10,0,4,Support,0,EMEA_S1_RR_W1_D2_M2,4,Twisted Minds
9,7431,18,67,0,12831,11,0,4,Support,0,EMEA_S1_RR_W1_D2_M2,4,Twisted Minds
13,5349,1,8,0,0,9,0,5,Damage,0,EMEA_S1_RR_W1_D3_M1,1,Vision Esports
17,6603,1,38,6025,0,7,0,7,Damage,0,EMEA_S1_RR_W1_D3_M1,1,Vision Esports
13,6259,4,77,6565,0,6,0,4,Tank,0,EMEA_S1_RR_W1_D3_M1,1,Vision Esports
13,3519,10,18,553,4484,7,0,3,Support,0,EMEA_S1_RR_W1_D3_M1,1,Vision Esports
9,3658,9,27,0,7920,6,0,4,Support,0,EMEA_S1_RR_W1_D3_M1,1,Vision Esports
19,6457,1,39,0,0,5,4,12,Damage,1,EMEA_S1_RR_W1_D3_M1,1,Sakura
20,6086,0,65,5685,0,5,0,8,Damage,1,EMEA_S1_RR_W1_D3_M1,1,Sakura
21,8887,4,52,5779,0,5,1,8,Tank,1,EMEA_S1_RR_W1_D3_M1,1,Sakura
15,2562,18,27,0,9145,3,0,5,Support,1,EMEA_S1_RR_W1_D3_M1,1,Sakura
14,2936,16,22,800,4729,5,0,2,Support,1,EMEA_S1_RR_W1_D3_M1,1,Sakura
29,10878,6,27,0,0,8,1,10,Damage,1,EMEA_S1_RR_W1_D3_M1,2,Vision Esports
25,10534,0,43,1310,0,5,0,11,Damage,1,EMEA_S1_RR_W1_D3_M1,2,Vision Esports
25,12624,0,93,8102,0,6,0,13,Tank,1,EMEA_S1_RR_W1_D3_M1,2,Vision Esports
16,3106,23,82,1997,12464,6,1,5,Support,1,EMEA_S1_RR_W1_D3_M1,2,Vision Esports
20,6928,27,44,0,11223,8,0,3,Support,1,EMEA_S1_RR_W1_D3_M1,2,Vision Esports
19,11616,1,25,0,0,7,2,9,Damage,0,EMEA_S1_RR_W1_D3_M1,2,Sakura
14,6523,0,78,0,0,10,0,8,Damage,0,EMEA_S1_RR_W1_D3_M1,2,Sakura
17,12146,4,47,8827,0,11,2,9,Tank,0,EMEA_S1_RR_W1_D3_M1,2,Sakura
13,6650,16,34,0,11070,7,0,5,Support,0,EMEA_S1_RR_W1_D3_M1,2,Sakura
11,4089,21,91,5350,9671,7,0,2,Support,0,EMEA_S1_RR_W1_D3_M1,2,Sakura
12,8820,4,36,55,0,9,0,8,Damage,0,EMEA_S1_RR_W1_D3_M1,3,Vision Esports
17,7339,0,85,1198,0,6,0,8,Damage,0,EMEA_S1_RR_W1_D3_M1,3,Vision Esports
20,9169,5,154,8889,0,5,0,8,Tank,0,EMEA_S1_RR_W1_D3_M1,3,Vision Esports
16,3784,18,92,1512,6233,6,0,1,Support,0,EMEA_S1_RR_W1_D3_M1,3,Vision Esports
16,3689,21,99,0,13738,4,0,3,Support,0,EMEA_S1_RR_W1_D3_M1,3,Vision Esports
18,10209,3,56,387,0,5,2,11,Damage,1,EMEA_S1_RR_W1_D3_M1,3,Sakura
18,6135,1,49,1869,0,5,0,7,Damage,1,EMEA_S1_RR_W1_D3_M1,3,Sakura
16,9778,5,85,6417,0,8,2,5,Tank,1,EMEA_S1_RR_W1_D3_M1,3,Sakura
10,4312,19,56,0,10402,5,0,4,Support,1,EMEA_S1_RR_W1_D3_M1,3,Sakura
11,3933,15,47,1413,7014,6,0,3,Support,1,EMEA_S1_RR_W1_D3_M1,3,Sakura
22,10378,3,60,0,0,4,0,8,Damage,1,EMEA_S1_RR_W1_D3_M1,4,Vision Esports
27,9558,0,75,1087,0,6,1,13,Damage,1,EMEA_S1_RR_W1_D3_M1,4,Vision Esports
28,11688,5,186,14699,0,1,0,12,Tank,1,EMEA_S1_RR_W1_D3_M1,4,Vision Esports
20,3698,24,134,112,11641,5,1,4,Support,1,EMEA_S1_RR_W1_D3_M1,4,Vision Esports
25,7949,32,125,2001,11271,2,4,10,Support,1,EMEA_S1_RR_W1_D3_M1,4,Vision Esports
9,10668,0,27,0,0,8,1,3,Damage,0,EMEA_S1_RR_W1_D3_M1,4,Sakura
12,7262,0,30,2163,0,13,0,7,Damage,0,EMEA_S1_RR_W1_D3_M1,4,Sakura
10,8263,4,65,15866,0,9,0,5,Tank,0,EMEA_S1_RR_W1_D3_M1,4,Sakura
3,3808,4,3,1054,11615,9,0,1,Support,0,EMEA_S1_RR_W1_D3_M1,4,Sakura
4,4279,10,14,2277,7217,8,0,2,Support,0,EMEA_S1_RR_W1_D3_M1,4,Sakura
24,6361,3,12,0,0,3,0,2,Damage,1,EMEA_S1_RR_W1_D3_M1,5,Vision Esports
26,6021,0,27,1171,0,2,0,14,Damage,1,EMEA_S1_RR_W1_D3_M1,5,Vision Esports
31,6540,5,37,5095,0,0,0,9,Tank,1,EMEA_S1_RR_W1_D3_M1,5,Vision Esports
21,2896,21,26,1014,4710,2,0,7,Support,1,EMEA_S1_RR_W1_D3_M1,5,Vision Esports
18,2106,23,4,0,8343,4,0,5,Support,1,EMEA_S1_RR_W1_D3_M1,5,Vision Esports
5,4589,1,7,0,0,8,0,4,Damage,0,EMEA_S1_RR_W1_D3_M1,5,Sakura
5,4119,0,12,641,0,8,1,3,Damage,0,EMEA_S1_RR_W1_D3_M1,5,Sakura
6,5609,1,30,5133,0,9,1,3,Tank,0,EMEA_S1_RR_W1_D3_M1,5,Sakura
2,1583,4,5,0,4662,7,0,0,Support,0,EMEA_S1_RR_W1_D3_M1,5,Sakura
4,2896,4,5,881,2992,7,0,1,Support,0,EMEA_S1_RR_W1_D3_M1,5,Sakura
10,4103,0,22,1411,0,3,0,3,Damage,0,EMEA_S1_RR_W1_D3_M2,1,The Ultimates
9,6127,1,30,0,0,6,1,4,Damage,0,EMEA_S1_RR_W1_D3_M2,1,The Ultimates
7,8032,1,113,7636,142,7,0,5,Tank,0,EMEA_S1_RR_W1_D3_M2,1,The Ultimates
5,2445,7,20,0,7804,6,0,1,Support,0,EMEA_S1_RR_W1_D3_M2,1,The Ultimates
6,1452,9,17,3074,5145,8,0,1,Support,0,EMEA_S1_RR_W1_D3_M2,1,The Ultimates
17,8126,2,31,0,0,3,0,5,Damage,1,EMEA_S1_RR_W1_D3_M2,1,Virtuspro
19,7009,0,48,1656,0,3,0,10,Damage,1,EMEA_S1_RR_W1_D3_M2,1,Virtuspro
19,8835,4,108,6842,0,2,0,6,Tank,1,EMEA_S1_RR_W1_D3_M2,1,Virtuspro
9,2298,14,51,1960,4809,5,0,5,Support,1,EMEA_S1_RR_W1_D3_M2,1,Virtuspro
15,3377,15,51,0,10240,1,0,3,Support,1,EMEA_S1_RR_W1_D3_M2,1,Virtuspro
14,8385,0,51,484,0,7,0,6,Damage,0,EMEA_S1_RR_W1_D3_M2,2,The Ultimates
17,11467,0,124,0,0,5,0,8,Damage,0,EMEA_S1_RR_W1_D3_M2,2,The Ultimates
17,8978,8,123,8524,0,5,0,5,Tank,0,EMEA_S1_RR_W1_D3_M2,2,The Ultimates
8,4551,8,38,555,8772,8,1,2,Support,0,EMEA_S1_RR_W1_D3_M2,2,The Ultimates
6,4232,12,226,4993,9444,8,0,3,Support,0,EMEA_S1_RR_W1_D3_M2,2,The Ultimates
17,14622,4,59,0,0,7,0,4,Damage,1,EMEA_S1_RR_W1_D3_M2,2,Virtuspro
21,9919,0,68,426,0,5,0,11,Damage,1,EMEA_S1_RR_W1_D3_M2,2,Virtuspro
22,10684,6,131,15003,0,4,1,12,Tank,1,EMEA_S1_RR_W1_D3_M2,2,Virtuspro
12,5857,29,190,5460,11098,2,0,2,Support,1,EMEA_S1_RR_W1_D3_M2,2,Virtuspro
12,6082,11,68,909,12830,6,0,4,Support,1,EMEA_S1_RR_W1_D3_M2,2,Virtuspro
16,8223,0,44,6225,8,8,1,6,Damage,0,EMEA_S1_RR_W1_D3_M2,3,The Ultimates
18,8982,4,37,0,0,9,2,7,Damage,0,EMEA_S1_RR_W1_D3_M2,3,The Ultimates
9,11120,1,123,18950,477,8,0,6,Tank,0,EMEA_S1_RR_W1_D3_M2,3,The Ultimates
7,4543,17,23,0,12075,10,0,1,Support,0,EMEA_S1_RR_W1_D3_M2,3,The Ultimates
12,4297,8,32,1426,6335,7,1,5,Support,0,EMEA_S1_RR_W1_D3_M2,3,The Ultimates
31,12064,2,63,0,0,4,0,10,Damage,1,EMEA_S1_RR_W1_D3_M2,3,Virtuspro
25,9129,0,50,4297,0,6,0,10,Damage,1,EMEA_S1_RR_W1_D3_M2,3,Virtuspro
30,10880,20,76,12390,104,7,0,7,Tank,1,EMEA_S1_RR_W1_D3_M2,3,Virtuspro
29,5759,19,56,2241,5735,3,0,10,Support,1,EMEA_S1_RR_W1_D3_M2,3,Virtuspro
18,3591,25,52,0,16642,6,0,2,Support,1,EMEA_S1_RR_W1_D3_M2,3,Virtuspro
19,10584,6,79,5038,346,13,1,7,Damage,0,EMEA_S1_RR_W2_D1_M1,1,Sakura
21,12044,4,65,1567,0,11,0,6,Damage,0,EMEA_S1_RR_W2_D1_M1,1,Sakura
20,18118,3,163,19717,795,8,1,7,Tank,0,EMEA_S1_RR_W2_D1_M1,1,Sakura
15,4016,17,39,0,14934,8,0,2,Support,0,EMEA_S1_RR_W2_D1_M1,1,Sakura
22,6745,17,83,2504,7826,5,0,9,Support,0,EMEA_S1_RR_W2_D1_M1,1,Sakura
33,11724,6,119,3413,427,7,1,17,Damage,1,EMEA_S1_RR_W2_D1_M1,1,GenG
26,9600,3,83,5315,158,8,0,7,Damage,1,EMEA_S1_RR_W2_D1_M1,1,GenG
28,15680,7,118,17353,0,5,0,6,Tank,1,EMEA_S1_RR_W2_D1_M1,1,GenG
23,6568,28,46,365,14241,4,0,5,Support,1,EMEA_S1_RR_W2_D1_M1,1,GenG
24,6136,20,79,4414,7600,7,0,6,Support,1,EMEA_S1_RR_W2_D1_M1,1,GenG
1,1831,0,4,0,4,5,0,1,Damage,0,EMEA_S1_RR_W2_D1_M1,2,Sakura
1,3295,0,1,400,0,4,1,1,Damage,0,EMEA_S1_RR_W2_D1_M1,2,Sakura
1,3413,0,12,2190,214,5,0,0,Tank,0,EMEA_S1_RR_W2_D1_M1,2,Sakura
1,2025,1,0,0,2082,5,0,0,Support,0,EMEA_S1_RR_W2_D1_M1,2,Sakura
0,1202,0,5,575,1449,4,0,0,Support,0,EMEA_S1_RR_W2_D1_M1,2,Sakura
16,4613,0,13,166,0,0,0,8,Damage,1,EMEA_S1_RR_W2_D1_M1,2,GenG
16,3338,5,8,1535,0,1,0,4,Damage,1,EMEA_S1_RR_W2_D1_M1,2,GenG
16,3037,6,9,1386,0,0,1,4,Tank,1,EMEA_S1_RR_W2_D1_M1,2,GenG
8,1885,9,0,236,2960,0,0,3,Support,1,EMEA_S1_RR_W2_D1_M1,2,GenG
13,2297,11,5,605,1798,1,0,4,Support,1,EMEA_S1_RR_W2_D1_M1,2,GenG
4,4468,0,80,0,4,8,0,1,Damage,0,EMEA_S1_RR_W2_D1_M1,3,Sakura
5,8240,0,42,1327,0,10,0,3,Damage,0,EMEA_S1_RR_W2_D1_M1,3,Sakura
8,8190,0,78,9479,453,7,2,5,Tank,0,EMEA_S1_RR_W2_D1_M1,3,Sakura
0,3272,4,16,0,6645,9,0,0,Support,0,EMEA_S1_RR_W2_D1_M1,3,Sakura
2,3903,1,45,930,3760,7,1,1,Support,0,EMEA_S1_RR_W2_D1_M1,3,Sakura
19,6489,3,16,741,0,4,1,10,Damage,1,EMEA_S1_RR_W2_D1_M1,3,GenG
26,8171,5,23,2159,99,2,0,10,Damage,1,EMEA_S1_RR_W2_D1_M1,3,GenG
30,8919,11,33,5548,0,0,2,10,Tank,1,EMEA_S1_RR_W2_D1_M1,3,GenG
16,4211,14,11,181,5299,3,0,6,Support,1,EMEA_S1_RR_W2_D1_M1,3,GenG
19,3776,15,39,1194,3991,1,0,5,Support,1,EMEA_S1_RR_W2_D1_M1,3,GenG
29,7518,0,40,1476,0,1,0,14,Damage,1,EMEA_S1_RR_W2_D1_M2,1,The Ultimates
23,8548,2,40,1767,71,1,0,5,Damage,1,EMEA_S1_RR_W2_D1_M2,1,The Ultimates
26,6753,7,43,6359,0,3,0,8,Tank,1,EMEA_S1_RR_W2_D1_M2,1,The Ultimates
16,3804,21,49,0,7480,1,0,5,Support,1,EMEA_S1_RR_W2_D1_M2,1,The Ultimates
21,3691,18,40,845,2969,1,1,6,Support,1,EMEA_S1_RR_W2_D1_M2,1,The Ultimates
5,4210,1,25,1068,70,9,0,0,Damage,0,EMEA_S1_RR_W2_D1_M2,1,Vision Esports
4,5182,0,13,907,0,8,0,1,Damage,0,EMEA_S1_RR_W2_D1_M2,1,Vision Esports
7,7096,1,93,10043,20,7,0,5,Tank,0,EMEA_S1_RR_W2_D1_M2,1,Vision Esports
3,3532,6,22,141,7881,7,0,0,Support,0,EMEA_S1_RR_W2_D1_M2,1,Vision Esports
5,3713,5,23,654,4484,8,0,1,Support,0,EMEA_S1_RR_W2_D1_M2,1,Vision Esports
16,9548,0,58,0,0,5,1,7,Damage,0,EMEA_S1_RR_W2_D1_M2,2,The Ultimates
14,9290,2,39,0,0,8,1,7,Damage,0,EMEA_S1_RR_W2_D1_M2,2,The Ultimates
16,7757,3,46,5465,0,6,0,6,Tank,0,EMEA_S1_RR_W2_D1_M2,2,The Ultimates
8,6838,7,16,180,8135,8,0,3,Support,0,EMEA_S1_RR_W2_D1_M2,2,The Ultimates
3,3692,9,51,6518,9512,9,0,1,Support,0,EMEA_S1_RR_W2_D1_M2,2,The Ultimates
24,10072,0,75,0,0,4,1,11,Damage,1,EMEA_S1_RR_W2_D1_M2,2,Vision Esports
20,12631,4,55,0,0,6,0,8,Damage,1,EMEA_S1_RR_W2_D1_M2,2,Vision Esports
22,9633,12,189,14983,0,1,0,10,Tank,1,EMEA_S1_RR_W2_D1_M2,2,Vision Esports
17,8956,21,60,1240,9174,7,0,5,Support,1,EMEA_S1_RR_W2_D1_M2,2,Vision Esports
8,3964,13,115,777,12959,6,0,2,Support,1,EMEA_S1_RR_W2_D1_M2,2,Vision Esports
23,5983,0,15,802,0,3,0,8,Damage,1,EMEA_S1_RR_W2_D1_M2,3,The Ultimates
20,6669,4,29,0,0,0,0,7,Damage,1,EMEA_S1_RR_W2_D1_M2,3,The Ultimates
23,6845,1,21,9394,0,2,0,12,Tank,1,EMEA_S1_RR_W2_D1_M2,3,The Ultimates
10,2575,20,9,0,7070,3,0,2,Support,1,EMEA_S1_RR_W2_D1_M2,3,The Ultimates
10,2838,16,8,778,1991,2,0,1,Support,1,EMEA_S1_RR_W2_D1_M2,3,The Ultimates
6,4225,0,28,0,0,4,0,1,Damage,0,EMEA_S1_RR_W2_D1_M2,3,Vision Esports
7,4949,1,2,125,0,7,0,5,Damage,0,EMEA_S1_RR_W2_D1_M2,3,Vision Esports
6,4862,1,17,3793,0,6,0,3,Tank,0,EMEA_S1_RR_W2_D1_M2,3,Vision Esports
5,1449,7,8,0,7252,7,0,1,Support,0,EMEA_S1_RR_W2_D1_M2,3,Vision Esports
2,1959,7,0,1223,4352,7,0,0,Support,0,EMEA_S1_RR_W2_D1_M2,3,Vision Esports
23,10088,1,17,570,0,3,1,9,Damage,1,EMEA_S1_RR_W2_D1_M2,4,The Ultimates
18,10463,0,22,0,0,4,0,9,Damage,1,EMEA_S1_RR_W2_D1_M2,4,The Ultimates
22,9745,9,69,5391,0,1,1,10,Tank,1,EMEA_S1_RR_W2_D1_M2,4,The Ultimates
10,5634,18,42,0,7868,4,0,1,Support,1,EMEA_S1_RR_W2_D1_M2,4,The Ultimates
9,4482,12,36,976,4487,0,0,1,Support,1,EMEA_S1_RR_W2_D1_M2,4,The Ultimates
4,7312,0,59,441,0,7,0,1,Damage,0,EMEA_S1_RR_W2_D1_M2,4,Vision Esports
6,9137,2,54,0,0,9,0,1,Damage,0,EMEA_S1_RR_W2_D1_M2,4,Vision Esports
6,8754,1,209,20914,0,4,0,5,Tank,0,EMEA_S1_RR_W2_D1_M2,4,Vision Esports
7,4808,7,74,0,15109,5,1,2,Support,0,EMEA_S1_RR_W2_D1_M2,4,Vision Esports
5,4008,4,50,4129,7240,5,0,3,Support,0,EMEA_S1_RR_W2_D1_M2,4,Vision Esports
14,11535,3,27,1024,0,5,0,6,Damage,1,EMEA_S1_RR_W2_D1_M3,1,Al qadsiah
16,8787,1,26,0,0,5,1,8,Damage,1,EMEA_S1_RR_W2_D1_M3,1,Al qadsiah
15,7597,6,118,18873,0,3,1,7,Tank,1,EMEA_S1_RR_W2_D1_M3,1,Al qadsiah
13,6757,12,39,84,14025,3,0,4,Support,1,EMEA_S1_RR_W2_D1_M3,1,Al qadsiah
7,4361,14,36,1553,7168,2,0,0,Support,1,EMEA_S1_RR_W2_D1_M3,1,Al qadsiah
12,11132,0,55,1510,0,8,0,3,Damage,0,EMEA_S1_RR_W2_D1_M3,1,Twisted Minds
11,7309,5,68,7563,54,6,0,2,Damage,0,EMEA_S1_RR_W2_D1_M3,1,Twisted Minds
12,7582,1,62,15163,300,3,0,4,Tank,0,EMEA_S1_RR_W2_D1_M3,1,Twisted Minds
12,5282,7,74,1581,6221,3,0,6,Support,0,EMEA_S1_RR_W2_D1_M3,1,Twisted Minds
8,4661,11,20,0,9060,5,0,2,Support,0,EMEA_S1_RR_W2_D1_M3,1,Twisted Minds
22,8361,8,21,1510,0,4,0,5,Damage,1,EMEA_S1_RR_W2_D1_M3,2,Al qadsiah
15,7186,4,3,0,0,5,1,9,Damage,1,EMEA_S1_RR_W2_D1_M3,2,Al qadsiah
23,6957,15,63,12403,0,2,1,8,Tank,1,EMEA_S1_RR_W2_D1_M3,2,Al qadsiah
13,3949,20,15,0,9099,4,0,3,Support,1,EMEA_S1_RR_W2_D1_M3,2,Al qadsiah
16,4646,10,26,702,4418,3,0,5,Support,1,EMEA_S1_RR_W2_D1_M3,2,Al qadsiah
14,7420,1,13,699,0,6,1,11,Damage,0,EMEA_S1_RR_W2_D1_M3,2,Twisted Minds
9,5655,4,25,3039,39,8,0,2,Damage,0,EMEA_S1_RR_W2_D1_M3,2,Twisted Minds
12,5594,4,50,9230,0,3,0,4,Tank,0,EMEA_S1_RR_W2_D1_M3,2,Twisted Minds
5,3540,9,16,1963,4684,6,0,0,Support,0,EMEA_S1_RR_W2_D1_M3,2,Twisted Minds
6,4186,6,3,288,6749,7,0,1,Support,0,EMEA_S1_RR_W2_D1_M3,2,Twisted Minds
24,15762,0,96,2757,200,9,4,16,Damage,0,EMEA_S1_RR_W2_D1_M3,3,Al qadsiah
26,14794,2,66,0,0,11,1,11,Damage,0,EMEA_S1_RR_W2_D1_M3,3,Al qadsiah
21,13667,2,215,24118,0,10,0,5,Tank,0,EMEA_S1_RR_W2_D1_M3,3,Al qadsiah
11,6665,14,90,498,15409,14,0,1,Support,0,EMEA_S1_RR_W2_D1_M3,3,Al qadsiah
8,6579,8,163,1167,8089,10,0,4,Support,0,EMEA_S1_RR_W2_D1_M3,3,Al qadsiah
42,14719,4,11,0,0,9,0,12,Damage,1,EMEA_S1_RR_W2_D1_M3,3,Twisted Minds
39,12441,3,224,1495,0,6,0,17,Damage,1,EMEA_S1_RR_W2_D1_M3,3,Twisted Minds
35,12310,10,172,9276,0,6,0,12,Tank,1,EMEA_S1_RR_W2_D1_M3,3,Twisted Minds
21,6375,24,109,2409,9175,9,1,8,Support,1,EMEA_S1_RR_W2_D1_M3,3,Twisted Minds
22,7019,27,73,0,11955,7,0,5,Support,1,EMEA_S1_RR_W2_D1_M3,3,Twisted Minds
19,10328,0,34,1556,0,5,0,4,Damage,1,EMEA_S1_RR_W2_D1_M3,4,Al qadsiah
24,10632,2,61,0,0,6,1,11,Damage,1,EMEA_S1_RR_W2_D1_M3,4,Al qadsiah
26,8016,12,108,22243,0,5,0,9,Tank,1,EMEA_S1_RR_W2_D1_M3,4,Al qadsiah
13,5048,20,33,0,13611,5,0,5,Support,1,EMEA_S1_RR_W2_D1_M3,4,Al qadsiah
17,3854,18,57,2234,6691,5,0,3,Support,1,EMEA_S1_RR_W2_D1_M3,4,Al qadsiah
15,10496,3,66,0,0,7,1,8,Damage,0,EMEA_S1_RR_W2_D1_M3,4,Twisted Minds
18,10924,0,114,1166,0,7,0,10,Damage,0,EMEA_S1_RR_W2_D1_M3,4,Twisted Minds
12,9611,4,161,15940,600,7,0,3,Tank,0,EMEA_S1_RR_W2_D1_M3,4,Twisted Minds
12,5034,10,83,1248,5756,7,0,4,Support,0,EMEA_S1_RR_W2_D1_M3,4,Twisted Minds
7,4281,20,135,0,9286,4,0,1,Support,0,EMEA_S1_RR_W2_D1_M3,4,Twisted Minds
13,6192,3,2,530,0,4,1,6,Damage,1,EMEA_S1_RR_W2_D2_M1,1,Virtuspro
23,8159,3,16,100,0,3,0,13,Damage,1,EMEA_S1_RR_W2_D2_M1,1,Virtuspro
13,8664,2,75,9082,0,3,0,6,Tank,1,EMEA_S1_RR_W2_D2_M1,1,Virtuspro
12,3480,13,12,0,4913,2,1,6,Support,1,EMEA_S1_RR_W2_D2_M1,1,Virtuspro
12,5935,7,43,408,4527,3,0,1,Support,1,EMEA_S1_RR_W2_D2_M1,1,Virtuspro
4,2726,0,10,527,0,6,0,1,Damage,0,EMEA_S1_RR_W2_D2_M1,1,Sakura
13,6025,2,5,0,0,8,2,8,Damage,0,EMEA_S1_RR_W2_D2_M1,1,Sakura
7,6914,0,65,14132,0,6,0,4,Tank,0,EMEA_S1_RR_W2_D2_M1,1,Sakura
5,2273,6,6,740,9511,6,0,2,Support,0,EMEA_S1_RR_W2_D2_M1,1,Sakura
2,1380,4,3,1704,4530,6,0,0,Support,0,EMEA_S1_RR_W2_D2_M1,1,Sakura
8,5379,1,4,0,0,1,0,6,Damage,1,EMEA_S1_RR_W2_D2_M1,2,Virtuspro
9,3484,0,7,500,0,1,0,5,Damage,1,EMEA_S1_RR_W2_D2_M1,2,Virtuspro
13,5572,1,38,9606,0,0,0,2,Tank,1,EMEA_S1_RR_W2_D2_M1,2,Virtuspro
6,2324,8,5,606,2230,0,0,2,Support,1,EMEA_S1_RR_W2_D2_M1,2,Virtuspro
9,2607,11,5,248,5932,0,0,2,Support,1,EMEA_S1_RR_W2_D2_M1,2,Virtuspro
0,2986,0,9,491,0,4,0,0,Damage,0,EMEA_S1_RR_W2_D2_M1,2,Sakura
2,4476,0,4,0,0,2,1,2,Damage,0,EMEA_S1_RR_W2_D2_M1,2,Sakura
0,3768,0,44,6237,232,4,0,0,Tank,0,EMEA_S1_RR_W2_D2_M1,2,Sakura
0,934,0,16,248,5967,4,0,0,Support,0,EMEA_S1_RR_W2_D2_M1,2,Sakura
1,1518,1,42,811,2267,3,0,0,Support,0,EMEA_S1_RR_W2_D2_M1,2,Sakura
16,6635,3,17,220,0,5,1,6,Damage,1,EMEA_S1_RR_W2_D2_M1,3,Virtuspro
21,6520,2,44,984,0,3,3,10,Damage,1,EMEA_S1_RR_W2_D2_M1,3,Virtuspro
19,8710,6,30,7036,0,3,1,6,Tank,1,EMEA_S1_RR_W2_D2_M1,3,Virtuspro
17,4749,15,12,1118,5518,3,0,9,Support,1,EMEA_S1_RR_W2_D2_M1,3,Virtuspro
18,6653,5,22,0,5798,3,0,7,Support,1,EMEA_S1_RR_W2_D2_M1,3,Virtuspro
6,4965,1,27,1069,24,7,0,1,Damage,0,EMEA_S1_RR_W2_D2_M1,3,Sakura
7,4063,0,4,0,0,10,1,4,Damage,0,EMEA_S1_RR_W2_D2_M1,3,Sakura
11,7135,2,56,8689,300,8,3,9,Tank,0,EMEA_S1_RR_W2_D2_M1,3,Sakura
6,2317,7,43,0,7198,7,0,0,Support,0,EMEA_S1_RR_W2_D2_M1,3,Sakura
7,2976,8,43,1089,5298,6,1,3,Support,0,EMEA_S1_RR_W2_D2_M1,3,Sakura
5,6111,0,19,822,0,5,0,2,Damage,0,EMEA_S1_RR_W2_D2_M2,1,Team Peps
4,6485,1,20,0,0,6,0,2,Damage,0,EMEA_S1_RR_W2_D2_M2,1,Team Peps
6,5179,2,48,16275,0,3,1,2,Tank,0,EMEA_S1_RR_W2_D2_M2,1,Team Peps
0,2243,4,20,0,8134,4,0,0,Support,0,EMEA_S1_RR_W2_D2_M2,1,Team Peps
2,3657,3,27,2088,4433,5,0,0,Support,0,EMEA_S1_RR_W2_D2_M2,1,Team Peps
12,5768,1,28,867,0,4,0,0,Damage,1,EMEA_S1_RR_W2_D2_M2,1,Twisted Minds
18,9519,2,9,0,0,0,1,10,Damage,1,EMEA_S1_RR_W2_D2_M2,1,Twisted Minds
15,5878,8,48,15392,0,1,0,7,Tank,1,EMEA_S1_RR_W2_D2_M2,1,Twisted Minds
13,4088,9,30,1822,5005,2,0,2,Support,1,EMEA_S1_RR_W2_D2_M2,1,Twisted Minds
11,3027,16,17,0,9937,0,0,4,Support,1,EMEA_S1_RR_W2_D2_M2,1,Twisted Minds
10,14988,0,35,1672,0,9,0,4,Damage,1,EMEA_S1_RR_W2_D2_M2,2,Team Peps
19,16186,1,39,0,0,8,0,9,Damage,1,EMEA_S1_RR_W2_D2_M2,2,Team Peps
18,10540,10,121,39335,0,10,1,4,Tank,1,EMEA_S1_RR_W2_D2_M2,2,Team Peps
11,6511,15,21,0,19094,7,0,4,Support,1,EMEA_S1_RR_W2_D2_M2,2,Team Peps
12,6759,8,50,3876,10950,11,0,4,Support,1,EMEA_S1_RR_W2_D2_M2,2,Team Peps
31,16783,2,70,1779,0,8,0,11,Damage,0,EMEA_S1_RR_W2_D2_M2,2,Twisted Minds
36,18960,5,28,0,0,4,0,13,Damage,0,EMEA_S1_RR_W2_D2_M2,2,Twisted Minds
26,10545,13,137,38008,0,5,0,12,Tank,0,EMEA_S1_RR_W2_D2_M2,2,Twisted Minds
21,7299,24,54,3250,14238,4,0,4,Support,0,EMEA_S1_RR_W2_D2_M2,2,Twisted Minds
8,6205,35,29,0,20139,5,0,3,Support,0,EMEA_S1_RR_W2_D2_M2,2,Twisted Minds
8,7415,0,32,955,0,7,0,5,Damage,0,EMEA_S1_RR_W2_D2_M2,3,Team Peps
12,11247,0,44,0,0,1,0,4,Damage,0,EMEA_S1_RR_W2_D2_M2,3,Team Peps
12,5478,7,113,22461,0,4,0,5,Tank,0,EMEA_S1_RR_W2_D2_M2,3,Team Peps
9,4758,10,64,0,12608,3,0,2,Support,0,EMEA_S1_RR_W2_D2_M2,3,Team Peps
6,4886,10,71,2704,8417,5,0,1,Support,0,EMEA_S1_RR_W2_D2_M2,3,Team Peps
13,11375,1,114,996,0,3,0,1,Damage,1,EMEA_S1_RR_W2_D2_M2,3,Twisted Minds
14,10307,3,65,0,0,2,0,7,Damage,1,EMEA_S1_RR_W2_D2_M2,3,Twisted Minds
16,7721,9,171,19626,0,4,0,7,Tank,1,EMEA_S1_RR_W2_D2_M2,3,Twisted Minds
15,3985,12,82,2224,9297,3,0,4,Support,1,EMEA_S1_RR_W2_D2_M2,3,Twisted Minds
5,2705,15,97,0,11773,5,0,1,Support,1,EMEA_S1_RR_W2_D2_M2,3,Twisted Minds
7,4685,0,7,0,0,4,1,5,Damage,0,EMEA_S1_RR_W2_D2_M2,4,Team Peps
4,7449,1,120,11420,0,3,0,1,Tank,0,EMEA_S1_RR_W2_D2_M2,4,Team Peps
3,1572,3,17,449,11341,3,0,0,Support,0,EMEA_S1_RR_W2_D2_M2,4,Team Peps
1,1846,4,18,2096,3893,7,0,0,Support,0,EMEA_S1_RR_W2_D2_M2,4,Team Peps
2,4440,0,29,0,0,4,0,2,Damage,0,EMEA_S1_RR_W2_D2_M2,4,Team Peps
11,5491,2,40,1146,0,2,2,7,Damage,1,EMEA_S1_RR_W2_D2_M2,4,Twisted Minds
10,7434,1,4,0,0,3,1,6,Damage,1,EMEA_S1_RR_W2_D2_M2,4,Twisted Minds
11,8203,2,60,8067,0,1,0,4,Tank,1,EMEA_S1_RR_W2_D2_M2,4,Twisted Minds
8,1887,9,54,242,8217,2,0,1,Support,1,EMEA_S1_RR_W2_D2_M2,4,Twisted Minds
9,5691,4,5,0,4383,0,0,3,Support,1,EMEA_S1_RR_W2_D2_M2,4,Twisted Minds
40,11959,0,60,2317,0,7,3,17,Damage,0,EMEA_S1_RR_W2_D3_M1,1,Vision Esports
22,9440,3,46,424,0,7,0,10,Damage,0,EMEA_S1_RR_W2_D3_M1,1,Vision Esports
33,10196,5,80,7115,0,8,0,11,Tank,0,EMEA_S1_RR_W2_D3_M1,1,Vision Esports
22,4294,28,23,0,12520,8,0,7,Support,0,EMEA_S1_RR_W2_D3_M1,1,Vision Esports
21,4971,25,29,1617,5545,8,0,2,Support,0,EMEA_S1_RR_W2_D3_M1,1,Vision Esports
23,9904,1,50,769,0,8,0,9,Damage,1,EMEA_S1_RR_W2_D3_M1,1,Team Peps
18,6800,0,21,1792,0,12,0,5,Damage,1,EMEA_S1_RR_W2_D3_M1,1,Team Peps
28,11864,7,91,8306,0,9,0,9,Tank,1,EMEA_S1_RR_W2_D3_M1,1,Team Peps
18,4638,15,40,2709,4669,10,0,7,Support,1,EMEA_S1_RR_W2_D3_M1,1,Team Peps
19,4462,24,26,193,11858,9,1,7,Support,1,EMEA_S1_RR_W2_D3_M1,1,Team Peps
5,3934,0,30,65,0,5,2,5,Damage,0,EMEA_S1_RR_W2_D3_M1,2,Vision Esports
2,2266,0,8,0,0,5,1,2,Damage,0,EMEA_S1_RR_W2_D3_M1,2,Vision Esports
3,5587,2,114,8833,0,3,0,0,Tank,0,EMEA_S1_RR_W2_D3_M1,2,Vision Esports
1,3105,2,4,0,3093,4,0,0,Support,0,EMEA_S1_RR_W2_D3_M1,2,Vision Esports
3,1876,3,1,43,5885,5,0,0,Support,0,EMEA_S1_RR_W2_D3_M1,2,Vision Esports
9,3123,3,0,0,0,3,1,4,Damage,1,EMEA_S1_RR_W2_D3_M1,2,Team Peps
13,5223,1,15,250,0,1,0,6,Damage,1,EMEA_S1_RR_W2_D3_M1,2,Team Peps
8,6776,2,99,10222,0,2,0,4,Tank,1,EMEA_S1_RR_W2_D3_M1,2,Team Peps
11,3716,2,19,0,2521,1,1,4,Support,1,EMEA_S1_RR_W2_D3_M1,2,Team Peps
9,1913,8,12,77,7523,0,0,4,Support,1,EMEA_S1_RR_W2_D3_M1,2,Team Peps
11,9330,0,52,2315,310,7,1,6,Damage,0,EMEA_S1_RR_W2_D3_M1,3,Vision Esports
15,8813,1,44,0,0,7,1,6,Damage,0,EMEA_S1_RR_W2_D3_M1,3,Vision Esports
17,8525,3,162,12641,0,7,0,7,Tank,0,EMEA_S1_RR_W2_D3_M1,3,Vision Esports
13,5476,9,48,0,14453,5,0,2,Support,0,EMEA_S1_RR_W2_D3_M1,3,Vision Esports
12,4252,10,72,1994,6225,9,0,3,Support,0,EMEA_S1_RR_W2_D3_M1,3,Vision Esports
26,13113,2,51,0,0,4,4,18,Damage,1,EMEA_S1_RR_W2_D3_M1,3,Team Peps
10,8370,3,89,1166,0,7,0,3,Damage,1,EMEA_S1_RR_W2_D3_M1,3,Team Peps
19,12293,8,180,18083,400,3,0,7,Tank,1,EMEA_S1_RR_W2_D3_M1,3,Team Peps
13,4771,18,81,2924,6394,6,0,2,Support,1,EMEA_S1_RR_W2_D3_M1,3,Team Peps
19,3737,18,98,0,13260,4,0,5,Support,1,EMEA_S1_RR_W2_D3_M1,3,Team Peps
20,7954,1,27,4194,473,3,0,9,Damage,1,EMEA_S1_RR_W2_D3_M2,1,GenG
19,5982,0,30,0,434,4,0,7,Damage,1,EMEA_S1_RR_W2_D3_M2,1,GenG
27,8904,7,44,11568,0,1,1,11,Tank,1,EMEA_S1_RR_W2_D3_M2,1,GenG
19,5943,25,17,624,11350,2,0,2,Support,1,EMEA_S1_RR_W2_D3_M2,1,GenG
16,4866,12,22,431,4481,3,0,3,Support,1,EMEA_S1_RR_W2_D3_M2,1,GenG
5,10366,0,33,1094,0,7,0,0,Damage,0,EMEA_S1_RR_W2_D3_M2,1,Al qadsiah
6,7114,0,11,0,0,8,1,4,Damage,0,EMEA_S1_RR_W2_D3_M2,1,Al qadsiah
7,7904,2,67,10232,0,7,0,3,Tank,0,EMEA_S1_RR_W2_D3_M2,1,Al qadsiah
5,5339,4,34,105,9303,7,2,2,Support,0,EMEA_S1_RR_W2_D3_M2,1,Al qadsiah
6,3785,2,24,332,5550,7,0,4,Support,0,EMEA_S1_RR_W2_D3_M2,1,Al qadsiah
14,7618,1,37,1439,102,5,0,9,Damage,1,EMEA_S1_RR_W2_D3_M2,2,GenG
22,7736,0,33,0,0,2,1,9,Damage,1,EMEA_S1_RR_W2_D3_M2,2,GenG
18,6829,2,36,6908,0,1,3,10,Tank,1,EMEA_S1_RR_W2_D3_M2,2,GenG
8,5488,11,20,0,5332,5,0,3,Support,1,EMEA_S1_RR_W2_D3_M2,2,GenG
12,4572,12,35,1153,3764,4,0,1,Support,1,EMEA_S1_RR_W2_D3_M2,2,GenG
9,8078,0,20,533,0,6,0,1,Damage,0,EMEA_S1_RR_W2_D3_M2,2,Al qadsiah
9,8512,0,26,0,0,7,1,6,Damage,0,EMEA_S1_RR_W2_D3_M2,2,Al qadsiah
12,7004,4,78,12327,0,5,1,7,Tank,0,EMEA_S1_RR_W2_D3_M2,2,Al qadsiah
5,4077,9,15,0,8278,7,1,3,Support,0,EMEA_S1_RR_W2_D3_M2,2,Al qadsiah
5,3977,9,17,1726,6005,7,0,0,Support,0,EMEA_S1_RR_W2_D3_M2,2,Al qadsiah
15,8209,1,75,2442,0,7,0,7,Damage,1,EMEA_S1_RR_W2_D3_M2,3,GenG
17,8036,0,48,0,0,6,1,8,Damage,1,EMEA_S1_RR_W2_D3_M2,3,GenG
16,5803,7,113,15859,0,6,0,6,Tank,1,EMEA_S1_RR_W2_D3_M2,3,GenG
8,6872,12,34,0,7826,7,1,5,Support,1,EMEA_S1_RR_W2_D3_M2,3,GenG
12,5700,9,43,2075,5567,7,0,2,Support,1,EMEA_S1_RR_W2_D3_M2,3,GenG
18,9830,0,99,1140,0,7,1,6,Damage,0,EMEA_S1_RR_W2_D3_M2,3,Al qadsiah
22,7308,0,134,0,0,6,0,6,Damage,0,EMEA_S1_RR_W2_D3_M2,3,Al qadsiah
24,8591,11,183,12233,0,5,0,11,Tank,0,EMEA_S1_RR_W2_D3_M2,3,Al qadsiah
14,5281,20,104,0,9037,5,1,7,Support,0,EMEA_S1_RR_W2_D3_M2,3,Al qadsiah
9,4702,11,191,2558,6524,5,0,3,Support,0,EMEA_S1_RR_W2_D3_M2,3,Al qadsiah
8,7352,1,12,90,0,8,0,2,Damage,0,EMEA_S1_RR_W3_D1_M1,1,Sakura
7,5692,0,46,437,0,7,1,3,Damage,0,EMEA_S1_RR_W3_D1_M1,1,Sakura
8,6662,1,61,9220,0,7,0,3,Tank,0,EMEA_S1_RR_W3_D1_M1,1,Sakura
2,2774,6,8,193,7282,8,0,0,Support,0,EMEA_S1_RR_W3_D1_M1,1,Sakura
7,4553,6,44,1104,4174,8,0,2,Support,0,EMEA_S1_RR_W3_D1_M1,1,Sakura
24,6807,1,63,593,0,2,0,7,Damage,1,EMEA_S1_RR_W3_D1_M1,1,Twisted Minds
20,7105,1,17,0,0,5,0,8,Damage,1,EMEA_S1_RR_W3_D1_M1,1,Twisted Minds
30,9690,9,70,6535,657,1,1,10,Tank,1,EMEA_S1_RR_W3_D1_M1,1,Twisted Minds
23,5511,23,41,1410,4901,3,1,1,Support,1,EMEA_S1_RR_W3_D1_M1,1,Twisted Minds
18,2616,17,34,0,10035,1,0,6,Support,1,EMEA_S1_RR_W3_D1_M1,1,Twisted Minds
4,3735,0,20,0,0,7,0,2,Damage,0,EMEA_S1_RR_W3_D1_M1,2,Sakura
6,3006,0,42,0,179,6,1,3,Damage,0,EMEA_S1_RR_W3_D1_M1,2,Sakura
6,4140,4,84,4031,0,8,1,2,Tank,0,EMEA_S1_RR_W3_D1_M1,2,Sakura
4,2365,3,5,0,3892,8,1,2,Support,0,EMEA_S1_RR_W3_D1_M1,2,Sakura
3,1913,3,13,273,2618,7,0,1,Support,0,EMEA_S1_RR_W3_D1_M1,2,Sakura
22,4402,0,26,0,0,1,0,9,Damage,1,EMEA_S1_RR_W3_D1_M1,2,Twisted Minds
23,6549,2,23,0,0,2,1,12,Damage,1,EMEA_S1_RR_W3_D1_M1,2,Twisted Minds
22,4868,4,45,3106,0,5,1,7,Tank,1,EMEA_S1_RR_W3_D1_M1,2,Twisted Minds
18,3508,20,43,825,3317,1,0,3,Support,1,EMEA_S1_RR_W3_D1_M1,2,Twisted Minds
19,2198,14,8,0,4761,1,0,5,Support,1,EMEA_S1_RR_W3_D1_M1,2,Twisted Minds
4,5450,0,7,168,0,11,1,4,Damage,0,EMEA_S1_RR_W3_D1_M1,3,Sakura
6,5770,0,33,431,0,9,1,4,Damage,0,EMEA_S1_RR_W3_D1_M1,3,Sakura
7,7758,1,129,13879,0,9,0,2,Tank,0,EMEA_S1_RR_W3_D1_M1,3,Sakura
2,3438,2,1,57,6791,12,0,1,Support,0,EMEA_S1_RR_W3_D1_M1,3,Sakura
6,3747,3,19,907,3958,9,0,2,Support,0,EMEA_S1_RR_W3_D1_M1,3,Sakura
33,8966,0,113,1387,0,2,3,20,Damage,1,EMEA_S1_RR_W3_D1_M1,3,Twisted Minds
16,5299,7,13,0,6,8,7,10,Damage,1,EMEA_S1_RR_W3_D1_M1,3,Twisted Minds
31,10719,22,121,12742,0,0,1,7,Tank,1,EMEA_S1_RR_W3_D1_M1,3,Twisted Minds
16,5385,14,142,1231,5375,2,0,6,Support,1,EMEA_S1_RR_W3_D1_M1,3,Twisted Minds
19,3741,16,87,0,10414,1,0,7,Support,1,EMEA_S1_RR_W3_D1_M1,3,Twisted Minds
24,11135,0,38,0,0,2,0,6,Damage,1,EMEA_S1_PO_UBSF_M1,1,Virtuspro
23,7819,0,52,1505,187,4,0,11,Damage,1,EMEA_S1_PO_UBSF_M1,1,Virtuspro
17,11793,10,97,4902,2910,5,0,6,Tank,1,EMEA_S1_PO_UBSF_M1,1,Virtuspro
21,2982,13,23,0,10891,3,0,4,Support,1,EMEA_S1_PO_UBSF_M1,1,Virtuspro
19,5875,24,45,3649,7741,5,0,4,Support,1,EMEA_S1_PO_UBSF_M1,1,Virtuspro
14,8315,4,12,0,0,10,1,6,Damage,0,EMEA_S1_PO_UBSF_M1,1,GenG
13,9383,0,57,0,0,6,0,4,Damage,0,EMEA_S1_PO_UBSF_M1,1,GenG
15,10466,6,73,4997,2501,5,0,6,Tank,0,EMEA_S1_PO_UBSF_M1,1,GenG
11,3662,18,37,4936,7368,5,0,0,Support,0,EMEA_S1_PO_UBSF_M1,1,GenG
14,2218,13,28,0,14800,5,0,1,Support,0,EMEA_S1_PO_UBSF_M1,1,GenG
29,13822,0,17,0,0,5,1,11,Damage,1,EMEA_S1_PO_UBSF_M1,2,Virtuspro
30,10408,0,60,4304,414,6,0,12,Damage,1,EMEA_S1_PO_UBSF_M1,2,Virtuspro
34,13740,20,84,6640,2949,6,0,11,Tank,1,EMEA_S1_PO_UBSF_M1,2,Virtuspro
16,3494,21,34,0,14365,5,0,2,Support,1,EMEA_S1_PO_UBSF_M1,2,Virtuspro
17,4525,27,43,4207,8189,7,0,4,Support,1,EMEA_S1_PO_UBSF_M1,2,Virtuspro
22,10492,2,54,5515,230,7,0,8,Damage,0,EMEA_S1_PO_UBSF_M1,2,GenG
20,12143,0,48,0,0,9,0,7,Damage,0,EMEA_S1_PO_UBSF_M1,2,GenG
20,12377,12,135,6886,4030,7,0,9,Tank,0,EMEA_S1_PO_UBSF_M1,2,GenG
14,3196,22,65,6349,8295,8,0,1,Support,0,EMEA_S1_PO_UBSF_M1,2,GenG
20,3906,20,36,0,13852,9,0,2,Support,0,EMEA_S1_PO_UBSF_M1,2,GenG
31,13280,0,74,0,0,8,0,11,Damage,0,EMEA_S1_PO_UBSF_M1,3,Virtuspro
29,9600,1,85,1995,262,8,0,15,Damage,0,EMEA_S1_PO_UBSF_M1,3,Virtuspro
32,16427,27,180,9883,3061,8,0,7,Tank,0,EMEA_S1_PO_UBSF_M1,3,Virtuspro
21,3626,27,77,0,11384,6,0,3,Support,0,EMEA_S1_PO_UBSF_M1,3,Virtuspro
27,6210,35,137,4232,8914,10,0,9,Support,0,EMEA_S1_PO_UBSF_M1,3,Virtuspro
32,10947,0,143,1865,106,8,1,19,Damage,1,EMEA_S1_PO_UBSF_M1,3,GenG
27,11346,0,93,0,0,10,0,11,Damage,1,EMEA_S1_PO_UBSF_M1,3,GenG
26,15851,20,397,9145,4906,7,1,7,Tank,1,EMEA_S1_PO_UBSF_M1,3,GenG
14,3637,24,139,6141,8961,12,0,3,Support,1,EMEA_S1_PO_UBSF_M1,3,GenG
15,2819,31,158,0,13782,8,0,0,Support,1,EMEA_S1_PO_UBSF_M1,3,GenG
38,20604,0,97,0,0,5,0,16,Damage,1,EMEA_S1_PO_UBSF_M1,4,Virtuspro
36,13523,0,166,1336,485,6,0,14,Damage,1,EMEA_S1_PO_UBSF_M1,4,Virtuspro
38,19710,36,436,11052,5036,5,1,9,Tank,1,EMEA_S1_PO_UBSF_M1,4,Virtuspro
29,6574,33,185,0,16726,3,0,8,Support,1,EMEA_S1_PO_UBSF_M1,4,Virtuspro
37,9404,46,277,6289,14008,6,1,9,Support,1,EMEA_S1_PO_UBSF_M1,4,Virtuspro
20,11949,0,151,2283,166,11,0,5,Damage,0,EMEA_S1_PO_UBSF_M1,4,GenG
24,14971,0,139,0,0,11,0,12,Damage,0,EMEA_S1_PO_UBSF_M1,4,GenG
16,16822,14,499,11234,5126,13,0,3,Tank,0,EMEA_S1_PO_UBSF_M1,4,GenG
16,6393,21,175,10791,14067,10,0,2,Support,0,EMEA_S1_PO_UBSF_M1,4,GenG
12,4248,20,141,0,20847,12,0,3,Support,0,EMEA_S1_PO_UBSF_M1,4,GenG
18,8556,0,13,0,0,8,0,9,Damage,0,EMEA_S1_PO_UBSF_M2,1,Team Peps
10,5544,2,16,672,501,10,0,3,Damage,0,EMEA_S1_PO_UBSF_M2,1,Team Peps
13,15928,11,130,9002,4142,7,0,3,Tank,0,EMEA_S1_PO_UBSF_M2,1,Team Peps
13,4438,12,23,339,6729,9,0,1,Support,0,EMEA_S1_PO_UBSF_M2,1,Team Peps
11,2603,11,13,0,10893,7,1,6,Support,0,EMEA_S1_PO_UBSF_M2,1,Team Peps
34,12998,0,35,0,0,2,1,19,Damage,1,EMEA_S1_PO_UBSF_M2,1,Al qadsiah
24,10491,5,18,781,0,5,0,12,Damage,1,EMEA_S1_PO_UBSF_M2,1,Al qadsiah
22,12491,14,77,9614,2393,5,1,6,Tank,1,EMEA_S1_PO_UBSF_M2,1,Al qadsiah
15,4310,20,26,0,12029,6,0,2,Support,1,EMEA_S1_PO_UBSF_M2,1,Al qadsiah
15,3363,27,29,2997,8418,6,0,2,Support,1,EMEA_S1_PO_UBSF_M2,1,Al qadsiah
11,8540,0,4,0,0,8,1,2,Damage,0,EMEA_S1_PO_UBSF_M2,2,Team Peps
12,5483,0,30,1847,85,8,0,9,Damage,0,EMEA_S1_PO_UBSF_M2,2,Team Peps
12,9335,9,66,4694,1457,6,0,4,Tank,0,EMEA_S1_PO_UBSF_M2,2,Team Peps
10,4216,15,18,1252,5789,6,0,3,Support,0,EMEA_S1_PO_UBSF_M2,2,Team Peps
12,2403,12,8,0,8472,7,0,1,Support,0,EMEA_S1_PO_UBSF_M2,2,Team Peps
17,9283,0,21,0,0,5,0,9,Damage,1,EMEA_S1_PO_UBSF_M2,2,Al qadsiah
21,8483,1,25,2172,53,2,1,9,Damage,1,EMEA_S1_PO_UBSF_M2,2,Al qadsiah
18,7575,6,26,9210,952,6,1,7,Tank,1,EMEA_S1_PO_UBSF_M2,2,Al qadsiah
17,3277,18,29,0,11144,3,0,4,Support,1,EMEA_S1_PO_UBSF_M2,2,Al qadsiah
16,2449,22,28,3427,5541,3,0,4,Support,1,EMEA_S1_PO_UBSF_M2,2,Al qadsiah
17,14384,0,81,0,0,7,0,4,Damage,0,EMEA_S1_PO_UBSF_M2,3,Team Peps
23,8296,0,107,4181,2,12,2,13,Damage,0,EMEA_S1_PO_UBSF_M2,3,Team Peps
25,16042,6,127,21457,523,7,1,12,Tank,0,EMEA_S1_PO_UBSF_M2,3,Team Peps
14,7696,16,111,0,14802,7,0,5,Support,0,EMEA_S1_PO_UBSF_M2,3,Team Peps
10,7724,14,135,2578,10603,9,1,2,Support,0,EMEA_S1_PO_UBSF_M2,3,Team Peps
32,15691,0,58,0,0,7,1,14,Damage,1,EMEA_S1_PO_UBSF_M2,3,Al qadsiah
27,11088,1,47,4843,194,9,0,10,Damage,1,EMEA_S1_PO_UBSF_M2,3,Al qadsiah
26,11879,18,83,27843,1547,7,1,6,Tank,1,EMEA_S1_PO_UBSF_M2,3,Al qadsiah
24,4665,21,83,0,17882,9,0,10,Support,1,EMEA_S1_PO_UBSF_M2,3,Al qadsiah
15,6010,19,176,2785,10759,5,0,2,Support,1,EMEA_S1_PO_UBSF_M2,3,Al qadsiah
25,16138,0,76,0,0,11,1,10,Damage,0,EMEA_S1_PO_LBQF_M1,1,Team Peps
25,12127,1,131,2610,184,10,2,11,Damage,0,EMEA_S1_PO_LBQF_M1,1,Team Peps
24,19324,13,312,13746,7015,10,0,8,Tank,0,EMEA_S1_PO_LBQF_M1,1,Team Peps
21,6550,20,52,0,17218,11,0,3,Support,0,EMEA_S1_PO_LBQF_M1,1,Team Peps
19,7461,25,98,5245,14027,10,0,5,Support,0,EMEA_S1_PO_LBQF_M1,1,Team Peps
33,14616,0,115,2033,442,6,0,16,Damage,1,EMEA_S1_PO_LBQF_M1,1,The Ultimates
32,15355,0,76,0,0,8,0,14,Damage,1,EMEA_S1_PO_LBQF_M1,1,The Ultimates
33,23084,26,319,11220,6766,8,0,10,Tank,1,EMEA_S1_PO_LBQF_M1,1,The Ultimates
25,7769,39,72,6590,12639,8,0,7,Support,1,EMEA_S1_PO_LBQF_M1,1,The Ultimates
29,6163,37,63,0,20237,7,0,5,Support,1,EMEA_S1_PO_LBQF_M1,1,The Ultimates
25,12208,0,52,0,0,4,3,15,Damage,1,EMEA_S1_PO_LBQF_M1,2,Team Peps
24,10830,1,101,3210,51,5,0,10,Damage,1,EMEA_S1_PO_LBQF_M1,2,Team Peps
33,11360,15,159,16709,746,3,0,16,Tank,1,EMEA_S1_PO_LBQF_M1,2,Team Peps
20,6020,37,98,0,15342,3,0,3,Support,1,EMEA_S1_PO_LBQF_M1,2,Team Peps
27,7586,29,212,2521,7495,3,0,6,Support,1,EMEA_S1_PO_LBQF_M1,2,Team Peps
9,11507,0,63,4549,217,9,1,5,Damage,0,EMEA_S1_PO_LBQF_M1,2,The Ultimates
9,9220,0,26,0,0,9,0,4,Damage,0,EMEA_S1_PO_LBQF_M1,2,The Ultimates
10,12781,3,249,6095,3432,10,1,7,Tank,0,EMEA_S1_PO_LBQF_M1,2,The Ultimates
5,3508,9,20,0,13087,11,0,1,Support,0,EMEA_S1_PO_LBQF_M1,2,The Ultimates
4,4682,9,38,1459,8063,11,0,1,Support,0,EMEA_S1_PO_LBQF_M1,2,The Ultimates
36,13871,0,21,0,0,11,2,19,Damage,0,EMEA_S1_PO_LBQF_M1,3,Team Peps
28,9156,0,71,717,183,11,0,13,Damage,0,EMEA_S1_PO_LBQF_M1,3,Team Peps
39,16418,9,104,16008,1144,11,2,13,Tank,0,EMEA_S1_PO_LBQF_M1,3,Team Peps
17,3483,28,23,0,14427,13,0,2,Support,0,EMEA_S1_PO_LBQF_M1,3,Team Peps
18,4263,37,23,4828,10688,16,0,2,Support,0,EMEA_S1_PO_LBQF_M1,3,Team Peps
45,15251,0,77,1405,320,9,0,25,Damage,1,EMEA_S1_PO_LBQF_M1,3,The Ultimates
40,12043,0,39,0,0,11,0,8,Damage,1,EMEA_S1_PO_LBQF_M1,3,The Ultimates
47,18149,12,90,19198,1408,8,1,22,Tank,1,EMEA_S1_PO_LBQF_M1,3,The Ultimates
19,4843,36,27,0,13530,11,0,3,Support,1,EMEA_S1_PO_LBQF_M1,3,The Ultimates
25,4557,44,39,4014,9584,10,0,4,Support,1,EMEA_S1_PO_LBQF_M1,3,The Ultimates
14,8920,0,21,0,0,8,2,4,Damage,0,EMEA_S1_PO_LBQF_M1,4,Team Peps
18,8828,0,156,3306,84,6,2,14,Damage,0,EMEA_S1_PO_LBQF_M1,4,Team Peps
10,9952,7,189,6304,2130,8,1,4,Tank,0,EMEA_S1_PO_LBQF_M1,4,Team Peps
6,4310,11,86,40,8761,5,0,3,Support,0,EMEA_S1_PO_LBQF_M1,4,Team Peps
10,4087,14,93,1184,7735,4,0,2,Support,0,EMEA_S1_PO_LBQF_M1,4,Team Peps
22,8680,0,27,2280,163,6,1,12,Damage,1,EMEA_S1_PO_LBQF_M1,4,The Ultimates
21,9688,0,32,0,0,7,0,6,Damage,1,EMEA_S1_PO_LBQF_M1,4,The Ultimates
17,11912,6,187,7692,4756,4,1,8,Tank,1,EMEA_S1_PO_LBQF_M1,4,The Ultimates
14,2207,18,16,0,9959,6,0,1,Support,1,EMEA_S1_PO_LBQF_M1,4,The Ultimates
11,3899,13,18,1674,7570,4,0,4,Support,1,EMEA_S1_PO_LBQF_M1,4,The Ultimates
5,4129,0,24,1152,149,8,0,2,Damage,0,EMEA_S1_PO_LBQF_M2,1,GenG
4,4505,0,28,0,0,7,0,0,Damage,0,EMEA_S1_PO_LBQF_M2,1,GenG
5,7632,3,44,4008,1238,5,0,1,Tank,0,EMEA_S1_PO_LBQF_M2,1,GenG
5,1894,2,21,2775,4217,7,0,4,Support,0,EMEA_S1_PO_LBQF_M2,1,GenG
3,940,7,8,0,7563,4,0,1,Support,0,EMEA_S1_PO_LBQF_M2,1,GenG
20,7133,0,18,0,0,2,0,7,Damage,1,EMEA_S1_PO_LBQF_M2,1,Twisted Minds
20,6361,3,21,0,0,2,0,8,Damage,1,EMEA_S1_PO_LBQF_M2,1,Twisted Minds
17,9234,10,66,4007,1925,1,0,6,Tank,1,EMEA_S1_PO_LBQF_M2,1,Twisted Minds
18,2281,19,27,1810,4260,1,1,7,Support,1,EMEA_S1_PO_LBQF_M2,1,Twisted Minds
10,1270,15,14,0,7102,2,0,2,Support,1,EMEA_S1_PO_LBQF_M2,1,Twisted Minds
7,6562,0,4,0,184,5,0,1,Damage,0,EMEA_S1_PO_LBQF_M2,2,GenG
4,6681,0,10,0,0,8,0,2,Damage,0,EMEA_S1_PO_LBQF_M2,2,GenG
4,11725,2,77,5846,2527,5,0,2,Tank,0,EMEA_S1_PO_LBQF_M2,2,GenG
3,2948,6,21,819,3903,7,0,2,Support,0,EMEA_S1_PO_LBQF_M2,2,GenG
4,1706,4,19,0,8804,6,0,1,Support,0,EMEA_S1_PO_LBQF_M2,2,GenG
20,8859,0,13,0,0,3,0,6,Damage,1,EMEA_S1_PO_LBQF_M2,2,Twisted Minds
23,7376,1,54,468,317,1,0,11,Damage,1,EMEA_S1_PO_LBQF_M2,2,Twisted Minds
21,10289,15,69,4821,1618,2,0,8,Tank,1,EMEA_S1_PO_LBQF_M2,2,Twisted Minds
12,3195,18,33,4391,5791,2,0,5,Support,1,EMEA_S1_PO_LBQF_M2,2,Twisted Minds
10,1084,18,15,0,12482,0,0,1,Support,1,EMEA_S1_PO_LBQF_M2,2,Twisted Minds
8,7780,0,28,312,318,7,1,5,Damage,0,EMEA_S1_PO_LBQF_M2,3,GenG
6,7212,0,37,0,0,7,0,2,Damage,0,EMEA_S1_PO_LBQF_M2,3,GenG
3,8960,0,127,12336,300,10,0,2,Tank,0,EMEA_S1_PO_LBQF_M2,3,GenG
4,3105,4,6,326,8185,11,0,1,Support,0,EMEA_S1_PO_LBQF_M2,3,GenG
3,4108,4,48,5321,6530,10,0,1,Support,0,EMEA_S1_PO_LBQF_M2,3,GenG
23,9788,3,11,0,0,3,2,12,Damage,1,EMEA_S1_PO_LBQF_M2,3,Twisted Minds
32,8836,0,77,0,0,2,0,11,Damage,1,EMEA_S1_PO_LBQF_M2,3,Twisted Minds
29,10098,13,129,12086,296,2,1,14,Tank,1,EMEA_S1_PO_LBQF_M2,3,Twisted Minds
20,6053,22,66,949,9277,3,0,3,Support,1,EMEA_S1_PO_LBQF_M2,3,Twisted Minds
18,4605,31,237,3856,10967,1,0,5,Support,1,EMEA_S1_PO_LBQF_M2,3,Twisted Minds
25,15036,0,72,0,0,6,1,8,Damage,1,EMEA_S1_PO_UBF_M1,1,Virtuspro
25,9869,0,85,1537,544,6,0,13,Damage,1,EMEA_S1_PO_UBF_M1,1,Virtuspro
29,15753,20,202,8570,3871,6,0,7,Tank,1,EMEA_S1_PO_UBF_M1,1,Virtuspro
21,4500,25,59,0,13721,6,0,2,Support,1,EMEA_S1_PO_UBF_M1,1,Virtuspro
24,6658,28,80,3736,9060,5,1,11,Support,1,EMEA_S1_PO_UBF_M1,1,Virtuspro
21,12685,0,36,0,0,9,0,8,Damage,0,EMEA_S1_PO_UBF_M1,1,Al qadsiah
21,9612,0,52,1983,396,9,0,5,Damage,0,EMEA_S1_PO_UBF_M1,1,Al qadsiah
23,13279,12,106,7447,3496,7,0,10,Tank,0,EMEA_S1_PO_UBF_M1,1,Al qadsiah
14,3479,18,35,0,16883,7,0,2,Support,0,EMEA_S1_PO_UBF_M1,1,Al qadsiah
12,3444,25,42,5230,10626,9,0,3,Support,0,EMEA_S1_PO_UBF_M1,1,Al qadsiah
15,10280,0,41,0,0,11,1,5,Damage,0,EMEA_S1_PO_UBF_M1,2,Virtuspro
27,9350,0,153,2672,319,8,0,14,Damage,0,EMEA_S1_PO_UBF_M1,2,Virtuspro
30,15355,17,380,6884,4475,7,1,14,Tank,0,EMEA_S1_PO_UBF_M1,2,Virtuspro
23,4279,27,121,0,10604,8,0,0,Support,0,EMEA_S1_PO_UBF_M1,2,Virtuspro
24,5312,29,149,3732,7322,11,0,4,Support,0,EMEA_S1_PO_UBF_M1,2,Virtuspro
37,12563,0,71,0,0,6,0,12,Damage,1,EMEA_S1_PO_UBF_M1,2,Al qadsiah
34,8838,0,96,934,399,8,0,13,Damage,1,EMEA_S1_PO_UBF_M1,2,Al qadsiah
28,13578,20,187,9807,3008,7,0,9,Tank,1,EMEA_S1_PO_UBF_M1,2,Al qadsiah
24,4687,25,101,0,13094,7,0,6,Support,1,EMEA_S1_PO_UBF_M1,2,Al qadsiah
22,4764,37,139,4753,8897,9,0,5,Support,1,EMEA_S1_PO_UBF_M1,2,Al qadsiah
26,12424,0,70,190,0,8,0,9,Damage,1,EMEA_S1_PO_UBF_M1,3,Virtuspro
30,12402,1,55,546,0,4,0,12,Damage,1,EMEA_S1_PO_UBF_M1,3,Virtuspro
35,11254,21,209,22338,672,4,0,11,Tank,1,EMEA_S1_PO_UBF_M1,3,Virtuspro
17,6178,29,140,1012,14367,3,0,5,Support,1,EMEA_S1_PO_UBF_M1,3,Virtuspro
22,8629,31,258,7269,12074,7,1,13,Support,1,EMEA_S1_PO_UBF_M1,3,Virtuspro
19,12818,7,143,2962,529,11,1,8,Damage,0,EMEA_S1_PO_UBF_M1,3,Al qadsiah
20,10464,4,103,5017,279,9,1,3,Damage,0,EMEA_S1_PO_UBF_M1,3,Al qadsiah
19,11756,9,136,20795,701,8,0,8,Tank,0,EMEA_S1_PO_UBF_M1,3,Al qadsiah
8,4945,8,34,1057,13243,11,0,4,Support,0,EMEA_S1_PO_UBF_M1,3,Al qadsiah
10,4211,8,128,2573,9713,11,0,3,Support,0,EMEA_S1_PO_UBF_M1,3,Al qadsiah
35,16727,0,33,0,0,7,0,10,Damage,1,EMEA_S1_PO_UBF_M1,4,Virtuspro
33,13215,0,83,2527,293,6,0,21,Damage,1,EMEA_S1_PO_UBF_M1,4,Virtuspro
37,19002,27,185,10230,4917,4,1,8,Tank,1,EMEA_S1_PO_UBF_M1,4,Virtuspro
15,3111,27,25,0,18290,8,0,1,Support,1,EMEA_S1_PO_UBF_M1,4,Virtuspro
21,5194,31,38,5839,10636,10,1,6,Support,1,EMEA_S1_PO_UBF_M1,4,Virtuspro
27,14832,0,49,0,0,8,1,11,Damage,0,EMEA_S1_PO_UBF_M1,4,Al qadsiah
21,12174,0,58,1986,633,10,0,10,Damage,0,EMEA_S1_PO_UBF_M1,4,Al qadsiah
22,19633,17,87,9864,4400,10,0,7,Tank,0,EMEA_S1_PO_UBF_M1,4,Al qadsiah
15,4121,18,44,0,19096,10,0,6,Support,0,EMEA_S1_PO_UBF_M1,4,Al qadsiah
13,3816,29,39,4817,10068,10,0,1,Support,0,EMEA_S1_PO_UBF_M1,4,Al qadsiah
12,9274,3,10,576,0,6,1,7,Damage,0,EMEA_S1_PO_LBSF_M1,1,Twisted Minds
10,8322,0,3,0,0,6,0,2,Damage,0,EMEA_S1_PO_LBSF_M1,1,Twisted Minds
11,9353,13,11,6900,3141,7,0,2,Tank,0,EMEA_S1_PO_LBSF_M1,1,Twisted Minds
9,3412,14,12,2427,5464,4,0,2,Support,0,EMEA_S1_PO_LBSF_M1,1,Twisted Minds
15,3761,9,6,0,8649,5,0,3,Support,0,EMEA_S1_PO_LBSF_M1,1,Twisted Minds
19,7447,0,6,0,0,4,0,4,Damage,1,EMEA_S1_PO_LBSF_M1,1,The Ultimates
23,9205,2,9,190,0,2,0,8,Damage,1,EMEA_S1_PO_LBSF_M1,1,The Ultimates
20,11379,10,38,6616,3309,4,0,7,Tank,1,EMEA_S1_PO_LBSF_M1,1,The Ultimates
14,3190,24,9,4523,6993,5,0,3,Support,1,EMEA_S1_PO_LBSF_M1,1,The Ultimates
18,3350,14,10,0,11369,3,0,5,Support,1,EMEA_S1_PO_LBSF_M1,1,The Ultimates
9,9095,0,44,1133,26,6,2,3,Damage,0,EMEA_S1_PO_LBSF_M1,2,Twisted Minds
14,11000,0,16,0,0,7,0,8,Damage,0,EMEA_S1_PO_LBSF_M1,2,Twisted Minds
18,11666,3,71,17157,66,4,2,11,Tank,0,EMEA_S1_PO_LBSF_M1,2,Twisted Minds
9,3669,18,125,4133,11766,6,0,1,Support,0,EMEA_S1_PO_LBSF_M1,2,Twisted Minds
8,6224,13,27,849,11377,4,0,4,Support,0,EMEA_S1_PO_LBSF_M1,2,Twisted Minds
17,10599,0,15,0,0,6,0,7,Damage,1,EMEA_S1_PO_LBSF_M1,2,The Ultimates
15,11314,0,55,1622,99,6,1,8,Damage,1,EMEA_S1_PO_LBSF_M1,2,The Ultimates
17,10792,5,159,16155,372,5,0,9,Tank,1,EMEA_S1_PO_LBSF_M1,2,The Ultimates
8,3429,14,17,3546,9619,6,0,3,Support,1,EMEA_S1_PO_LBSF_M1,2,The Ultimates
10,4928,16,106,1218,11415,4,0,0,Support,1,EMEA_S1_PO_LBSF_M1,2,The Ultimates
18,12613,5,31,0,0,8,0,8,Damage,0,EMEA_S1_PO_LBSF_M1,3,Twisted Minds
24,12157,0,11,0,0,8,1,9,Damage,0,EMEA_S1_PO_LBSF_M1,3,Twisted Minds
17,12412,14,45,6843,2562,9,0,5,Tank,0,EMEA_S1_PO_LBSF_M1,3,Twisted Minds
14,4246,16,12,0,13570,9,0,5,Support,0,EMEA_S1_PO_LBSF_M1,3,Twisted Minds
13,3269,23,28,3916,7212,8,0,2,Support,0,EMEA_S1_PO_LBSF_M1,3,Twisted Minds
32,12853,0,22,0,0,5,0,16,Damage,1,EMEA_S1_PO_LBSF_M1,3,The Ultimates
27,10632,17,12,0,0,5,1,9,Damage,1,EMEA_S1_PO_LBSF_M1,3,The Ultimates
23,11820,17,93,8897,3592,7,0,6,Tank,1,EMEA_S1_PO_LBSF_M1,3,The Ultimates
16,3430,23,29,6704,8843,8,0,6,Support,1,EMEA_S1_PO_LBSF_M1,3,The Ultimates
23,4942,29,25,0,14596,4,1,3,Support,1,EMEA_S1_PO_LBSF_M1,3,The Ultimates
26,12503,0,58,0,0,7,1,12,Damage,1,EMEA_S1_PO_LBF_M1,1,Al qadsiah
23,11524,0,58,2430,0,7,2,10,Damage,1,EMEA_S1_PO_LBF_M1,1,Al qadsiah
27,15657,15,129,8440,4447,6,0,10,Tank,1,EMEA_S1_PO_LBF_M1,1,Al qadsiah
20,5380,26,86,0,17817,6,0,4,Support,1,EMEA_S1_PO_LBF_M1,1,Al qadsiah
22,4992,23,98,1986,8112,6,1,6,Support,1,EMEA_S1_PO_LBF_M1,1,Al qadsiah
20,11723,9,26,1124,0,9,1,10,Damage,0,EMEA_S1_PO_LBF_M1,1,The Ultimates
21,12494,0,55,0,0,9,3,9,Damage,0,EMEA_S1_PO_LBF_M1,1,The Ultimates
17,16164,10,304,6615,5708,8,0,5,Tank,0,EMEA_S1_PO_LBF_M1,1,The Ultimates
15,4949,17,52,1815,7407,9,0,2,Support,0,EMEA_S1_PO_LBF_M1,1,The Ultimates
13,5537,14,53,0,13195,7,0,6,Support,0,EMEA_S1_PO_LBF_M1,1,The Ultimates
33,13903,0,29,0,0,7,0,11,Damage,1,EMEA_S1_PO_LBF_M1,2,Al qadsiah
33,11673,0,44,2707,407,9,1,10,Damage,1,EMEA_S1_PO_LBF_M1,2,Al qadsiah
33,16424,26,53,11950,3307,9,0,10,Tank,1,EMEA_S1_PO_LBF_M1,2,Al qadsiah
33,5290,26,45,0,16708,7,1,10,Support,1,EMEA_S1_PO_LBF_M1,2,Al qadsiah
26,6354,31,50,5788,10577,10,0,10,Support,1,EMEA_S1_PO_LBF_M1,2,Al qadsiah
27,11115,0,40,3735,222,11,1,13,Damage,0,EMEA_S1_PO_LBF_M1,2,The Ultimates
33,13480,0,46,0,0,9,0,12,Damage,0,EMEA_S1_PO_LBF_M1,2,The Ultimates
26,17796,22,138,11463,5405,12,0,7,Tank,0,EMEA_S1_PO_LBF_M1,2,The Ultimates
23,5585,28,27,4951,9582,10,0,7,Support,0,EMEA_S1_PO_LBF_M1,2,The Ultimates
23,4900,27,21,0,13339,11,0,2,Support,0,EMEA_S1_PO_LBF_M1,2,The Ultimates
31,15607,5,198,3693,529,13,0,13,Damage,1,EMEA_S1_PO_LBF_M1,3,Al qadsiah
38,12313,3,146,2664,140,9,0,16,Damage,1,EMEA_S1_PO_LBF_M1,3,Al qadsiah
37,13960,23,144,22890,1544,7,1,10,Tank,1,EMEA_S1_PO_LBF_M1,3,Al qadsiah
32,5701,32,110,0,18919,8,0,10,Support,1,EMEA_S1_PO_LBF_M1,3,Al qadsiah
32,6745,38,241,5135,12295,8,0,6,Support,1,EMEA_S1_PO_LBF_M1,3,Al qadsiah
27,14465,1,228,1878,182,10,1,12,Damage,0,EMEA_S1_PO_LBF_M1,3,The Ultimates
29,18320,0,75,0,0,10,1,17,Damage,0,EMEA_S1_PO_LBF_M1,3,The Ultimates
22,16000,14,255,19414,998,11,0,7,Tank,0,EMEA_S1_PO_LBF_M1,3,The Ultimates
12,6793,15,42,1521,12527,12,0,5,Support,0,EMEA_S1_PO_LBF_M1,3,The Ultimates
16,5765,25,90,6140,13280,13,0,3,Support,0,EMEA_S1_PO_LBF_M1,3,The Ultimates
39,16565,0,44,1068,0,7,1,13,Damage,1,EMEA_S1_PO_GF_M1,1,Virtuspro
39,13468,7,148,3932,654,10,1,12,Damage,1,EMEA_S1_PO_GF_M1,1,Virtuspro
42,11293,23,148,23175,1664,7,0,13,Tank,1,EMEA_S1_PO_GF_M1,1,Virtuspro
24,8581,38,60,0,13675,5,0,8,Support,1,EMEA_S1_PO_GF_M1,1,Virtuspro
40,9135,32,92,3401,8073,5,0,12,Support,1,EMEA_S1_PO_GF_M1,1,Virtuspro
22,12956,3,83,2269,100,13,0,9,Damage,0,EMEA_S1_PO_GF_M1,1,Al qadsiah
19,12768,4,124,2584,400,11,0,7,Damage,0,EMEA_S1_PO_GF_M1,1,Al qadsiah
20,14363,11,142,8585,3077,12,0,6,Tank,0,EMEA_S1_PO_GF_M1,1,Al qadsiah
14,5781,16,67,0,12312,13,2,9,Support,0,EMEA_S1_PO_GF_M1,1,Al qadsiah
16,5768,19,70,2929,10353,12,0,3,Support,0,EMEA_S1_PO_GF_M1,1,Al qadsiah
16,10266,0,11,0,0,5,0,10,Damage,0,EMEA_S1_PO_GF_M1,2,Virtuspro
10,6571,1,36,921,62,7,0,3,Damage,0,EMEA_S1_PO_GF_M1,2,Virtuspro
11,8995,6,51,6255,2618,8,0,3,Tank,0,EMEA_S1_PO_GF_M1,2,Virtuspro
11,3305,14,24,0,8946,7,0,1,Support,0,EMEA_S1_PO_GF_M1,2,Virtuspro
10,2375,14,12,1962,5327,5,1,4,Support,0,EMEA_S1_PO_GF_M1,2,Virtuspro
21,7097,0,31,0,0,5,1,7,Damage,1,EMEA_S1_PO_GF_M1,2,Al qadsiah
21,7357,0,22,1101,181,4,0,7,Damage,1,EMEA_S1_PO_GF_M1,2,Al qadsiah
25,11402,16,32,7108,2213,3,0,9,Tank,1,EMEA_S1_PO_GF_M1,2,Al qadsiah
19,2791,17,36,0,9650,4,0,5,Support,1,EMEA_S1_PO_GF_M1,2,Al qadsiah
18,4000,24,36,2939,7603,5,0,4,Support,1,EMEA_S1_PO_GF_M1,2,Al qadsiah
25,17602,0,80,0,0,12,0,8,Damage,1,EMEA_S1_PO_GF_M1,3,Virtuspro
39,15163,1,120,3431,373,9,0,19,Damage,1,EMEA_S1_PO_GF_M1,3,Virtuspro
36,22206,24,358,10011,3781,9,0,13,Tank,1,EMEA_S1_PO_GF_M1,3,Virtuspro
31,6147,36,103,0,18233,8,0,6,Support,1,EMEA_S1_PO_GF_M1,3,Virtuspro
23,7274,39,181,6341,12627,12,0,6,Support,1,EMEA_S1_PO_GF_M1,3,Virtuspro
29,16070,0,44,0,0,12,0,8,Damage,0,EMEA_S1_PO_GF_M1,3,Al qadsiah
38,14881,1,97,2164,508,10,0,12,Damage,0,EMEA_S1_PO_GF_M1,3,Al qadsiah
34,18077,18,174,12964,5072,9,0,15,Tank,0,EMEA_S1_PO_GF_M1,3,Al qadsiah
27,5318,32,58,0,21092,9,0,5,Support,0,EMEA_S1_PO_GF_M1,3,Al qadsiah
28,7204,35,169,6645,13970,12,0,9,Support,0,EMEA_S1_PO_GF_M1,3,Al qadsiah
6,5285,0,44,27,0,8,0,1,Damage,0,EMEA_S1_PO_GF_M1,4,Virtuspro
12,5748,0,99,622,0,6,0,5,Damage,0,EMEA_S1_PO_GF_M1,4,Virtuspro
10,6373,4,161,13211,299,6,0,6,Tank,0,EMEA_S1_PO_GF_M1,4,Virtuspro
10,4162,9,68,0,5174,7,0,5,Support,0,EMEA_S1_PO_GF_M1,4,Virtuspro
9,3503,9,49,1650,4325,8,1,3,Support,0,EMEA_S1_PO_GF_M1,4,Virtuspro
22,5633,1,22,0,0,6,0,4,Damage,1,EMEA_S1_PO_GF_M1,4,Al qadsiah
29,6333,0,63,0,0,2,1,10,Damage,1,EMEA_S1_PO_GF_M1,4,Al qadsiah
28,7135,12,119,11075,672,3,0,13,Tank,1,EMEA_S1_PO_GF_M1,4,Al qadsiah
14,3661,22,30,0,6125,5,0,6,Support,1,EMEA_S1_PO_GF_M1,4,Al qadsiah
16,3641,18,106,1276,5113,4,0,2,Support,1,EMEA_S1_PO_GF_M1,4,Al qadsiah
48,19178,0,103,0,0,7,0,20,Damage,1,EMEA_S1_PO_GF_M1,5,Virtuspro
45,17860,1,134,2329,309,6,0,19,Damage,1,EMEA_S1_PO_GF_M1,5,Virtuspro
46,20843,38,320,11278,5095,8,0,11,Tank,1,EMEA_S1_PO_GF_M1,5,Virtuspro
35,6432,46,110,0,18938,7,0,7,Support,1,EMEA_S1_PO_GF_M1,5,Virtuspro
40,8101,54,209,6728,13223,8,0,9,Support,1,EMEA_S1_PO_GF_M1,5,Virtuspro
26,17344,0,113,0,0,13,0,8,Damage,0,EMEA_S1_PO_GF_M1,5,Al qadsiah
27,13196,0,51,3074,724,14,0,16,Damage,0,EMEA_S1_PO_GF_M1,5,Al qadsiah
29,18323,20,87,12639,4688,12,0,7,Tank,0,EMEA_S1_PO_GF_M1,5,Al qadsiah
18,6178,24,107,0,22278,14,0,4,Support,0,EMEA_S1_PO_GF_M1,5,Al qadsiah
14,5667,26,90,5444,13560,15,0,1,Support,0,EMEA_S1_PO_GF_M1,5,Al qadsiah
22,11935,0,20,0,0,3,0,9,Damage,1,EMEA_S1_PO_GF_M1,6,Virtuspro
25,9046,0,55,1721,242,0,0,7,Damage,1,EMEA_S1_PO_GF_M1,6,Virtuspro
21,9790,16,80,4967,3064,2,0,4,Tank,1,EMEA_S1_PO_GF_M1,6,Virtuspro
13,2672,19,14,0,10502,1,0,6,Support,1,EMEA_S1_PO_GF_M1,6,Virtuspro
16,3733,24,31,4518,6958,3,0,5,Support,1,EMEA_S1_PO_GF_M1,6,Virtuspro
5,7282,0,21,0,0,7,0,2,Damage,0,EMEA_S1_PO_GF_M1,6,Al qadsiah
5,5848,0,24,1189,0,6,0,2,Damage,0,EMEA_S1_PO_GF_M1,6,Al qadsiah
6,9899,3,49,6255,2147,6,0,3,Tank,0,EMEA_S1_PO_GF_M1,6,Al qadsiah
6,3617,4,21,0,12749,6,0,2,Support,0,EMEA_S1_PO_GF_M1,6,Al qadsiah
2,2234,6,26,2326,6518,8,0,0,Support,0,EMEA_S1_PO_GF_M1,6,Al qadsiah
17,15550,0,26,0,0,8,1,7,Damage,0,EMEA_S2_RR_W1_D1_M2,1,Twisted Minds
16,13463,7,45,5844,925,10,0,4,Damage,0,EMEA_S2_RR_W1_D1_M2,1,Twisted Minds
19,16920,7,183,9655,2819,11,0,8,Tank,0,EMEA_S2_RR_W1_D1_M2,1,Twisted Minds
12,3927,14,17,0,14854,12,0,2,Support,0,EMEA_S2_RR_W1_D1_M2,1,Twisted Minds
12,4805,16,46,4839,8876,10,0,3,Support,0,EMEA_S2_RR_W1_D1_M2,1,Twisted Minds
35,13270,0,35,0,0,6,2,13,Damage,1,EMEA_S2_RR_W1_D1_M2,1,Al qadsiah
26,10029,0,38,1316,443,6,0,8,Damage,1,EMEA_S2_RR_W1_D1_M2,1,Al qadsiah
37,17223,28,157,7865,5309,4,0,10,Tank,1,EMEA_S2_RR_W1_D1_M2,1,Al qadsiah
30,5149,34,56,0,19176,5,0,7,Support,1,EMEA_S2_RR_W1_D1_M2,1,Al qadsiah
25,4689,31,78,5160,13108,3,0,10,Support,1,EMEA_S2_RR_W1_D1_M2,1,Al qadsiah
9,8040,0,15,0,0,8,0,5,Damage,0,EMEA_S2_RR_W1_D1_M2,2,Twisted Minds
10,7149,3,33,6329,192,7,0,4,Damage,0,EMEA_S2_RR_W1_D1_M2,2,Twisted Minds
6,10926,5,166,3420,2408,7,0,2,Tank,0,EMEA_S2_RR_W1_D1_M2,2,Twisted Minds
2,1645,6,1,0,8590,7,0,0,Support,0,EMEA_S2_RR_W1_D1_M2,2,Twisted Minds
6,3444,6,43,2322,5365,7,0,1,Support,0,EMEA_S2_RR_W1_D1_M2,2,Twisted Minds
20,9335,0,41,0,0,4,0,9,Damage,1,EMEA_S2_RR_W1_D1_M2,2,Al qadsiah
27,8653,0,44,892,294,2,0,13,Damage,1,EMEA_S2_RR_W1_D1_M2,2,Al qadsiah
21,7964,15,105,3953,3205,4,0,6,Tank,1,EMEA_S2_RR_W1_D1_M2,2,Al qadsiah
20,2608,25,51,0,11737,1,0,3,Support,1,EMEA_S2_RR_W1_D1_M2,2,Al qadsiah
17,4410,29,78,2817,7974,1,0,5,Support,1,EMEA_S2_RR_W1_D1_M2,2,Al qadsiah
28,19878,3,37,0,0,8,1,15,Damage,1,EMEA_S2_RR_W1_D1_M2,3,Twisted Minds
31,14689,12,121,10868,958,7,0,5,Damage,1,EMEA_S2_RR_W1_D1_M2,3,Twisted Minds
27,14822,14,236,10425,3296,7,0,13,Tank,1,EMEA_S2_RR_W1_D1_M2,3,Twisted Minds
23,8566,22,70,0,12385,6,3,11,Support,1,EMEA_S2_RR_W1_D1_M2,3,Twisted Minds
17,5103,23,110,0,13929,6,0,5,Support,1,EMEA_S2_RR_W1_D1_M2,3,Twisted Minds
23,12088,3,79,0,218,12,1,7,Damage,0,EMEA_S2_RR_W1_D1_M2,3,Al qadsiah
20,10909,5,119,7178,583,12,0,5,Damage,0,EMEA_S2_RR_W1_D1_M2,3,Al qadsiah
21,14151,13,145,17431,2116,11,0,8,Tank,0,EMEA_S2_RR_W1_D1_M2,3,Al qadsiah
15,6641,18,113,0,17325,7,0,7,Support,0,EMEA_S2_RR_W1_D1_M2,3,Al qadsiah
20,6526,17,207,5226,10878,8,0,7,Support,0,EMEA_S2_RR_W1_D1_M2,3,Al qadsiah
23,11349,1,12,0,0,5,1,9,Damage,1,EMEA_S2_RR_W1_D1_M2,4,Twisted Minds
24,6612,0,57,0,0,6,1,12,Damage,1,EMEA_S2_RR_W1_D1_M2,4,Twisted Minds
20,8955,6,113,13056,1038,6,1,7,Tank,1,EMEA_S2_RR_W1_D1_M2,4,Twisted Minds
12,2129,9,3,0,7761,8,0,3,Support,1,EMEA_S2_RR_W1_D1_M2,4,Twisted Minds
10,2105,17,13,3624,4679,8,0,3,Support,1,EMEA_S2_RR_W1_D1_M2,4,Twisted Minds
22,7727,0,108,0,0,9,1,10,Damage,0,EMEA_S2_RR_W1_D1_M2,4,Al qadsiah
22,7730,0,79,1053,388,5,0,11,Damage,0,EMEA_S2_RR_W1_D1_M2,4,Al qadsiah
21,8401,6,210,6035,0,6,0,4,Tank,0,EMEA_S2_RR_W1_D1_M2,4,Al qadsiah
13,2561,16,57,0,10522,8,0,5,Support,0,EMEA_S2_RR_W1_D1_M2,4,Al qadsiah
16,2775,17,162,2027,4785,6,0,3,Support,0,EMEA_S2_RR_W1_D1_M2,4,Al qadsiah
0,0,0,0,0,0,0,0,0,Damage,0,EMEA_S2_RR_W1_D1_M2,5,Twisted Minds
0,0,0,0,0,0,0,0,0,Damage,0,EMEA_S2_RR_W1_D1_M2,5,Twisted Minds
1,8597,1,98,10741,825,10,0,0,Tank,0,EMEA_S2_RR_W1_D1_M2,5,Twisted Minds
1,4194,5,12,0,8929,10,0,0,Support,0,EMEA_S2_RR_W1_D1_M2,5,Twisted Minds
4,3370,1,34,663,7073,11,0,2,Support,0,EMEA_S2_RR_W1_D1_M2,5,Twisted Minds
36,11884,0,81,0,0,2,1,15,Damage,1,EMEA_S2_RR_W1_D1_M2,5,Al qadsiah
35,8770,0,98,1678,264,1,2,13,Damage,1,EMEA_S2_RR_W1_D1_M2,5,Al qadsiah
35,10975,14,111,8264,0,2,1,10,Tank,1,EMEA_S2_RR_W1_D1_M2,5,Al qadsiah
22,5511,32,101,0,16127,0,0,10,Support,1,EMEA_S2_RR_W1_D1_M2,5,Al qadsiah
24,4529,29,226,2514,6289,1,0,4,Support,1,EMEA_S2_RR_W1_D1_M2,5,Al qadsiah
23,10871,1,19,0,0,4,1,14,Damage,1,EMEA_S2_RR_W4_D1_M2,1,The Ultimates
20,8527,1,43,788,29,2,0,5,Damage,1,EMEA_S2_RR_W4_D1_M2,1,The Ultimates
18,8583,2,17,8639,382,8,0,6,Tank,1,EMEA_S2_RR_W4_D1_M2,1,The Ultimates
10,5296,19,17,3046,8020,5,0,4,Support,1,EMEA_S2_RR_W4_D1_M2,1,The Ultimates
13,2815,15,7,0,9318,4,0,5,Support,1,EMEA_S2_RR_W4_D1_M2,1,The Ultimates
18,7879,3,40,1365,256,7,0,3,Damage,0,EMEA_S2_RR_W4_D1_M2,1,Team Peps
17,8474,0,8,0,0,6,0,5,Damage,0,EMEA_S2_RR_W4_D1_M2,1,Team Peps
21,8825,7,37,7826,450,6,0,12,Tank,0,EMEA_S2_RR_W4_D1_M2,1,Team Peps
10,2505,14,4,0,12614,6,0,1,Support,0,EMEA_S2_RR_W4_D1_M2,1,Team Peps
10,3071,15,19,3193,6979,10,0,1,Support,0,EMEA_S2_RR_W4_D1_M2,1,Team Peps
20,15136,1,71,0,0,9,2,12,Damage,1,EMEA_S2_RR_W4_D1_M2,2,The Ultimates
30,14095,0,173,3195,341,4,0,9,Damage,1,EMEA_S2_RR_W4_D1_M2,2,The Ultimates
34,13596,15,174,22421,0,3,1,17,Tank,1,EMEA_S2_RR_W4_D1_M2,2,The Ultimates
17,5797,25,133,5396,11982,10,0,5,Support,1,EMEA_S2_RR_W4_D1_M2,2,The Ultimates
19,4158,31,79,0,18755,4,0,3,Support,1,EMEA_S2_RR_W4_D1_M2,2,The Ultimates
19,11087,0,97,1232,154,11,0,8,Damage,0,EMEA_S2_RR_W4_D1_M2,2,Team Peps
18,12647,0,52,0,0,6,1,8,Damage,0,EMEA_S2_RR_W4_D1_M2,2,Team Peps
18,11815,8,238,11800,0,10,0,7,Tank,0,EMEA_S2_RR_W4_D1_M2,2,Team Peps
11,3694,21,63,221,16941,10,0,3,Support,0,EMEA_S2_RR_W4_D1_M2,2,Team Peps
11,8977,5,63,0,13237,9,1,4,Support,0,EMEA_S2_RR_W4_D1_M2,2,Team Peps
21,12239,1,12,0,0,10,4,13,Damage,1,EMEA_S2_RR_W4_D1_M2,3,The Ultimates
25,10896,0,84,0,0,1,3,12,Damage,1,EMEA_S2_RR_W4_D1_M2,3,The Ultimates
19,12734,5,93,11535,494,8,0,6,Tank,1,EMEA_S2_RR_W4_D1_M2,3,The Ultimates
14,5496,12,34,2367,8463,10,0,2,Support,1,EMEA_S2_RR_W4_D1_M2,3,The Ultimates
21,7610,12,30,973,8264,7,0,9,Support,1,EMEA_S2_RR_W4_D1_M2,3,The Ultimates
19,8343,0,68,624,95,10,1,6,Damage,0,EMEA_S2_RR_W4_D1_M2,3,Team Peps
18,8697,0,13,0,0,10,1,9,Damage,0,EMEA_S2_RR_W4_D1_M2,3,Team Peps
24,13745,4,93,10801,191,7,0,13,Tank,0,EMEA_S2_RR_W4_D1_M2,3,Team Peps
12,4900,14,54,2066,9322,8,0,4,Support,0,EMEA_S2_RR_W4_D1_M2,3,Team Peps
12,4464,19,37,0,16045,7,1,3,Support,0,EMEA_S2_RR_W4_D1_M2,3,Team Peps
19,14169,0,49,0,0,6,0,11,Damage,1,EMEA_S2_RR_W1_D2_M2,1,Virtuspro
30,9669,0,125,672,33,5,1,13,Damage,1,EMEA_S2_RR_W1_D2_M2,1,Virtuspro
32,13323,9,152,14133,1269,6,0,7,Tank,1,EMEA_S2_RR_W1_D2_M2,1,Virtuspro
13,5117,29,113,0,14656,5,0,5,Support,1,EMEA_S2_RR_W1_D2_M2,1,Virtuspro
20,7544,25,93,3187,9664,3,0,9,Support,1,EMEA_S2_RR_W1_D2_M2,1,Virtuspro
13,9203,0,99,0,0,5,1,6,Damage,0,EMEA_S2_RR_W1_D2_M2,1,Quick Esports
12,14074,0,34,0,0,11,0,7,Damage,0,EMEA_S2_RR_W1_D2_M2,1,Quick Esports
20,9585,10,128,16519,1293,9,3,9,Tank,0,EMEA_S2_RR_W1_D2_M2,1,Quick Esports
10,6792,13,63,0,12599,11,1,3,Support,0,EMEA_S2_RR_W1_D2_M2,1,Quick Esports
6,4576,4,47,1413,7693,10,0,0,Support,0,EMEA_S2_RR_W1_D2_M2,1,Quick Esports
18,10351,1,98,3714,141,9,0,10,Damage,0,EMEA_S2_RR_W1_D2_M2,2,Virtuspro
19,16685,1,60,0,0,8,2,8,Damage,0,EMEA_S2_RR_W1_D2_M2,2,Virtuspro
26,18043,6,200,18896,0,10,1,13,Tank,0,EMEA_S2_RR_W1_D2_M2,2,Virtuspro
21,7928,19,76,0,16735,7,0,3,Support,0,EMEA_S2_RR_W1_D2_M2,2,Virtuspro
13,6878,17,136,1293,13312,10,2,3,Support,0,EMEA_S2_RR_W1_D2_M2,2,Virtuspro
27,16273,3,90,1347,170,7,0,16,Damage,1,EMEA_S2_RR_W1_D2_M2,2,Quick Esports
27,17442,1,77,0,0,9,2,9,Damage,1,EMEA_S2_RR_W1_D2_M2,2,Quick Esports
27,12771,3,144,19382,300,7,0,13,Tank,1,EMEA_S2_RR_W1_D2_M2,2,Quick Esports
23,5635,31,60,0,23725,8,1,5,Support,1,EMEA_S2_RR_W1_D2_M2,2,Quick Esports
13,2991,31,208,4010,12122,6,0,1,Support,1,EMEA_S2_RR_W1_D2_M2,2,Quick Esports
34,9361,0,94,1263,93,11,0,15,Damage,0,EMEA_S2_RR_W1_D2_M2,3,Virtuspro
28,14341,4,28,0,0,10,0,12,Damage,0,EMEA_S2_RR_W1_D2_M2,3,Virtuspro
31,13667,17,112,11763,1036,12,3,14,Tank,0,EMEA_S2_RR_W1_D2_M2,3,Virtuspro
22,5874,21,38,0,12920,12,1,7,Support,0,EMEA_S2_RR_W1_D2_M2,3,Virtuspro
19,4840,29,46,2007,4609,12,0,3,Support,0,EMEA_S2_RR_W1_D2_M2,3,Virtuspro
38,10905,0,100,1528,256,10,3,14,Damage,1,EMEA_S2_RR_W1_D2_M2,3,Quick Esports
34,15037,1,47,0,0,9,3,18,Damage,1,EMEA_S2_RR_W1_D2_M2,3,Quick Esports
39,14363,8,120,13318,338,7,0,14,Tank,1,EMEA_S2_RR_W1_D2_M2,3,Quick Esports
25,4097,30,29,0,14724,12,0,3,Support,1,EMEA_S2_RR_W1_D2_M2,3,Quick Esports
24,4032,25,66,3632,8401,13,0,8,Support,1,EMEA_S2_RR_W1_D2_M2,3,Quick Esports
34,12414,3,141,1666,1088,5,0,11,Damage,1,EMEA_S2_RR_W1_D2_M2,4,Virtuspro
23,16191,0,34,0,0,11,0,11,Damage,1,EMEA_S2_RR_W1_D2_M2,4,Virtuspro
39,13262,21,214,24926,711,6,1,17,Tank,1,EMEA_S2_RR_W1_D2_M2,4,Virtuspro
21,5353,21,79,0,17688,8,1,4,Support,1,EMEA_S2_RR_W1_D2_M2,4,Virtuspro
29,7500,26,154,2545,8706,6,1,12,Support,1,EMEA_S2_RR_W1_D2_M2,4,Virtuspro
21,10542,1,127,1624,185,11,0,11,Damage,0,EMEA_S2_RR_W1_D2_M2,4,Quick Esports
23,16983,1,38,0,0,13,3,7,Damage,0,EMEA_S2_RR_W1_D2_M2,4,Quick Esports
24,11758,5,203,20165,514,9,0,12,Tank,0,EMEA_S2_RR_W1_D2_M2,4,Quick Esports
6,5564,16,77,0,14765,10,0,3,Support,0,EMEA_S2_RR_W1_D2_M2,4,Quick Esports
9,6118,16,125,2442,8288,12,0,3,Support,0,EMEA_S2_RR_W1_D2_M2,4,Quick Esports
29,7800,0,92,1675,117,5,2,12,Damage,1,EMEA_S2_RR_W1_D2_M2,5,Virtuspro
18,11241,0,43,0,0,7,0,7,Damage,1,EMEA_S2_RR_W1_D2_M2,5,Virtuspro
24,9488,9,132,6531,0,7,0,5,Tank,1,EMEA_S2_RR_W1_D2_M2,5,Virtuspro
16,3446,23,21,0,8326,8,0,6,Support,1,EMEA_S2_RR_W1_D2_M2,5,Virtuspro
19,3943,21,63,3000,6468,5,1,9,Support,1,EMEA_S2_RR_W1_D2_M2,5,Virtuspro
18,7830,0,105,1312,460,7,0,11,Damage,0,EMEA_S2_RR_W1_D2_M2,5,Quick Esports
21,9246,1,49,0,0,7,2,13,Damage,0,EMEA_S2_RR_W1_D2_M2,5,Quick Esports
23,8188,8,202,4348,0,7,0,5,Tank,0,EMEA_S2_RR_W1_D2_M2,5,Quick Esports
13,3241,18,61,0,12909,8,0,2,Support,0,EMEA_S2_RR_W1_D2_M2,5,Quick Esports
7,1093,14,93,3644,5478,10,0,0,Support,0,EMEA_S2_RR_W1_D2_M2,5,Quick Esports
8,4735,0,9,0,0,11,0,3,Damage,0,EMEA_S2_RR_W2_D2_M2,1,Frost Tails
6,3198,0,36,0,0,4,0,1,Damage,0,EMEA_S2_RR_W2_D2_M2,1,Frost Tails
7,4853,2,64,6452,0,6,1,4,Tank,0,EMEA_S2_RR_W2_D2_M2,1,Frost Tails
4,2618,7,20,0,4906,7,1,2,Support,0,EMEA_S2_RR_W2_D2_M2,1,Frost Tails
4,2863,5,24,84,3135,5,1,4,Support,0,EMEA_S2_RR_W2_D2_M2,1,Frost Tails
15,4415,0,36,0,0,3,0,6,Damage,1,EMEA_S2_RR_W2_D2_M2,1,GenG
20,5319,0,27,0,0,4,4,12,Damage,1,EMEA_S2_RR_W2_D2_M2,1,GenG
21,6513,5,51,6224,0,2,0,7,Tank,1,EMEA_S2_RR_W2_D2_M2,1,GenG
15,3594,15,33,436,3524,2,0,6,Support,1,EMEA_S2_RR_W2_D2_M2,1,GenG
13,3302,15,34,286,5723,3,0,2,Support,1,EMEA_S2_RR_W2_D2_M2,1,GenG
14,9936,1,79,396,152,9,2,7,Damage,0,EMEA_S2_RR_W2_D2_M2,2,Frost Tails
24,7779,2,83,1130,109,7,2,15,Damage,0,EMEA_S2_RR_W2_D2_M2,2,Frost Tails
23,13265,9,237,6609,0,6,0,11,Tank,0,EMEA_S2_RR_W2_D2_M2,2,Frost Tails
13,3219,21,34,0,14113,7,0,0,Support,0,EMEA_S2_RR_W2_D2_M2,2,Frost Tails
12,2743,23,171,4448,7623,6,0,2,Support,0,EMEA_S2_RR_W2_D2_M2,2,Frost Tails
22,8100,0,61,1913,23,8,0,7,Damage,1,EMEA_S2_RR_W2_D2_M2,2,GenG
25,12613,2,83,318,161,7,0,9,Damage,1,EMEA_S2_RR_W2_D2_M2,2,GenG
29,11528,10,157,5406,0,5,1,8,Tank,1,EMEA_S2_RR_W2_D2_M2,2,GenG
16,3269,21,41,0,12114,8,0,4,Support,1,EMEA_S2_RR_W2_D2_M2,2,GenG
16,3650,23,134,4984,8208,7,0,7,Support,1,EMEA_S2_RR_W2_D2_M2,2,GenG
10,10976,0,26,248,130,10,1,5,Damage,0,EMEA_S2_RR_W2_D2_M2,3,Frost Tails
12,6754,0,75,0,0,4,1,6,Damage,0,EMEA_S2_RR_W2_D2_M2,3,Frost Tails
6,9635,2,113,14345,284,4,1,4,Tank,0,EMEA_S2_RR_W2_D2_M2,3,Frost Tails
5,3702,6,40,151,12559,9,0,2,Support,0,EMEA_S2_RR_W2_D2_M2,3,Frost Tails
7,2441,10,65,4210,7538,7,0,2,Support,0,EMEA_S2_RR_W2_D2_M2,3,Frost Tails
18,8210,0,60,0,0,5,0,12,Damage,1,EMEA_S2_RR_W2_D2_M2,3,GenG
21,12430,0,22,0,0,5,0,5,Damage,1,EMEA_S2_RR_W2_D2_M2,3,GenG
24,8381,15,129,13246,85,1,0,9,Tank,1,EMEA_S2_RR_W2_D2_M2,3,GenG
11,3731,16,49,0,12650,3,0,3,Support,1,EMEA_S2_RR_W2_D2_M2,3,GenG
12,5302,24,103,5907,7696,5,0,5,Support,1,EMEA_S2_RR_W2_D2_M2,3,GenG
21,6158,3,17,0,659,7,3,13,Damage,0,EMEA_S2_RR_W4_D2_M2,1,GenG
18,11192,0,18,0,0,5,0,6,Damage,0,EMEA_S2_RR_W4_D2_M2,1,GenG
16,5537,5,48,10180,549,3,0,3,Tank,0,EMEA_S2_RR_W4_D2_M2,1,GenG
11,2890,8,41,1001,3921,3,1,3,Support,0,EMEA_S2_RR_W4_D2_M2,1,GenG
8,4564,15,56,0,9584,4,0,1,Support,0,EMEA_S2_RR_W4_D2_M2,1,GenG
13,8506,0,2,0,0,5,2,7,Damage,1,EMEA_S2_RR_W4_D2_M2,1,Twisted Minds
12,5414,2,18,796,152,6,1,5,Damage,1,EMEA_S2_RR_W4_D2_M2,1,Twisted Minds
5,9166,0,102,10560,1064,4,0,5,Tank,1,EMEA_S2_RR_W4_D2_M2,1,Twisted Minds
9,3232,7,14,670,6661,5,0,1,Support,1,EMEA_S2_RR_W4_D2_M2,1,Twisted Minds
5,4773,8,12,0,7898,6,0,4,Support,1,EMEA_S2_RR_W4_D2_M2,1,Twisted Minds
5,6631,0,8,1473,0,10,0,2,Damage,0,EMEA_S2_RR_W4_D2_M2,2,GenG
12,9099,0,6,0,0,5,1,8,Damage,0,EMEA_S2_RR_W4_D2_M2,2,GenG
8,5078,4,62,11895,833,6,0,3,Tank,0,EMEA_S2_RR_W4_D2_M2,2,GenG
3,2949,2,14,823,4645,4,0,1,Support,0,EMEA_S2_RR_W4_D2_M2,2,GenG
2,3175,13,12,0,12164,4,0,0,Support,0,EMEA_S2_RR_W4_D2_M2,2,GenG
20,10897,0,15,0,0,3,2,11,Damage,1,EMEA_S2_RR_W4_D2_M2,2,Twisted Minds
14,6668,0,14,0,0,2,1,8,Damage,1,EMEA_S2_RR_W4_D2_M2,2,Twisted Minds
13,10860,1,75,16212,506,2,0,2,Tank,1,EMEA_S2_RR_W4_D2_M2,2,Twisted Minds
2,2341,5,17,0,9094,4,0,0,Support,1,EMEA_S2_RR_W4_D2_M2,2,Twisted Minds
15,7278,9,4,0,5082,3,0,7,Support,1,EMEA_S2_RR_W4_D2_M2,2,Twisted Minds
4,2327,1,9,0,0,3,1,2,Damage,0,EMEA_S2_RR_W4_D2_M2,3,GenG
2,3500,0,14,0,0,3,0,2,Damage,0,EMEA_S2_RR_W4_D2_M2,3,GenG
6,4532,1,55,1786,0,2,0,2,Tank,0,EMEA_S2_RR_W4_D2_M2,3,GenG
3,1022,5,2,0,5745,4,0,1,Support,0,EMEA_S2_RR_W4_D2_M2,3,GenG
1,1097,2,11,1876,2103,5,0,0,Support,0,EMEA_S2_RR_W4_D2_M2,3,GenG
7,3379,0,0,0,0,3,2,6,Damage,1,EMEA_S2_RR_W4_D2_M2,3,Twisted Minds
10,3685,0,4,0,0,0,5,7,Damage,1,EMEA_S2_RR_W4_D2_M2,3,Twisted Minds
6,5611,1,58,4804,254,0,2,2,Tank,1,EMEA_S2_RR_W4_D2_M2,3,Twisted Minds
3,1107,4,5,0,3831,2,0,1,Support,1,EMEA_S2_RR_W4_D2_M2,3,Twisted Minds
5,1861,3,2,344,3421,2,0,1,Support,1,EMEA_S2_RR_W4_D2_M2,3,Twisted Minds
35,10817,0,61,0,0,10,0,14,Damage,1,EMEA_S2_RR_W1_D2_M3,1,Al qadsiah
29,7682,1,48,461,22,6,1,12,Damage,1,EMEA_S2_RR_W1_D2_M3,1,Al qadsiah
27,12265,13,94,6260,1993,8,0,10,Tank,1,EMEA_S2_RR_W1_D2_M3,1,Al qadsiah
17,4971,27,65,0,17399,10,0,4,Support,1,EMEA_S2_RR_W1_D2_M3,1,Al qadsiah
20,5650,15,81,1617,7381,5,0,9,Support,1,EMEA_S2_RR_W1_D2_M3,1,Al qadsiah
24,15033,1,63,0,0,7,0,5,Damage,0,EMEA_S2_RR_W1_D2_M3,1,The Ultimates
25,11054,4,75,0,0,9,1,13,Damage,0,EMEA_S2_RR_W1_D2_M3,1,The Ultimates
18,11991,2,96,11453,340,10,0,10,Tank,0,EMEA_S2_RR_W1_D2_M3,1,The Ultimates
21,7958,16,75,0,7693,9,2,5,Support,0,EMEA_S2_RR_W1_D2_M3,1,The Ultimates
17,5251,17,15,1198,9037,14,0,6,Support,0,EMEA_S2_RR_W1_D2_M3,1,The Ultimates
18,7155,0,39,0,0,5,1,11,Damage,0,EMEA_S2_RR_W1_D2_M3,2,Al qadsiah
18,5468,1,54,872,0,4,1,5,Damage,0,EMEA_S2_RR_W1_D2_M3,2,Al qadsiah
19,6707,10,80,12635,0,4,1,8,Tank,0,EMEA_S2_RR_W1_D2_M3,2,Al qadsiah
8,4421,16,11,674,8533,5,0,2,Support,0,EMEA_S2_RR_W1_D2_M3,2,Al qadsiah
8,2734,17,71,3367,6258,5,0,0,Support,0,EMEA_S2_RR_W1_D2_M3,2,Al qadsiah
13,6528,0,14,0,0,6,1,4,Damage,1,EMEA_S2_RR_W1_D2_M3,2,The Ultimates
16,6833,0,98,779,0,2,0,8,Damage,1,EMEA_S2_RR_W1_D2_M3,2,The Ultimates
16,9225,9,94,9879,0,4,0,6,Tank,1,EMEA_S2_RR_W1_D2_M3,2,The Ultimates
9,2597,11,21,2529,4714,8,0,2,Support,1,EMEA_S2_RR_W1_D2_M3,2,The Ultimates
9,3592,11,13,407,8286,6,1,3,Support,1,EMEA_S2_RR_W1_D2_M3,2,The Ultimates
14,7234,1,14,299,166,5,0,8,Damage,1,EMEA_S2_RR_W1_D2_M3,3,Al qadsiah
28,7811,8,13,1462,391,4,0,10,Damage,1,EMEA_S2_RR_W1_D2_M3,3,Al qadsiah
22,6964,12,42,4371,1199,4,0,8,Tank,1,EMEA_S2_RR_W1_D2_M3,3,Al qadsiah
18,2049,20,23,0,11258,3,0,5,Support,1,EMEA_S2_RR_W1_D2_M3,3,Al qadsiah
23,3842,27,18,3870,7141,3,0,7,Support,1,EMEA_S2_RR_W1_D2_M3,3,Al qadsiah
11,8291,0,7,0,0,7,0,2,Damage,0,EMEA_S2_RR_W1_D2_M3,3,The Ultimates
12,6655,0,35,1684,195,8,0,8,Damage,0,EMEA_S2_RR_W1_D2_M3,3,The Ultimates
10,8622,3,25,7203,0,9,0,5,Tank,0,EMEA_S2_RR_W1_D2_M3,3,The Ultimates
7,4431,14,16,1423,4751,8,0,1,Support,0,EMEA_S2_RR_W1_D2_M3,3,The Ultimates
12,2667,11,14,0,6658,6,0,3,Support,0,EMEA_S2_RR_W1_D2_M3,3,The Ultimates
22,8852,0,29,0,0,10,0,7,Damage,1,EMEA_S2_RR_W1_D2_M3,4,Al qadsiah
22,8247,0,46,0,0,6,1,6,Damage,1,EMEA_S2_RR_W1_D2_M3,4,Al qadsiah
30,13453,16,95,7167,2035,6,0,13,Tank,1,EMEA_S2_RR_W1_D2_M3,4,Al qadsiah
20,3587,25,62,0,12219,8,1,8,Support,1,EMEA_S2_RR_W1_D2_M3,4,Al qadsiah
18,4387,21,88,2570,5894,8,0,6,Support,1,EMEA_S2_RR_W1_D2_M3,4,Al qadsiah
26,12350,2,61,0,0,7,0,14,Damage,0,EMEA_S2_RR_W1_D2_M3,4,The Ultimates
21,10805,0,173,0,0,4,0,10,Damage,0,EMEA_S2_RR_W1_D2_M3,4,The Ultimates
22,12653,14,308,7759,2994,9,0,2,Tank,0,EMEA_S2_RR_W1_D2_M3,4,The Ultimates
12,2725,17,144,3303,7218,9,0,6,Support,0,EMEA_S2_RR_W1_D2_M3,4,The Ultimates
15,4332,9,77,469,7340,11,0,5,Support,0,EMEA_S2_RR_W1_D2_M3,4,The Ultimates
12,6399,0,54,0,0,7,2,11,Damage,0,EMEA_S2_RR_W6_D1_M2,1,Team Peps
7,6824,0,13,198,40,4,1,1,Damage,0,EMEA_S2_RR_W6_D1_M2,1,Team Peps
9,8183,2,71,8254,0,5,0,3,Tank,0,EMEA_S2_RR_W6_D1_M2,1,Team Peps
5,4085,9,11,1213,13679,6,0,0,Support,0,EMEA_S2_RR_W6_D1_M2,1,Team Peps
5,5436,8,21,4114,8555,4,0,1,Support,0,EMEA_S2_RR_W6_D1_M2,1,Team Peps
14,10406,1,11,0,0,5,0,6,Damage,1,EMEA_S2_RR_W6_D1_M2,1,Virtuspro
20,8028,0,61,0,0,0,2,12,Damage,1,EMEA_S2_RR_W6_D1_M2,1,Virtuspro
20,9398,14,69,13485,902,4,0,5,Tank,1,EMEA_S2_RR_W6_D1_M2,1,Virtuspro
14,4462,19,32,4626,7214,4,0,2,Support,1,EMEA_S2_RR_W6_D1_M2,1,Virtuspro
8,5309,16,23,378,10344,3,0,0,Support,1,EMEA_S2_RR_W6_D1_M2,1,Virtuspro
7,6701,0,82,2049,145,8,0,5,Damage,0,EMEA_S2_RR_W6_D1_M2,2,Team Peps
11,9192,0,54,0,0,6,0,3,Damage,0,EMEA_S2_RR_W6_D1_M2,2,Team Peps
9,10464,4,118,7658,0,6,0,3,Tank,0,EMEA_S2_RR_W6_D1_M2,2,Team Peps
8,3086,9,53,600,15302,4,0,1,Support,0,EMEA_S2_RR_W6_D1_M2,2,Team Peps
6,2307,10,87,5373,6056,8,0,0,Support,0,EMEA_S2_RR_W6_D1_M2,2,Team Peps
26,9621,0,68,0,0,2,0,10,Damage,1,EMEA_S2_RR_W6_D1_M2,2,Virtuspro
21,8750,0,65,1160,174,4,0,11,Damage,1,EMEA_S2_RR_W6_D1_M2,2,Virtuspro
24,12297,6,118,12013,0,3,0,6,Tank,1,EMEA_S2_RR_W6_D1_M2,2,Virtuspro
14,3790,26,92,3169,8170,1,0,4,Support,1,EMEA_S2_RR_W6_D1_M2,2,Virtuspro
16,2726,22,34,0,14443,2,0,1,Support,1,EMEA_S2_RR_W6_D1_M2,2,Virtuspro
28,12339,0,27,182,28,9,1,15,Damage,1,EMEA_S2_RR_W6_D1_M2,3,Team Peps
19,7917,0,48,0,0,9,0,8,Damage,1,EMEA_S2_RR_W6_D1_M2,3,Team Peps
33,14839,10,112,11703,0,8,2,13,Tank,1,EMEA_S2_RR_W6_D1_M2,3,Team Peps
23,3898,29,42,1227,22787,8,0,5,Support,1,EMEA_S2_RR_W6_D1_M2,3,Team Peps
22,7903,24,37,4016,9162,8,0,5,Support,1,EMEA_S2_RR_W6_D1_M2,3,Team Peps
23,17460,1,17,9,0,11,1,15,Damage,0,EMEA_S2_RR_W6_D1_M2,3,Virtuspro
30,9566,0,62,0,0,6,3,14,Damage,0,EMEA_S2_RR_W6_D1_M2,3,Virtuspro
20,16646,5,116,24365,0,11,0,4,Tank,0,EMEA_S2_RR_W6_D1_M2,3,Virtuspro
17,6004,14,61,2186,6925,10,0,4,Support,0,EMEA_S2_RR_W6_D1_M2,3,Virtuspro
19,7913,13,42,374,12974,9,0,5,Support,0,EMEA_S2_RR_W6_D1_M2,3,Virtuspro
20,7965,2,25,178,69,9,0,7,Damage,0,EMEA_S2_RR_W6_D1_M2,4,Team Peps
21,6933,0,84,0,0,4,1,7,Damage,0,EMEA_S2_RR_W6_D1_M2,4,Team Peps
18,11129,3,129,9041,0,6,0,8,Tank,0,EMEA_S2_RR_W6_D1_M2,4,Team Peps
9,3214,17,59,1304,15022,7,0,2,Support,0,EMEA_S2_RR_W6_D1_M2,4,Team Peps
21,5039,12,51,1611,4706,8,0,7,Support,0,EMEA_S2_RR_W6_D1_M2,4,Team Peps
15,12258,2,41,258,0,8,1,7,Damage,1,EMEA_S2_RR_W6_D1_M2,4,Virtuspro
21,6878,0,49,0,0,5,2,10,Damage,1,EMEA_S2_RR_W6_D1_M2,4,Virtuspro
19,12235,4,120,9952,0,7,0,9,Tank,1,EMEA_S2_RR_W6_D1_M2,4,Virtuspro
15,3959,14,67,2992,5012,5,0,6,Support,1,EMEA_S2_RR_W6_D1_M2,4,Virtuspro
15,5017,17,61,11,11353,6,0,1,Support,1,EMEA_S2_RR_W6_D1_M2,4,Virtuspro
15,10376,0,109,0,0,5,0,6,Damage,0,EMEA_S2_RR_W3_D2_M1,1,Quick Esports
14,16992,0,54,0,0,8,1,6,Damage,0,EMEA_S2_RR_W3_D2_M1,1,Quick Esports
16,11763,8,188,23623,2216,5,0,8,Tank,0,EMEA_S2_RR_W3_D2_M1,1,Quick Esports
7,6123,12,84,2972,8471,8,0,2,Support,0,EMEA_S2_RR_W3_D2_M1,1,Quick Esports
8,6521,13,76,0,13111,6,0,2,Support,0,EMEA_S2_RR_W3_D2_M1,1,Quick Esports
19,16899,3,145,742,310,9,0,8,Damage,1,EMEA_S2_RR_W3_D2_M1,1,Frost Tails
20,9677,0,131,0,0,2,1,8,Damage,1,EMEA_S2_RR_W3_D2_M1,1,Frost Tails
21,11136,11,191,21586,1908,4,3,9,Tank,1,EMEA_S2_RR_W3_D2_M1,1,Frost Tails
4,5638,20,39,0,16806,5,0,1,Support,1,EMEA_S2_RR_W3_D2_M1,1,Frost Tails
12,6916,13,105,1783,9500,4,0,5,Support,1,EMEA_S2_RR_W3_D2_M1,1,Frost Tails
31,14015,2,187,7811,1002,5,0,12,Damage,1,EMEA_S2_RR_W3_D2_M1,2,Quick Esports
28,18353,0,99,0,0,7,0,13,Damage,1,EMEA_S2_RR_W3_D2_M1,2,Quick Esports
30,15931,20,183,26658,1169,3,1,9,Tank,1,EMEA_S2_RR_W3_D2_M1,2,Quick Esports
20,9293,35,247,8015,14647,5,2,10,Support,1,EMEA_S2_RR_W3_D2_M1,2,Quick Esports
20,6403,28,56,0,19141,6,0,6,Support,1,EMEA_S2_RR_W3_D2_M1,2,Quick Esports
18,18605,0,135,215,0,12,1,11,Damage,0,EMEA_S2_RR_W3_D2_M1,2,Frost Tails
12,13351,3,172,13132,2713,11,1,4,Damage,0,EMEA_S2_RR_W3_D2_M1,2,Frost Tails
19,14604,6,193,19765,1172,6,0,8,Tank,0,EMEA_S2_RR_W3_D2_M1,2,Frost Tails
16,5991,14,56,0,19356,11,0,2,Support,0,EMEA_S2_RR_W3_D2_M1,2,Frost Tails
4,4094,18,73,3241,13679,12,0,1,Support,0,EMEA_S2_RR_W3_D2_M1,2,Frost Tails
25,9525,0,101,0,0,6,3,8,Damage,1,EMEA_S2_RR_W3_D2_M1,3,Quick Esports
17,12362,0,24,0,0,7,0,7,Damage,1,EMEA_S2_RR_W3_D2_M1,3,Quick Esports
23,9310,8,168,15800,884,7,0,11,Tank,1,EMEA_S2_RR_W3_D2_M1,3,Quick Esports
8,5394,14,52,1721,8136,8,0,2,Support,1,EMEA_S2_RR_W3_D2_M1,3,Quick Esports
14,6113,12,79,0,12437,7,0,8,Support,1,EMEA_S2_RR_W3_D2_M1,3,Quick Esports
14,12335,0,111,0,0,11,1,8,Damage,0,EMEA_S2_RR_W3_D2_M1,3,Frost Tails
20,9867,0,180,0,0,5,3,10,Damage,0,EMEA_S2_RR_W3_D2_M1,3,Frost Tails
22,11203,14,349,16416,1436,5,1,7,Tank,0,EMEA_S2_RR_W3_D2_M1,3,Frost Tails
12,5797,17,140,0,11547,7,0,7,Support,0,EMEA_S2_RR_W3_D2_M1,3,Frost Tails
9,4471,14,117,2038,7822,8,0,2,Support,0,EMEA_S2_RR_W3_D2_M1,3,Frost Tails
21,13663,2,62,3378,1631,9,1,12,Damage,0,EMEA_S2_RR_W3_D2_M1,4,Quick Esports
27,19825,1,43,0,0,10,3,14,Damage,0,EMEA_S2_RR_W3_D2_M1,4,Quick Esports
24,14643,8,179,20407,364,9,1,9,Tank,0,EMEA_S2_RR_W3_D2_M1,4,Quick Esports
13,5945,14,148,2975,8418,11,0,5,Support,0,EMEA_S2_RR_W3_D2_M1,4,Quick Esports
13,5281,24,75,0,22201,7,0,2,Support,0,EMEA_S2_RR_W3_D2_M1,4,Quick Esports
28,17824,0,93,355,188,13,4,14,Damage,1,EMEA_S2_RR_W3_D2_M1,4,Frost Tails
30,13475,0,96,1533,22,8,0,12,Damage,1,EMEA_S2_RR_W3_D2_M1,4,Frost Tails
30,17744,8,167,22686,508,5,0,11,Tank,1,EMEA_S2_RR_W3_D2_M1,4,Frost Tails
15,4963,24,108,0,21834,8,0,5,Support,1,EMEA_S2_RR_W3_D2_M1,4,Frost Tails
18,6588,22,138,4040,9882,8,1,4,Support,1,EMEA_S2_RR_W3_D2_M1,4,Frost Tails
21,11827,11,74,2465,1215,9,0,8,Damage,1,EMEA_S2_RR_W3_D2_M1,5,Quick Esports
25,13099,0,27,0,0,6,4,13,Damage,1,EMEA_S2_RR_W3_D2_M1,5,Quick Esports
23,16201,4,126,12617,0,4,0,13,Tank,1,EMEA_S2_RR_W3_D2_M1,5,Quick Esports
12,2534,18,20,4593,10483,7,0,3,Support,1,EMEA_S2_RR_W3_D2_M1,5,Quick Esports
19,3971,21,13,0,19168,6,1,4,Support,1,EMEA_S2_RR_W3_D2_M1,5,Quick Esports
23,12890,0,33,27,0,9,1,14,Damage,0,EMEA_S2_RR_W3_D2_M1,5,Frost Tails
17,11110,0,85,2747,176,9,3,9,Damage,0,EMEA_S2_RR_W3_D2_M1,5,Frost Tails
22,16043,3,97,15090,600,6,0,6,Tank,0,EMEA_S2_RR_W3_D2_M1,5,Frost Tails
12,4655,14,7,0,16659,8,0,1,Support,0,EMEA_S2_RR_W3_D2_M1,5,Frost Tails
10,4246,19,33,4227,8826,9,0,2,Support,0,EMEA_S2_RR_W3_D2_M1,5,Frost Tails
14,12086,0,12,0,0,6,0,6,Damage,0,EMEA_S2_RR_W3_D1_M1,1,Virtuspro
20,8421,0,22,924,61,7,0,7,Damage,0,EMEA_S2_RR_W3_D1_M1,1,Virtuspro
19,11048,7,55,6539,0,8,0,5,Tank,0,EMEA_S2_RR_W3_D1_M1,1,Virtuspro
11,2981,14,16,0,12254,8,0,1,Support,0,EMEA_S2_RR_W3_D1_M1,1,Virtuspro
17,6492,19,27,5245,10413,7,0,6,Support,0,EMEA_S2_RR_W3_D1_M1,1,Virtuspro
26,12503,2,19,0,0,5,0,12,Damage,1,EMEA_S2_RR_W3_D1_M1,1,Al qadsiah
17,8959,4,16,2388,726,6,1,7,Damage,1,EMEA_S2_RR_W3_D1_M1,1,Al qadsiah
25,8967,13,70,12350,541,6,0,7,Tank,1,EMEA_S2_RR_W3_D1_M1,1,Al qadsiah
20,6503,17,16,0,14038,4,0,5,Support,1,EMEA_S2_RR_W3_D1_M1,1,Al qadsiah
12,3939,21,25,3380,10328,5,0,3,Support,1,EMEA_S2_RR_W3_D1_M1,1,Al qadsiah
9,10423,0,40,0,0,3,0,4,Damage,0,EMEA_S2_RR_W3_D1_M1,2,Virtuspro
12,7356,4,71,5121,1081,8,0,5,Damage,0,EMEA_S2_RR_W3_D1_M1,2,Virtuspro
10,9522,0,124,16608,0,7,0,5,Tank,0,EMEA_S2_RR_W3_D1_M1,2,Virtuspro
9,5964,2,47,0,8372,8,2,2,Support,0,EMEA_S2_RR_W3_D1_M1,2,Virtuspro
8,3687,7,39,1285,11382,6,0,4,Support,0,EMEA_S2_RR_W3_D1_M1,2,Virtuspro
22,10958,0,34,0,0,4,1,10,Damage,1,EMEA_S2_RR_W3_D1_M1,2,Al qadsiah
19,10032,3,53,3767,722,5,4,7,Damage,1,EMEA_S2_RR_W3_D1_M1,2,Al qadsiah
22,7548,9,36,14863,483,2,1,9,Tank,1,EMEA_S2_RR_W3_D1_M1,2,Al qadsiah
11,4969,13,58,0,11878,4,0,2,Support,1,EMEA_S2_RR_W3_D1_M1,2,Al qadsiah
16,3085,15,118,1364,6748,5,0,4,Support,1,EMEA_S2_RR_W3_D1_M1,2,Al qadsiah
10,9500,0,43,0,0,3,1,5,Damage,0,EMEA_S2_RR_W3_D1_M1,3,Virtuspro
10,5970,1,70,1300,0,7,0,5,Damage,0,EMEA_S2_RR_W3_D1_M1,3,Virtuspro
12,9638,4,153,7085,0,7,0,2,Tank,0,EMEA_S2_RR_W3_D1_M1,3,Virtuspro
13,3712,13,89,0,11722,5,0,1,Support,0,EMEA_S2_RR_W3_D1_M1,3,Virtuspro
9,4657,9,136,4127,7862,7,0,5,Support,0,EMEA_S2_RR_W3_D1_M1,3,Virtuspro
22,9139,0,20,0,0,3,0,8,Damage,1,EMEA_S2_RR_W3_D1_M1,3,Al qadsiah
18,8987,6,42,4071,462,4,0,3,Damage,1,EMEA_S2_RR_W3_D1_M1,3,Al qadsiah
25,10200,9,78,7407,0,4,1,12,Tank,1,EMEA_S2_RR_W3_D1_M1,3,Al qadsiah
14,3875,18,23,0,12062,4,0,3,Support,1,EMEA_S2_RR_W3_D1_M1,3,Al qadsiah
14,3169,16,35,1666,6294,3,0,3,Support,1,EMEA_S2_RR_W3_D1_M1,3,Al qadsiah
7,6540,0,71,2066,52,7,0,2,Damage,0,EMEA_S2_RR_W1_D2_M1,1,Frost Tails
9,9262,0,15,0,0,7,0,6,Damage,0,EMEA_S2_RR_W1_D2_M1,1,Frost Tails
8,7887,3,83,6869,0,8,0,2,Tank,0,EMEA_S2_RR_W1_D2_M1,1,Frost Tails
9,4950,7,16,0,8900,7,0,2,Support,0,EMEA_S2_RR_W1_D2_M1,1,Frost Tails
7,3359,8,32,1094,6808,4,0,2,Support,0,EMEA_S2_RR_W1_D2_M1,1,Frost Tails
20,10592,1,22,0,0,2,0,6,Damage,1,EMEA_S2_RR_W1_D2_M1,1,Team Peps
23,6698,0,38,1543,28,2,0,14,Damage,1,EMEA_S2_RR_W1_D2_M1,1,Team Peps
20,9156,8,111,8406,0,4,0,5,Tank,1,EMEA_S2_RR_W1_D2_M1,1,Team Peps
16,4024,27,45,0,13844,1,0,4,Support,1,EMEA_S2_RR_W1_D2_M1,1,Team Peps
12,3738,13,35,1128,5472,5,0,3,Support,1,EMEA_S2_RR_W1_D2_M1,1,Team Peps
9,6998,0,73,0,0,7,0,4,Damage,0,EMEA_S2_RR_W1_D2_M1,2,Frost Tails
7,10174,0,24,0,0,9,2,6,Damage,0,EMEA_S2_RR_W1_D2_M1,2,Frost Tails
10,8227,9,139,16398,376,3,0,1,Tank,0,EMEA_S2_RR_W1_D2_M1,2,Frost Tails
5,6611,8,5,0,7356,7,0,2,Support,0,EMEA_S2_RR_W1_D2_M1,2,Frost Tails
4,3915,5,26,0,10669,5,0,1,Support,0,EMEA_S2_RR_W1_D2_M1,2,Frost Tails
12,10303,1,55,0,0,2,0,7,Damage,1,EMEA_S2_RR_W1_D2_M1,2,Team Peps
14,7230,0,38,837,66,5,1,7,Damage,1,EMEA_S2_RR_W1_D2_M1,2,Team Peps
19,10057,9,175,15118,397,2,0,9,Tank,1,EMEA_S2_RR_W1_D2_M1,2,Team Peps
9,3815,24,49,0,14200,3,0,1,Support,1,EMEA_S2_RR_W1_D2_M1,2,Team Peps
13,5987,14,127,1542,7576,2,1,7,Support,1,EMEA_S2_RR_W1_D2_M1,2,Team Peps
18,8077,0,75,1379,0,8,0,10,Damage,0,EMEA_S2_RR_W1_D2_M1,3,Frost Tails
9,11040,1,63,0,0,9,1,5,Damage,0,EMEA_S2_RR_W1_D2_M1,3,Frost Tails
18,6975,10,193,7223,380,6,1,4,Tank,0,EMEA_S2_RR_W1_D2_M1,3,Frost Tails
7,6502,14,90,2963,5910,7,0,2,Support,0,EMEA_S2_RR_W1_D2_M1,3,Frost Tails
11,3640,14,70,0,13128,5,0,3,Support,0,EMEA_S2_RR_W1_D2_M1,3,Frost Tails
28,12770,0,20,0,0,4,0,13,Damage,1,EMEA_S2_RR_W1_D2_M1,3,Team Peps
18,7692,0,29,953,189,6,0,7,Damage,1,EMEA_S2_RR_W1_D2_M1,3,Team Peps
25,7082,17,122,16353,393,4,0,6,Tank,1,EMEA_S2_RR_W1_D2_M1,3,Team Peps
17,3397,18,58,0,14422,4,0,5,Support,1,EMEA_S2_RR_W1_D2_M1,3,Team Peps
15,4016,27,90,4035,7219,6,0,4,Support,1,EMEA_S2_RR_W1_D2_M1,3,Team Peps
6,7977,0,64,374,0,7,3,3,Damage,0,EMEA_S2_RR_W5_D1_M1,1,Quick Esports
9,9811,0,1,0,0,9,1,4,Damage,0,EMEA_S2_RR_W5_D1_M1,1,Quick Esports
15,9766,2,67,8270,0,7,2,10,Tank,0,EMEA_S2_RR_W5_D1_M1,1,Quick Esports
3,2453,5,38,3895,11522,9,0,0,Support,0,EMEA_S2_RR_W5_D1_M1,1,Quick Esports
5,4966,7,23,1657,12232,10,1,4,Support,0,EMEA_S2_RR_W5_D1_M1,1,Quick Esports
20,13450,1,23,0,0,6,0,5,Damage,1,EMEA_S2_RR_W5_D1_M1,1,GenG
24,8426,0,46,0,0,5,3,12,Damage,1,EMEA_S2_RR_W5_D1_M1,1,GenG
29,12712,6,64,9721,0,3,2,10,Tank,1,EMEA_S2_RR_W5_D1_M1,1,GenG
15,5568,19,33,4571,7315,5,0,7,Support,1,EMEA_S2_RR_W5_D1_M1,1,GenG
18,5223,19,17,1372,14984,2,0,4,Support,1,EMEA_S2_RR_W5_D1_M1,1,GenG
25,14851,0,115,4715,395,5,0,9,Damage,1,EMEA_S2_RR_W5_D1_M1,2,Quick Esports
24,16290,0,46,0,0,6,0,12,Damage,1,EMEA_S2_RR_W5_D1_M1,2,Quick Esports
20,8314,13,115,27280,805,5,1,6,Tank,1,EMEA_S2_RR_W5_D1_M1,2,Quick Esports
10,3359,26,158,5360,11928,6,0,4,Support,1,EMEA_S2_RR_W5_D1_M1,2,Quick Esports
18,6095,21,67,0,24810,5,0,5,Support,1,EMEA_S2_RR_W5_D1_M1,2,Quick Esports
13,13916,1,35,0,0,8,1,8,Damage,0,EMEA_S2_RR_W5_D1_M1,2,GenG
21,11635,0,40,3737,21,9,1,9,Damage,0,EMEA_S2_RR_W5_D1_M1,2,GenG
16,16067,1,147,20487,0,6,0,4,Tank,0,EMEA_S2_RR_W5_D1_M1,2,GenG
8,8065,17,42,2108,9182,7,0,2,Support,0,EMEA_S2_RR_W5_D1_M1,2,GenG
9,6941,14,59,592,20051,6,0,3,Support,0,EMEA_S2_RR_W5_D1_M1,2,GenG
14,6335,0,129,0,0,4,3,7,Damage,0,EMEA_S2_RR_W5_D1_M1,3,Quick Esports
14,9222,0,58,0,0,4,0,7,Damage,0,EMEA_S2_RR_W5_D1_M1,3,Quick Esports
11,5119,3,176,8362,475,6,0,3,Tank,0,EMEA_S2_RR_W5_D1_M1,3,Quick Esports
6,2793,10,121,3404,6750,7,0,2,Support,0,EMEA_S2_RR_W5_D1_M1,3,Quick Esports
12,4176,10,50,1125,10167,7,0,3,Support,0,EMEA_S2_RR_W5_D1_M1,3,Quick Esports
18,10273,1,23,0,0,5,0,5,Damage,1,EMEA_S2_RR_W5_D1_M1,3,GenG
15,7196,0,32,0,0,4,1,6,Damage,1,EMEA_S2_RR_W5_D1_M1,3,GenG
17,8581,1,114,10776,0,4,0,9,Tank,1,EMEA_S2_RR_W5_D1_M1,3,GenG
10,3221,14,26,3324,5612,5,0,2,Support,1,EMEA_S2_RR_W5_D1_M1,3,GenG
16,4283,12,9,995,8113,4,0,6,Support,1,EMEA_S2_RR_W5_D1_M1,3,GenG
16,9607,0,176,0,0,7,0,6,Damage,0,EMEA_S2_RR_W5_D1_M1,4,Quick Esports
19,12630,2,18,0,0,9,3,4,Damage,0,EMEA_S2_RR_W5_D1_M1,4,Quick Esports
23,11402,3,92,12245,34,6,1,14,Tank,0,EMEA_S2_RR_W5_D1_M1,4,Quick Esports
6,2609,12,54,6652,9262,9,0,1,Support,0,EMEA_S2_RR_W5_D1_M1,4,Quick Esports
11,2979,6,22,0,15472,10,0,6,Support,0,EMEA_S2_RR_W5_D1_M1,4,Quick Esports
18,12035,0,26,0,0,10,0,13,Damage,1,EMEA_S2_RR_W5_D1_M1,4,GenG
27,9054,0,99,0,0,6,2,12,Damage,1,EMEA_S2_RR_W5_D1_M1,4,GenG
27,12758,5,127,12192,0,4,1,8,Tank,1,EMEA_S2_RR_W5_D1_M1,4,GenG
10,5642,19,116,1912,9126,5,0,4,Support,1,EMEA_S2_RR_W5_D1_M1,4,GenG
12,5150,15,86,513,12449,6,0,4,Support,1,EMEA_S2_RR_W5_D1_M1,4,GenG
18,15699,1,70,763,0,11,2,9,Damage,0,EMEA_S2_RR_W5_D1_M3,1,Virtuspro
20,11092,0,131,0,0,6,1,13,Damage,0,EMEA_S2_RR_W5_D1_M3,1,Virtuspro
17,15047,2,146,10785,0,9,0,5,Tank,0,EMEA_S2_RR_W5_D1_M3,1,Virtuspro
10,7047,18,70,1691,19619,5,1,2,Support,0,EMEA_S2_RR_W5_D1_M3,1,Virtuspro
14,7567,14,92,2522,10012,5,1,3,Support,0,EMEA_S2_RR_W5_D1_M3,1,Virtuspro
21,15553,1,22,0,0,9,0,6,Damage,1,EMEA_S2_RR_W5_D1_M3,1,Twisted Minds
28,11081,0,140,0,0,4,0,10,Damage,1,EMEA_S2_RR_W5_D1_M3,1,Twisted Minds
27,11270,15,179,24042,2088,7,0,10,Tank,1,EMEA_S2_RR_W5_D1_M3,1,Twisted Minds
17,6975,16,79,3648,10291,5,0,4,Support,1,EMEA_S2_RR_W5_D1_M3,1,Twisted Minds
15,7371,22,70,0,17551,8,0,6,Support,1,EMEA_S2_RR_W5_D1_M3,1,Twisted Minds
9,6426,0,43,424,0,5,0,5,Damage,0,EMEA_S2_RR_W5_D1_M3,2,Virtuspro
12,5818,0,39,0,0,3,1,5,Damage,0,EMEA_S2_RR_W5_D1_M3,2,Virtuspro
13,6948,4,77,5770,0,4,0,4,Tank,0,EMEA_S2_RR_W5_D1_M3,2,Virtuspro
9,3941,8,28,629,10403,4,0,4,Support,0,EMEA_S2_RR_W5_D1_M3,2,Virtuspro
5,2457,14,50,1754,6477,2,0,0,Support,0,EMEA_S2_RR_W5_D1_M3,2,Virtuspro
10,7950,0,11,0,0,7,1,8,Damage,1,EMEA_S2_RR_W5_D1_M3,2,Twisted Minds
12,5068,0,45,0,0,1,0,1,Damage,1,EMEA_S2_RR_W5_D1_M3,2,Twisted Minds
9,8476,3,145,13081,568,4,0,5,Tank,1,EMEA_S2_RR_W5_D1_M3,2,Twisted Minds
9,1949,7,9,0,8691,3,0,3,Support,1,EMEA_S2_RR_W5_D1_M3,2,Twisted Minds
7,4713,11,30,0,4014,3,0,1,Support,1,EMEA_S2_RR_W5_D1_M3,2,Twisted Minds
13,8172,1,87,579,0,7,1,6,Damage,1,EMEA_S2_RR_W5_D1_M3,3,Virtuspro
19,7069,0,84,0,0,4,0,9,Damage,1,EMEA_S2_RR_W5_D1_M3,3,Virtuspro
21,11632,5,241,14351,0,7,2,7,Tank,1,EMEA_S2_RR_W5_D1_M3,3,Virtuspro
13,5270,7,90,0,6787,7,0,6,Support,1,EMEA_S2_RR_W5_D1_M3,3,Virtuspro
9,2513,14,112,0,16044,5,0,2,Support,1,EMEA_S2_RR_W5_D1_M3,3,Virtuspro
17,10902,0,23,0,0,7,0,8,Damage,0,EMEA_S2_RR_W5_D1_M3,3,Twisted Minds
21,7809,0,63,0,0,5,2,9,Damage,0,EMEA_S2_RR_W5_D1_M3,3,Twisted Minds
16,11661,2,174,12644,424,6,0,8,Tank,0,EMEA_S2_RR_W5_D1_M3,3,Twisted Minds
11,1969,10,31,0,8612,6,0,2,Support,0,EMEA_S2_RR_W5_D1_M3,3,Twisted Minds
14,6675,16,31,0,7530,6,1,3,Support,0,EMEA_S2_RR_W5_D1_M3,3,Twisted Minds
15,12110,2,34,522,0,6,1,11,Damage,1,EMEA_S2_RR_W5_D1_M3,4,Virtuspro
24,7242,0,45,0,0,4,2,13,Damage,1,EMEA_S2_RR_W5_D1_M3,4,Virtuspro
15,8912,3,70,7780,0,7,0,3,Tank,1,EMEA_S2_RR_W5_D1_M3,4,Virtuspro
14,4910,16,5,1944,15428,6,0,2,Support,1,EMEA_S2_RR_W5_D1_M3,4,Virtuspro
11,2537,15,34,4576,8476,7,0,4,Support,1,EMEA_S2_RR_W5_D1_M3,4,Virtuspro
18,12557,0,15,0,0,7,1,6,Damage,0,EMEA_S2_RR_W5_D1_M3,4,Twisted Minds
23,8468,0,73,0,0,5,2,14,Damage,0,EMEA_S2_RR_W5_D1_M3,4,Twisted Minds
17,13698,3,82,12097,1064,7,0,6,Tank,0,EMEA_S2_RR_W5_D1_M3,4,Twisted Minds
10,2432,12,10,0,10419,9,0,1,Support,0,EMEA_S2_RR_W5_D1_M3,4,Twisted Minds
17,6654,19,11,0,6184,5,0,3,Support,0,EMEA_S2_RR_W5_D1_M3,4,Twisted Minds
32,16824,2,64,1044,0,11,1,10,Damage,1,EMEA_S2_RR_W5_D1_M3,5,Virtuspro
35,13399,2,120,0,6,7,2,15,Damage,1,EMEA_S2_RR_W5_D1_M3,5,Virtuspro
35,17726,10,126,33710,300,8,1,12,Tank,1,EMEA_S2_RR_W5_D1_M3,5,Virtuspro
28,10748,19,90,422,21105,9,2,10,Support,1,EMEA_S2_RR_W5_D1_M3,5,Virtuspro
23,8031,21,116,1899,13920,7,1,9,Support,1,EMEA_S2_RR_W5_D1_M3,5,Virtuspro
26,19587,0,42,0,0,11,0,10,Damage,1,EMEA_S2_RR_W5_D1_M3,5,Twisted Minds
30,13801,2,74,2403,751,10,4,16,Damage,1,EMEA_S2_RR_W5_D1_M3,5,Twisted Minds
20,17876,10,181,34012,300,10,1,5,Tank,1,EMEA_S2_RR_W5_D1_M3,5,Twisted Minds
15,4250,12,94,0,19171,10,0,6,Support,1,EMEA_S2_RR_W5_D1_M3,5,Twisted Minds
14,9617,10,21,285,12627,15,1,5,Support,1,EMEA_S2_RR_W5_D1_M3,5,Twisted Minds
15,13419,1,19,0,0,7,1,7,Damage,0,EMEA_S2_RR_W5_D1_M3,6,Virtuspro
9,10591,2,48,2273,0,7,1,4,Damage,0,EMEA_S2_RR_W5_D1_M3,6,Virtuspro
11,10354,2,128,22716,0,10,0,6,Tank,0,EMEA_S2_RR_W5_D1_M3,6,Virtuspro
12,5724,11,37,2698,16013,8,0,4,Support,0,EMEA_S2_RR_W5_D1_M3,6,Virtuspro
6,3973,10,51,2350,9895,9,0,2,Support,0,EMEA_S2_RR_W5_D1_M3,6,Virtuspro
29,15786,0,36,0,0,5,1,13,Damage,1,EMEA_S2_RR_W5_D1_M3,6,Twisted Minds
23,8990,8,101,4022,703,6,0,8,Damage,1,EMEA_S2_RR_W5_D1_M3,6,Twisted Minds
22,16500,6,229,26391,1586,3,1,10,Tank,1,EMEA_S2_RR_W5_D1_M3,6,Twisted Minds
21,5554,24,173,2073,6751,5,0,5,Support,1,EMEA_S2_RR_W5_D1_M3,6,Twisted Minds
28,6251,25,49,669,15747,4,0,5,Support,1,EMEA_S2_RR_W5_D1_M3,6,Twisted Minds
11,9953,0,21,326,113,7,1,7,Damage,0,EMEA_S2_RR_W1_D1_M1,1,GenG
6,5237,2,10,0,297,11,1,4,Damage,0,EMEA_S2_RR_W1_D1_M1,1,GenG
11,6976,2,45,7514,298,4,1,5,Tank,0,EMEA_S2_RR_W1_D1_M1,1,GenG
9,2825,3,25,142,9897,7,0,3,Support,0,EMEA_S2_RR_W1_D1_M1,1,GenG
4,2911,11,38,2577,6533,10,0,2,Support,0,EMEA_S2_RR_W1_D1_M1,1,GenG
16,7021,0,10,0,0,5,1,9,Damage,1,EMEA_S2_RR_W1_D1_M1,1,The Ultimates
19,6801,3,24,0,345,5,1,7,Damage,1,EMEA_S2_RR_W1_D1_M1,1,The Ultimates
28,12087,3,59,6653,0,0,2,13,Tank,1,EMEA_S2_RR_W1_D1_M1,1,The Ultimates
15,4859,13,41,0,4316,4,0,4,Support,1,EMEA_S2_RR_W1_D1_M1,1,The Ultimates
16,3910,7,21,317,6744,7,0,6,Support,1,EMEA_S2_RR_W1_D1_M1,1,The Ultimates
10,9833,0,16,210,110,5,1,6,Damage,0,EMEA_S2_RR_W1_D1_M1,2,GenG
8,4900,0,32,0,0,7,0,1,Damage,0,EMEA_S2_RR_W1_D1_M1,2,GenG
9,6063,4,17,5282,0,6,0,4,Tank,0,EMEA_S2_RR_W1_D1_M1,2,GenG
0,1148,9,6,0,9056,8,0,0,Support,0,EMEA_S2_RR_W1_D1_M1,2,GenG
3,1155,6,10,2333,4483,7,0,2,Support,0,EMEA_S2_RR_W1_D1_M1,2,GenG
15,7976,0,20,0,0,2,0,6,Damage,1,EMEA_S2_RR_W1_D1_M1,2,The Ultimates
21,5237,0,18,0,0,1,2,9,Damage,1,EMEA_S2_RR_W1_D1_M1,2,The Ultimates
25,10228,4,30,9160,0,2,1,8,Tank,1,EMEA_S2_RR_W1_D1_M1,2,The Ultimates
10,2615,18,20,3611,6993,3,0,3,Support,1,EMEA_S2_RR_W1_D1_M1,2,The Ultimates
13,5004,15,8,1288,6924,6,0,4,Support,1,EMEA_S2_RR_W1_D1_M1,2,The Ultimates
4,6360,0,24,243,23,8,2,4,Damage,0,EMEA_S2_RR_W1_D1_M1,3,GenG
9,5216,0,47,660,188,9,2,4,Damage,0,EMEA_S2_RR_W1_D1_M1,3,GenG
3,6662,0,116,5222,0,7,0,3,Tank,0,EMEA_S2_RR_W1_D1_M1,3,GenG
1,636,2,7,0,7948,8,0,0,Support,0,EMEA_S2_RR_W1_D1_M1,3,GenG
1,1591,6,48,3472,5672,8,0,0,Support,0,EMEA_S2_RR_W1_D1_M1,3,GenG
24,7998,0,12,0,0,2,0,8,Damage,1,EMEA_S2_RR_W1_D1_M1,3,The Ultimates
27,6912,0,63,0,0,0,0,9,Damage,1,EMEA_S2_RR_W1_D1_M1,3,The Ultimates
31,9649,7,92,9392,0,0,4,13,Tank,1,EMEA_S2_RR_W1_D1_M1,3,The Ultimates
15,2142,20,40,2223,5387,4,0,7,Support,1,EMEA_S2_RR_W1_D1_M1,3,The Ultimates
17,4044,16,7,706,5865,5,0,3,Support,1,EMEA_S2_RR_W1_D1_M1,3,The Ultimates
19,7450,5,23,2733,559,1,0,5,Damage,1,EMEA_S2_RR_W2_D1_M2,1,Al qadsiah
23,8056,2,22,0,0,2,0,8,Damage,1,EMEA_S2_RR_W2_D1_M2,1,Al qadsiah
29,9985,4,23,6440,0,1,1,17,Tank,1,EMEA_S2_RR_W2_D1_M2,1,Al qadsiah
13,2321,20,11,0,10215,3,0,1,Support,1,EMEA_S2_RR_W2_D1_M2,1,Al qadsiah
13,4731,6,8,0,4682,4,0,4,Support,1,EMEA_S2_RR_W2_D1_M2,1,Al qadsiah
7,4525,0,30,1896,14,7,2,3,Damage,0,EMEA_S2_RR_W2_D1_M2,1,Frost Tails
5,6489,1,3,324,113,8,0,3,Damage,0,EMEA_S2_RR_W2_D1_M2,1,Frost Tails
6,8205,1,29,6495,0,7,0,3,Tank,0,EMEA_S2_RR_W2_D1_M2,1,Frost Tails
1,1513,3,0,0,9270,7,0,0,Support,0,EMEA_S2_RR_W2_D1_M2,1,Frost Tails
3,4573,4,2,0,6193,6,1,2,Support,0,EMEA_S2_RR_W2_D1_M2,1,Frost Tails
16,5977,1,12,2189,0,5,1,6,Damage,1,EMEA_S2_RR_W2_D1_M2,2,Al qadsiah
20,8669,1,22,0,0,6,2,13,Damage,1,EMEA_S2_RR_W2_D1_M2,2,Al qadsiah
27,10806,5,121,9608,0,5,0,10,Tank,1,EMEA_S2_RR_W2_D1_M2,2,Al qadsiah
13,4746,25,51,0,11812,4,1,6,Support,1,EMEA_S2_RR_W2_D1_M2,2,Al qadsiah
24,7720,10,9,0,7585,5,1,7,Support,1,EMEA_S2_RR_W2_D1_M2,2,Al qadsiah
14,8628,0,59,0,0,8,1,7,Damage,0,EMEA_S2_RR_W2_D1_M2,2,Frost Tails
11,10065,0,61,0,0,9,0,9,Damage,0,EMEA_S2_RR_W2_D1_M2,2,Frost Tails
12,10001,3,222,7943,0,8,0,7,Tank,0,EMEA_S2_RR_W2_D1_M2,2,Frost Tails
9,3322,12,109,1819,6204,10,0,2,Support,0,EMEA_S2_RR_W2_D1_M2,2,Frost Tails
11,4475,14,85,0,10960,7,0,0,Support,0,EMEA_S2_RR_W2_D1_M2,2,Frost Tails
13,10703,0,59,245,54,7,1,7,Damage,1,EMEA_S2_RR_W6_D2_M1,1,Team Peps
22,6748,0,70,0,0,4,2,9,Damage,1,EMEA_S2_RR_W6_D2_M1,1,Team Peps
18,11652,6,164,7873,0,6,0,9,Tank,1,EMEA_S2_RR_W6_D2_M1,1,Team Peps
16,4756,16,18,682,13196,7,0,4,Support,1,EMEA_S2_RR_W6_D2_M1,1,Team Peps
20,6203,15,48,1751,5187,5,1,5,Support,1,EMEA_S2_RR_W6_D2_M1,1,Team Peps
16,11675,0,46,132,73,7,2,7,Damage,0,EMEA_S2_RR_W6_D2_M1,1,Quick Esports
17,7907,0,110,0,0,6,1,7,Damage,0,EMEA_S2_RR_W6_D2_M1,1,Quick Esports
14,10199,4,117,8051,0,9,0,8,Tank,0,EMEA_S2_RR_W6_D2_M1,1,Quick Esports
14,4579,12,42,2321,4861,7,0,2,Support,0,EMEA_S2_RR_W6_D2_M1,1,Quick Esports
12,2551,7,9,686,14367,7,0,3,Support,0,EMEA_S2_RR_W6_D2_M1,1,Quick Esports
36,18015,0,64,74,67,6,1,15,Damage,1,EMEA_S2_RR_W6_D2_M1,2,Team Peps
33,10274,0,157,0,0,5,1,8,Damage,1,EMEA_S2_RR_W6_D2_M1,2,Team Peps
38,20173,13,250,11238,0,6,1,16,Tank,1,EMEA_S2_RR_W6_D2_M1,2,Team Peps
12,2590,16,62,931,9483,2,0,1,Support,1,EMEA_S2_RR_W6_D2_M1,2,Team Peps
15,6242,29,155,9466,13415,7,0,5,Support,1,EMEA_S2_RR_W6_D2_M1,2,Team Peps
13,20521,2,76,449,0,12,1,5,Damage,0,EMEA_S2_RR_W6_D2_M1,2,Quick Esports
20,11085,0,176,0,0,6,2,12,Damage,0,EMEA_S2_RR_W6_D2_M1,2,Quick Esports
20,17899,6,208,14014,0,11,0,9,Tank,0,EMEA_S2_RR_W6_D2_M1,2,Quick Esports
12,4059,18,130,8360,12194,10,0,3,Support,0,EMEA_S2_RR_W6_D2_M1,2,Quick Esports
10,5667,14,47,1560,21346,11,0,2,Support,0,EMEA_S2_RR_W6_D2_M1,2,Quick Esports
23,13085,1,22,207,81,8,0,10,Damage,0,EMEA_S2_RR_W6_D2_M1,3,Team Peps
16,7792,0,37,0,0,12,2,5,Damage,0,EMEA_S2_RR_W6_D2_M1,3,Team Peps
27,16417,9,70,10500,0,7,1,10,Tank,0,EMEA_S2_RR_W6_D2_M1,3,Team Peps
17,6009,20,18,975,15592,8,2,6,Support,0,EMEA_S2_RR_W6_D2_M1,3,Team Peps
16,5898,13,29,1700,5255,10,1,6,Support,0,EMEA_S2_RR_W6_D2_M1,3,Team Peps
29,14273,3,27,222,0,8,2,17,Damage,1,EMEA_S2_RR_W6_D2_M1,3,Quick Esports
27,10368,2,46,1136,0,6,2,12,Damage,1,EMEA_S2_RR_W6_D2_M1,3,Quick Esports
18,11421,8,71,11040,0,8,1,6,Tank,1,EMEA_S2_RR_W6_D2_M1,3,Quick Esports
18,5011,20,48,5602,8218,9,1,4,Support,1,EMEA_S2_RR_W6_D2_M1,3,Quick Esports
18,3949,25,20,1248,17050,7,0,4,Support,1,EMEA_S2_RR_W6_D2_M1,3,Quick Esports
21,8405,4,66,280,48,6,0,8,Damage,0,EMEA_S2_RR_W6_D2_M1,4,Team Peps
20,6579,0,147,0,0,7,1,6,Damage,0,EMEA_S2_RR_W6_D2_M1,4,Team Peps
21,10610,3,197,6132,0,6,0,9,Tank,0,EMEA_S2_RR_W6_D2_M1,4,Team Peps
11,3275,13,26,340,10791,9,0,1,Support,0,EMEA_S2_RR_W6_D2_M1,4,Team Peps
15,4901,13,45,784,4587,6,0,5,Support,0,EMEA_S2_RR_W6_D2_M1,4,Team Peps
12,9551,1,67,160,0,7,0,1,Damage,1,EMEA_S2_RR_W6_D2_M1,4,Quick Esports
23,6851,0,65,0,0,5,2,10,Damage,1,EMEA_S2_RR_W6_D2_M1,4,Quick Esports
25,10429,3,169,7719,0,4,0,16,Tank,1,EMEA_S2_RR_W6_D2_M1,4,Quick Esports
10,2458,23,133,5390,8027,5,1,3,Support,1,EMEA_S2_RR_W6_D2_M1,4,Quick Esports
11,3421,15,53,752,9926,8,0,4,Support,1,EMEA_S2_RR_W6_D2_M1,4,Quick Esports
44,15910,0,100,0,0,4,1,16,Damage,1,EMEA_S2_RR_W6_D2_M1,5,Team Peps
34,10257,0,122,1666,282,4,1,8,Damage,1,EMEA_S2_RR_W6_D2_M1,5,Team Peps
38,17443,11,194,9857,0,3,0,21,Tank,1,EMEA_S2_RR_W6_D2_M1,5,Team Peps
26,3905,32,115,0,19694,6,0,4,Support,1,EMEA_S2_RR_W6_D2_M1,5,Team Peps
30,5908,46,170,6819,13144,3,0,5,Support,1,EMEA_S2_RR_W6_D2_M1,5,Team Peps
15,14281,2,79,375,0,10,0,6,Damage,0,EMEA_S2_RR_W6_D2_M1,5,Quick Esports
14,11406,0,113,4633,366,13,0,7,Damage,0,EMEA_S2_RR_W6_D2_M1,5,Quick Esports
12,14228,5,147,9919,0,11,0,5,Tank,0,EMEA_S2_RR_W6_D2_M1,5,Quick Esports
6,4063,17,152,4747,10619,11,0,0,Support,0,EMEA_S2_RR_W6_D2_M1,5,Quick Esports
14,4035,15,51,0,18663,10,0,2,Support,0,EMEA_S2_RR_W6_D2_M1,5,Quick Esports
9,8501,0,27,0,0,8,0,2,Damage,0,EMEA_S2_RR_W6_D2_M3,1,The Ultimates
9,6035,0,43,11840,124,7,1,4,Damage,0,EMEA_S2_RR_W6_D2_M3,1,The Ultimates
11,8410,1,68,7800,0,6,0,5,Tank,0,EMEA_S2_RR_W6_D2_M3,1,The Ultimates
3,3206,5,17,2104,5833,9,0,2,Support,0,EMEA_S2_RR_W6_D2_M3,1,The Ultimates
1,2241,4,18,0,7805,7,0,1,Support,0,EMEA_S2_RR_W6_D2_M3,1,The Ultimates
24,9003,0,54,0,0,3,0,7,Damage,1,EMEA_S2_RR_W6_D2_M3,1,Virtuspro
21,7264,0,56,11319,33,2,1,10,Damage,1,EMEA_S2_RR_W6_D2_M3,1,Virtuspro
25,8236,6,51,7109,0,2,0,12,Tank,1,EMEA_S2_RR_W6_D2_M3,1,Virtuspro
17,4033,16,40,1293,5658,4,0,3,Support,1,EMEA_S2_RR_W6_D2_M3,1,Virtuspro
13,3315,24,57,0,13700,3,0,5,Support,1,EMEA_S2_RR_W6_D2_M3,1,Virtuspro
15,8507,0,90,0,0,7,0,3,Damage,0,EMEA_S2_RR_W6_D2_M3,2,The Ultimates
16,8699,0,124,1849,200,3,0,9,Damage,0,EMEA_S2_RR_W6_D2_M3,2,The Ultimates
14,11934,5,147,7050,0,5,0,8,Tank,0,EMEA_S2_RR_W6_D2_M3,2,The Ultimates
7,3311,7,84,853,8221,9,1,2,Support,0,EMEA_S2_RR_W6_D2_M3,2,The Ultimates
7,2496,17,60,0,14694,4,0,0,Support,0,EMEA_S2_RR_W6_D2_M3,2,The Ultimates
19,9545,0,32,0,0,5,0,4,Damage,1,EMEA_S2_RR_W6_D2_M3,2,Virtuspro
16,7437,0,57,1912,24,7,0,4,Damage,1,EMEA_S2_RR_W6_D2_M3,2,Virtuspro
20,13896,4,111,11142,0,2,0,13,Tank,1,EMEA_S2_RR_W6_D2_M3,2,Virtuspro
10,3520,21,59,0,15996,4,0,1,Support,1,EMEA_S2_RR_W6_D2_M3,2,Virtuspro
11,3822,16,111,4224,7978,4,0,6,Support,1,EMEA_S2_RR_W6_D2_M3,2,Virtuspro
9,6066,0,14,0,0,3,0,3,Damage,0,EMEA_S2_RR_W6_D2_M3,3,The Ultimates
7,4676,1,24,0,0,3,0,3,Damage,0,EMEA_S2_RR_W6_D2_M3,3,The Ultimates
5,5640,0,44,8323,29,7,0,3,Tank,0,EMEA_S2_RR_W6_D2_M3,3,The Ultimates
4,4002,3,4,0,4707,7,1,4,Support,0,EMEA_S2_RR_W6_D2_M3,3,The Ultimates
4,2130,3,13,1526,7656,7,1,2,Support,0,EMEA_S2_RR_W6_D2_M3,3,The Ultimates
14,7354,0,7,68,0,6,0,8,Damage,1,EMEA_S2_RR_W6_D2_M3,3,Virtuspro
21,4397,1,37,0,0,1,0,5,Damage,1,EMEA_S2_RR_W6_D2_M3,3,Virtuspro
19,8719,3,29,4384,0,2,2,11,Tank,1,EMEA_S2_RR_W6_D2_M3,3,Virtuspro
7,3421,4,6,0,5320,4,0,2,Support,1,EMEA_S2_RR_W6_D2_M3,3,Virtuspro
10,4472,14,17,458,8358,2,0,1,Support,1,EMEA_S2_RR_W6_D2_M3,3,Virtuspro
8,4766,0,12,536,58,10,1,6,Damage,0,EMEA_S2_RR_W4_D2_M1,1,Quick Esports
5,7356,0,0,0,0,9,0,1,Damage,0,EMEA_S2_RR_W4_D2_M1,1,Quick Esports
10,7712,2,46,6736,0,8,0,6,Tank,0,EMEA_S2_RR_W4_D2_M1,1,Quick Esports
2,1231,3,3,1971,4159,7,0,1,Support,0,EMEA_S2_RR_W4_D2_M1,1,Quick Esports
9,3187,8,14,0,7847,7,0,1,Support,0,EMEA_S2_RR_W4_D2_M1,1,Quick Esports
25,9677,1,1,0,0,2,0,15,Damage,1,EMEA_S2_RR_W4_D2_M1,1,Al qadsiah
20,5874,1,7,775,21,2,2,5,Damage,1,EMEA_S2_RR_W4_D2_M1,1,Al qadsiah
25,6680,11,75,7337,0,2,1,9,Tank,1,EMEA_S2_RR_W4_D2_M1,1,Al qadsiah
23,6861,13,1,506,7658,5,2,10,Support,1,EMEA_S2_RR_W4_D2_M1,1,Al qadsiah
9,1737,18,18,3725,5419,4,0,1,Support,1,EMEA_S2_RR_W4_D2_M1,1,Al qadsiah
21,12825,0,95,5122,252,10,2,10,Damage,0,EMEA_S2_RR_W4_D2_M1,2,Quick Esports
25,14736,0,28,0,0,10,1,12,Damage,0,EMEA_S2_RR_W4_D2_M1,2,Quick Esports
18,14519,4,91,20814,753,9,1,5,Tank,0,EMEA_S2_RR_W4_D2_M1,2,Quick Esports
10,4790,20,172,5684,12450,8,0,5,Support,0,EMEA_S2_RR_W4_D2_M1,2,Quick Esports
17,6542,16,60,0,19311,9,0,5,Support,0,EMEA_S2_RR_W4_D2_M1,2,Quick Esports
31,12915,0,50,0,0,11,1,19,Damage,1,EMEA_S2_RR_W4_D2_M1,2,Al qadsiah
24,17166,5,25,0,0,9,0,13,Damage,1,EMEA_S2_RR_W4_D2_M1,2,Al qadsiah
29,17019,9,160,16015,0,6,1,9,Tank,1,EMEA_S2_RR_W4_D2_M1,2,Al qadsiah
24,10827,20,148,938,14759,8,1,4,Support,1,EMEA_S2_RR_W4_D2_M1,2,Al qadsiah
4,833,33,66,810,18092,3,0,1,Support,1,EMEA_S2_RR_W4_D2_M1,2,Al qadsiah
14,7578,1,32,583,61,6,1,8,Damage,0,EMEA_S2_RR_W4_D2_M1,3,Quick Esports
10,8157,1,7,0,0,8,0,2,Damage,0,EMEA_S2_RR_W4_D2_M1,3,Quick Esports
14,7170,4,28,6328,0,8,0,6,Tank,0,EMEA_S2_RR_W4_D2_M1,3,Quick Esports
4,2127,10,21,2094,4766,7,0,1,Support,0,EMEA_S2_RR_W4_D2_M1,3,Quick Esports
9,2074,10,11,0,8067,7,0,4,Support,0,EMEA_S2_RR_W4_D2_M1,3,Quick Esports
17,7957,1,7,0,0,6,0,7,Damage,1,EMEA_S2_RR_W4_D2_M1,3,Al qadsiah
27,6857,12,17,0,440,4,1,9,Damage,1,EMEA_S2_RR_W4_D2_M1,3,Al qadsiah
25,6869,9,40,8242,0,2,0,10,Tank,1,EMEA_S2_RR_W4_D2_M1,3,Al qadsiah
15,4785,7,6,1129,7245,5,0,5,Support,1,EMEA_S2_RR_W4_D2_M1,3,Al qadsiah
14,2341,24,30,2861,7850,4,0,5,Support,1,EMEA_S2_RR_W4_D2_M1,3,Al qadsiah
11,6328,0,70,0,0,5,2,6,Damage,0,EMEA_S2_RR_W3_D1_M2,1,Team Peps
16,9925,0,8,0,0,6,1,9,Damage,0,EMEA_S2_RR_W3_D1_M2,1,Team Peps
8,7512,2,68,7286,0,6,0,4,Tank,0,EMEA_S2_RR_W3_D1_M2,1,Team Peps
8,4503,10,27,0,8383,6,2,4,Support,0,EMEA_S2_RR_W3_D1_M2,1,Team Peps
9,2539,8,14,0,11869,12,0,0,Support,0,EMEA_S2_RR_W3_D1_M2,1,Team Peps
20,6295,3,44,0,274,6,2,10,Damage,1,EMEA_S2_RR_W3_D1_M2,1,GenG
18,12353,0,28,0,0,4,3,6,Damage,1,EMEA_S2_RR_W3_D1_M2,1,GenG
19,10661,3,88,8318,53,4,0,6,Tank,1,EMEA_S2_RR_W3_D1_M2,1,GenG
14,3981,7,23,0,10845,4,0,4,Support,1,EMEA_S2_RR_W3_D1_M2,1,GenG
15,7356,6,44,0,6394,5,1,7,Support,1,EMEA_S2_RR_W3_D1_M2,1,GenG
35,9451,0,79,478,175,5,1,9,Damage,1,EMEA_S2_RR_W3_D1_M2,2,Team Peps
30,14935,0,42,0,0,3,0,14,Damage,1,EMEA_S2_RR_W3_D1_M2,2,Team Peps
39,14558,15,260,17690,106,2,0,16,Tank,1,EMEA_S2_RR_W3_D1_M2,2,Team Peps
23,9227,22,66,0,13725,7,1,8,Support,1,EMEA_S2_RR_W3_D1_M2,2,Team Peps
17,4665,24,121,603,19308,6,0,4,Support,1,EMEA_S2_RR_W3_D1_M2,2,Team Peps
10,8526,2,77,1612,30,14,0,3,Damage,0,EMEA_S2_RR_W3_D1_M2,2,GenG
17,17703,2,47,0,0,8,2,9,Damage,0,EMEA_S2_RR_W3_D1_M2,2,GenG
14,12258,5,260,21088,211,8,1,6,Tank,0,EMEA_S2_RR_W3_D1_M2,2,GenG
14,4364,14,63,0,19721,9,0,2,Support,0,EMEA_S2_RR_W3_D1_M2,2,GenG
11,6513,11,75,3637,10040,13,0,3,Support,0,EMEA_S2_RR_W3_D1_M2,2,GenG
12,7021,0,95,657,289,4,0,8,Damage,0,EMEA_S2_RR_W3_D1_M2,3,Team Peps
6,7858,1,33,0,0,6,1,2,Damage,0,EMEA_S2_RR_W3_D1_M2,3,Team Peps
14,8467,5,174,10730,0,3,1,7,Tank,0,EMEA_S2_RR_W3_D1_M2,3,Team Peps
9,5267,11,87,5143,9176,4,0,2,Support,0,EMEA_S2_RR_W3_D1_M2,3,Team Peps
6,3112,11,78,0,12105,7,1,1,Support,0,EMEA_S2_RR_W3_D1_M2,3,Team Peps
13,7553,0,20,0,0,5,2,6,Damage,1,EMEA_S2_RR_W3_D1_M2,3,GenG
13,12923,0,52,0,0,2,1,8,Damage,1,EMEA_S2_RR_W3_D1_M2,3,GenG
15,6865,7,120,9540,0,3,0,5,Tank,1,EMEA_S2_RR_W3_D1_M2,3,GenG
11,4334,10,30,0,10404,4,0,2,Support,1,EMEA_S2_RR_W3_D1_M2,3,GenG
9,5162,15,67,3959,7915,6,0,3,Support,1,EMEA_S2_RR_W3_D1_M2,3,GenG
18,9885,0,48,1080,293,8,1,9,Damage,1,EMEA_S2_RR_W3_D1_M2,4,Team Peps
20,13669,0,62,0,0,7,2,9,Damage,1,EMEA_S2_RR_W3_D1_M2,4,Team Peps
29,11731,17,144,21851,1343,5,0,11,Tank,1,EMEA_S2_RR_W3_D1_M2,4,Team Peps
12,8238,21,140,0,14917,6,0,4,Support,1,EMEA_S2_RR_W3_D1_M2,4,Team Peps
19,8376,21,114,2072,13334,6,0,6,Support,1,EMEA_S2_RR_W3_D1_M2,4,Team Peps
16,9402,1,86,600,767,10,1,5,Damage,0,EMEA_S2_RR_W3_D1_M2,4,GenG
18,19181,0,72,0,0,11,1,9,Damage,0,EMEA_S2_RR_W3_D1_M2,4,GenG
23,11451,12,214,24822,902,5,0,9,Tank,0,EMEA_S2_RR_W3_D1_M2,4,GenG
11,5232,11,74,26,14749,7,0,6,Support,0,EMEA_S2_RR_W3_D1_M2,4,GenG
12,10360,14,116,0,11286,7,0,3,Support,0,EMEA_S2_RR_W3_D1_M2,4,GenG
20,7092,0,37,1365,294,12,1,11,Damage,0,EMEA_S2_RR_W3_D1_M2,5,Team Peps
17,10989,0,35,0,0,9,0,11,Damage,0,EMEA_S2_RR_W3_D1_M2,5,Team Peps
27,11278,5,81,7725,0,8,1,10,Tank,0,EMEA_S2_RR_W3_D1_M2,5,Team Peps
23,3825,18,35,0,11360,10,0,4,Support,0,EMEA_S2_RR_W3_D1_M2,5,Team Peps
17,6065,19,43,4361,7169,8,1,2,Support,0,EMEA_S2_RR_W3_D1_M2,5,Team Peps
28,8326,13,41,0,510,7,2,10,Damage,1,EMEA_S2_RR_W3_D1_M2,5,GenG
32,15397,0,33,0,0,7,0,18,Damage,1,EMEA_S2_RR_W3_D1_M2,5,GenG
39,12371,11,75,9108,0,7,1,13,Tank,1,EMEA_S2_RR_W3_D1_M2,5,GenG
17,3460,22,18,0,13469,8,0,4,Support,1,EMEA_S2_RR_W3_D1_M2,5,GenG
11,2847,26,40,4722,7365,10,0,2,Support,1,EMEA_S2_RR_W3_D1_M2,5,GenG
1,2013,0,21,0,0,4,0,0,Damage,0,EMEA_S2_RR_W5_D2_M2,1,Quick Esports
2,5683,0,4,0,0,3,2,2,Damage,0,EMEA_S2_RR_W5_D2_M2,1,Quick Esports
1,2531,0,3,7002,0,3,0,1,Tank,0,EMEA_S2_RR_W5_D2_M2,1,Quick Esports
0,814,0,3,1395,3841,5,0,0,Support,0,EMEA_S2_RR_W5_D2_M2,1,Quick Esports
0,1420,0,3,0,4565,3,0,0,Support,0,EMEA_S2_RR_W5_D2_M2,1,Quick Esports
7,5344,0,1,0,0,1,0,1,Damage,1,EMEA_S2_RR_W5_D2_M2,1,Twisted Minds
10,4276,0,23,0,0,0,0,7,Damage,1,EMEA_S2_RR_W5_D2_M2,1,Twisted Minds
11,4184,4,7,5267,192,0,1,5,Tank,1,EMEA_S2_RR_W5_D2_M2,1,Twisted Minds
8,4658,7,9,0,3443,1,1,4,Support,1,EMEA_S2_RR_W5_D2_M2,1,Twisted Minds
4,1829,10,8,2437,3904,1,0,0,Support,1,EMEA_S2_RR_W5_D2_M2,1,Twisted Minds
4,3458,3,76,4822,728,3,0,2,Damage,0,EMEA_S2_RR_W5_D2_M2,2,Quick Esports
6,5554,0,25,0,0,4,0,5,Damage,0,EMEA_S2_RR_W5_D2_M2,2,Quick Esports
6,2845,2,65,11362,0,2,0,1,Tank,0,EMEA_S2_RR_W5_D2_M2,2,Quick Esports
4,2030,5,19,417,4268,3,0,0,Support,0,EMEA_S2_RR_W5_D2_M2,2,Quick Esports
6,1669,5,33,0,6819,3,0,1,Support,0,EMEA_S2_RR_W5_D2_M2,2,Quick Esports
7,4947,0,7,0,0,2,0,5,Damage,1,EMEA_S2_RR_W5_D2_M2,2,Twisted Minds
4,5157,1,71,3229,699,2,0,3,Damage,1,EMEA_S2_RR_W5_D2_M2,2,Twisted Minds
9,4901,1,93,7410,0,1,0,3,Tank,1,EMEA_S2_RR_W5_D2_M2,2,Twisted Minds
5,2558,12,49,430,3662,1,1,3,Support,1,EMEA_S2_RR_W5_D2_M2,2,Twisted Minds
8,1931,7,24,0,5854,3,0,1,Support,1,EMEA_S2_RR_W5_D2_M2,2,Twisted Minds
13,6722,0,29,1589,264,5,0,5,Damage,0,EMEA_S2_RR_W5_D2_M2,3,Quick Esports
12,7720,0,10,0,0,6,2,7,Damage,0,EMEA_S2_RR_W5_D2_M2,3,Quick Esports
7,4593,3,23,7864,0,9,0,3,Tank,0,EMEA_S2_RR_W5_D2_M2,3,Quick Esports
6,3330,7,14,1705,4081,5,0,2,Support,0,EMEA_S2_RR_W5_D2_M2,3,Quick Esports
9,2970,9,14,0,7401,7,0,3,Support,0,EMEA_S2_RR_W5_D2_M2,3,Quick Esports
19,6460,0,0,0,0,6,0,7,Damage,1,EMEA_S2_RR_W5_D2_M2,3,Twisted Minds
19,6327,6,25,1561,355,4,2,5,Damage,1,EMEA_S2_RR_W5_D2_M2,3,Twisted Minds
18,8879,2,53,12114,595,3,0,7,Tank,1,EMEA_S2_RR_W5_D2_M2,3,Twisted Minds
16,3972,12,12,0,6547,3,0,9,Support,1,EMEA_S2_RR_W5_D2_M2,3,Twisted Minds
16,2520,17,21,0,7091,4,1,3,Support,1,EMEA_S2_RR_W5_D2_M2,3,Twisted Minds
8,3466,1,15,349,27,5,0,3,Damage,0,EMEA_S2_RR_W2_D1_M3,1,GenG
7,6978,0,2,0,0,4,0,4,Damage,0,EMEA_S2_RR_W2_D1_M3,1,GenG
6,4590,1,24,5161,0,2,0,2,Tank,0,EMEA_S2_RR_W2_D1_M3,1,GenG
3,1771,5,6,674,5876,5,0,1,Support,0,EMEA_S2_RR_W2_D1_M3,1,GenG
5,4292,3,13,371,2124,3,1,2,Support,0,EMEA_S2_RR_W2_D1_M3,1,GenG
7,6721,0,1,0,26,3,1,5,Damage,1,EMEA_S2_RR_W2_D1_M3,1,Virtuspro
12,4996,0,10,335,0,2,0,5,Damage,1,EMEA_S2_RR_W2_D1_M3,1,Virtuspro
11,6369,6,35,6980,762,2,0,4,Tank,1,EMEA_S2_RR_W2_D1_M3,1,Virtuspro
4,2666,13,14,3105,4388,3,0,2,Support,1,EMEA_S2_RR_W2_D1_M3,1,Virtuspro
12,2212,7,5,0,6564,2,0,3,Support,1,EMEA_S2_RR_W2_D1_M3,1,Virtuspro
20,8275,0,106,0,0,4,2,7,Damage,0,EMEA_S2_RR_W2_D1_M3,2,GenG
14,7517,0,28,0,0,11,1,6,Damage,0,EMEA_S2_RR_W2_D1_M3,2,GenG
16,9195,4,266,7836,1079,8,1,11,Tank,0,EMEA_S2_RR_W2_D1_M3,2,GenG
11,3838,12,110,0,11634,8,0,4,Support,0,EMEA_S2_RR_W2_D1_M3,2,GenG
11,3997,17,119,6921,9249,10,0,3,Support,0,EMEA_S2_RR_W2_D1_M3,2,GenG
20,12577,0,14,0,0,9,1,9,Damage,1,EMEA_S2_RR_W2_D1_M3,2,Virtuspro
30,9517,0,58,1522,284,4,1,11,Damage,1,EMEA_S2_RR_W2_D1_M3,2,Virtuspro
30,11748,8,121,7637,0,5,0,12,Tank,1,EMEA_S2_RR_W2_D1_M3,2,Virtuspro
13,4561,15,53,3317,8047,7,0,6,Support,1,EMEA_S2_RR_W2_D1_M3,2,Virtuspro
13,3960,16,14,0,9877,6,0,2,Support,1,EMEA_S2_RR_W2_D1_M3,2,Virtuspro
15,7636,0,46,2044,156,7,0,7,Damage,0,EMEA_S2_RR_W2_D1_M3,3,GenG
9,13615,1,6,0,0,7,1,5,Damage,0,EMEA_S2_RR_W2_D1_M3,3,GenG
12,10360,3,90,12158,0,6,0,5,Tank,0,EMEA_S2_RR_W2_D1_M3,3,GenG
4,2453,12,16,0,15767,5,0,1,Support,0,EMEA_S2_RR_W2_D1_M3,3,GenG
11,2941,13,33,6559,8796,6,0,4,Support,0,EMEA_S2_RR_W2_D1_M3,3,GenG
17,12636,4,16,0,0,6,1,9,Damage,1,EMEA_S2_RR_W2_D1_M3,3,Virtuspro
19,8376,0,52,1048,33,5,0,9,Damage,1,EMEA_S2_RR_W2_D1_M3,3,Virtuspro
17,12153,10,98,7108,0,4,0,5,Tank,1,EMEA_S2_RR_W2_D1_M3,3,Virtuspro
11,2870,20,17,0,14369,3,0,0,Support,1,EMEA_S2_RR_W2_D1_M3,3,Virtuspro
20,6861,13,33,0,9392,5,1,8,Support,1,EMEA_S2_RR_W2_D1_M3,3,Virtuspro
17,7539,0,25,0,0,5,2,9,Damage,1,EMEA_S2_RR_W5_D1_M2,1,Al qadsiah
13,8076,5,70,2793,289,6,0,3,Damage,1,EMEA_S2_RR_W5_D1_M2,1,Al qadsiah
15,6308,5,144,8608,0,4,0,6,Tank,1,EMEA_S2_RR_W5_D1_M2,1,Al qadsiah
9,3599,12,46,0,8906,3,0,3,Support,1,EMEA_S2_RR_W5_D1_M2,1,Al qadsiah
8,2861,13,77,1537,6011,2,0,1,Support,1,EMEA_S2_RR_W5_D1_M2,1,Al qadsiah
9,4392,0,44,485,0,5,0,3,Damage,0,EMEA_S2_RR_W5_D1_M2,1,Team Peps
15,10616,0,47,0,0,4,3,9,Damage,0,EMEA_S2_RR_W5_D1_M2,1,Team Peps
9,5460,2,125,10619,257,5,0,6,Tank,0,EMEA_S2_RR_W5_D1_M2,1,Team Peps
8,3301,10,47,0,8768,3,0,1,Support,0,EMEA_S2_RR_W5_D1_M2,1,Team Peps
7,4839,10,97,1993,4215,5,0,0,Support,0,EMEA_S2_RR_W5_D1_M2,1,Team Peps
16,6826,0,13,82,24,0,0,7,Damage,1,EMEA_S2_RR_W5_D1_M2,2,Al qadsiah
10,3896,4,20,1346,0,1,0,1,Damage,1,EMEA_S2_RR_W5_D1_M2,2,Al qadsiah
16,6228,2,32,5142,0,0,0,7,Tank,1,EMEA_S2_RR_W5_D1_M2,2,Al qadsiah
13,4071,9,6,240,8055,1,1,5,Support,1,EMEA_S2_RR_W5_D1_M2,2,Al qadsiah
10,2183,14,13,1193,4151,0,0,2,Support,1,EMEA_S2_RR_W5_D1_M2,2,Al qadsiah
1,2585,0,5,534,0,4,0,0,Damage,0,EMEA_S2_RR_W5_D1_M2,2,Team Peps
2,4959,0,13,236,34,4,0,1,Damage,0,EMEA_S2_RR_W5_D1_M2,2,Team Peps
0,5167,0,38,8029,0,5,0,0,Tank,0,EMEA_S2_RR_W5_D1_M2,2,Team Peps
0,2116,1,0,567,9922,4,0,0,Support,0,EMEA_S2_RR_W5_D1_M2,2,Team Peps
1,2396,0,14,452,2695,5,0,1,Support,0,EMEA_S2_RR_W5_D1_M2,2,Team Peps
21,10905,1,39,0,0,3,0,9,Damage,1,EMEA_S2_RR_W5_D1_M2,3,Al qadsiah
24,8703,0,31,1218,135,2,0,11,Damage,1,EMEA_S2_RR_W5_D1_M2,3,Al qadsiah
20,9244,17,94,5497,0,2,0,3,Tank,1,EMEA_S2_RR_W5_D1_M2,3,Al qadsiah
17,8565,8,18,0,5146,3,1,8,Support,1,EMEA_S2_RR_W5_D1_M2,3,Al qadsiah
22,3822,23,58,0,7577,1,0,7,Support,1,EMEA_S2_RR_W5_D1_M2,3,Al qadsiah
6,5559,0,45,0,0,8,0,4,Damage,0,EMEA_S2_RR_W5_D1_M2,3,Team Peps
3,4539,0,34,0,0,8,0,2,Damage,0,EMEA_S2_RR_W5_D1_M2,3,Team Peps
7,5610,3,94,7449,0,8,0,2,Tank,0,EMEA_S2_RR_W5_D1_M2,3,Team Peps
8,2755,6,45,805,13075,7,0,3,Support,0,EMEA_S2_RR_W5_D1_M2,3,Team Peps
3,1916,5,66,889,10165,7,0,0,Support,0,EMEA_S2_RR_W5_D1_M2,3,Team Peps
14,4949,6,32,1083,176,6,0,6,Damage,1,EMEA_S2_RR_W2_D1_M1,1,Twisted Minds
18,11748,1,7,0,0,4,1,7,Damage,1,EMEA_S2_RR_W2_D1_M1,1,Twisted Minds
19,9652,8,68,14659,0,3,0,8,Tank,1,EMEA_S2_RR_W2_D1_M1,1,Twisted Minds
15,4331,16,25,1269,3925,4,0,2,Support,1,EMEA_S2_RR_W2_D1_M1,1,Twisted Minds
18,5713,17,25,0,9393,5,1,5,Support,1,EMEA_S2_RR_W2_D1_M1,1,Twisted Minds
13,4071,2,40,1695,143,6,0,3,Damage,0,EMEA_S2_RR_W2_D1_M1,1,Team Peps
14,6890,0,7,0,0,7,1,4,Damage,0,EMEA_S2_RR_W2_D1_M1,1,Team Peps
13,7161,4,42,7996,0,6,0,5,Tank,0,EMEA_S2_RR_W2_D1_M1,1,Team Peps
13,4443,10,13,2190,7794,4,0,4,Support,0,EMEA_S2_RR_W2_D1_M1,1,Team Peps
8,3964,12,22,0,10939,6,0,5,Support,0,EMEA_S2_RR_W2_D1_M1,1,Team Peps
22,5694,0,27,0,0,2,0,13,Damage,1,EMEA_S2_RR_W2_D1_M1,2,Twisted Minds
16,7547,0,2,0,0,4,1,6,Damage,1,EMEA_S2_RR_W2_D1_M1,2,Twisted Minds
19,9244,5,29,8352,600,2,0,8,Tank,1,EMEA_S2_RR_W2_D1_M1,2,Twisted Minds
13,3147,11,13,0,4644,3,0,2,Support,1,EMEA_S2_RR_W2_D1_M1,2,Twisted Minds
7,3341,15,14,14,2453,4,0,1,Support,1,EMEA_S2_RR_W2_D1_M1,2,Twisted Minds
6,3809,0,9,1039,57,6,0,4,Damage,0,EMEA_S2_RR_W2_D1_M1,2,Team Peps
8,5182,0,11,0,0,8,2,4,Damage,0,EMEA_S2_RR_W2_D1_M1,2,Team Peps
8,4331,4,30,6542,117,6,1,4,Tank,0,EMEA_S2_RR_W2_D1_M1,2,Team Peps
2,2311,6,14,3305,5745,6,0,1,Support,0,EMEA_S2_RR_W2_D1_M1,2,Team Peps
4,1936,4,0,0,7512,4,0,2,Support,0,EMEA_S2_RR_W2_D1_M1,2,Team Peps
21,9785,0,31,0,0,4,4,14,Damage,1,EMEA_S2_RR_W2_D2_M1,1,The Ultimates
16,8575,2,47,0,518,4,0,6,Damage,1,EMEA_S2_RR_W2_D2_M1,1,The Ultimates
22,7640,9,98,5433,0,3,1,5,Tank,1,EMEA_S2_RR_W2_D2_M1,1,The Ultimates
9,5303,8,29,142,4945,4,0,4,Support,1,EMEA_S2_RR_W2_D2_M1,1,The Ultimates
13,3999,17,76,4447,7019,5,0,5,Support,1,EMEA_S2_RR_W2_D2_M1,1,The Ultimates
14,5781,0,74,0,0,7,1,5,Damage,0,EMEA_S2_RR_W2_D2_M1,1,Quick Esports
10,8917,0,13,0,0,8,1,5,Damage,0,EMEA_S2_RR_W2_D2_M1,1,Quick Esports
13,6856,5,89,10096,767,7,0,5,Tank,0,EMEA_S2_RR_W2_D2_M1,1,Quick Esports
4,2652,12,64,3652,6391,8,0,2,Support,0,EMEA_S2_RR_W2_D2_M1,1,Quick Esports
9,4028,8,5,659,8745,4,0,3,Support,0,EMEA_S2_RR_W2_D2_M1,1,Quick Esports
14,12063,0,42,0,0,8,0,6,Damage,0,EMEA_S2_RR_W2_D2_M1,2,The Ultimates
19,10909,2,66,193,0,10,0,3,Damage,0,EMEA_S2_RR_W2_D2_M1,2,The Ultimates
17,11652,6,132,18331,0,8,1,9,Tank,0,EMEA_S2_RR_W2_D2_M1,2,The Ultimates
12,4752,13,35,133,9220,9,0,4,Support,0,EMEA_S2_RR_W2_D2_M1,2,The Ultimates
7,2528,17,126,3375,10085,9,0,3,Support,0,EMEA_S2_RR_W2_D2_M1,2,The Ultimates
25,9686,6,84,0,0,5,1,8,Damage,1,EMEA_S2_RR_W2_D2_M1,2,Quick Esports
27,11914,1,42,0,0,5,1,14,Damage,1,EMEA_S2_RR_W2_D2_M1,2,Quick Esports
34,10339,16,102,21165,498,3,2,15,Tank,1,EMEA_S2_RR_W2_D2_M1,2,Quick Esports
8,2256,22,167,5126,8531,7,0,4,Support,1,EMEA_S2_RR_W2_D2_M1,2,Quick Esports
15,4531,26,77,0,18214,5,0,3,Support,1,EMEA_S2_RR_W2_D2_M1,2,Quick Esports
3,6263,0,11,0,0,3,0,2,Damage,0,EMEA_S2_RR_W2_D2_M1,3,The Ultimates
4,3384,0,11,392,172,5,0,2,Damage,0,EMEA_S2_RR_W2_D2_M1,3,The Ultimates
2,5168,0,16,5220,0,4,0,0,Tank,0,EMEA_S2_RR_W2_D2_M1,3,The Ultimates
1,1554,1,1,0,6586,3,0,0,Support,0,EMEA_S2_RR_W2_D2_M1,3,The Ultimates
1,2396,2,3,406,3666,2,0,1,Support,0,EMEA_S2_RR_W2_D2_M1,3,The Ultimates
7,3938,3,7,0,0,2,0,2,Damage,1,EMEA_S2_RR_W2_D2_M1,3,Quick Esports
12,7307,0,18,0,0,1,1,5,Damage,1,EMEA_S2_RR_W2_D2_M1,3,Quick Esports
11,3794,8,21,10138,0,1,0,3,Tank,1,EMEA_S2_RR_W2_D2_M1,3,Quick Esports
8,1360,12,19,2437,4903,1,0,3,Support,1,EMEA_S2_RR_W2_D2_M1,3,Quick Esports
12,2134,7,13,0,10073,0,0,4,Support,1,EMEA_S2_RR_W2_D2_M1,3,Quick Esports
27,9820,0,38,0,0,7,0,10,Damage,1,EMEA_S2_RR_W2_D2_M1,4,The Ultimates
35,8735,0,51,0,0,2,2,13,Damage,1,EMEA_S2_RR_W2_D2_M1,4,The Ultimates
32,12632,9,67,9394,0,6,0,9,Tank,1,EMEA_S2_RR_W2_D2_M1,4,The Ultimates
16,4061,29,23,0,10029,5,0,9,Support,1,EMEA_S2_RR_W2_D2_M1,4,The Ultimates
23,3212,22,38,1171,6352,4,0,6,Support,1,EMEA_S2_RR_W2_D2_M1,4,The Ultimates
14,6536,0,48,451,81,9,1,4,Damage,0,EMEA_S2_RR_W2_D2_M1,4,Quick Esports
11,7177,0,18,97,0,11,0,8,Damage,0,EMEA_S2_RR_W2_D2_M1,4,Quick Esports
18,9665,8,65,11892,1865,8,0,8,Tank,0,EMEA_S2_RR_W2_D2_M1,4,Quick Esports
9,4259,11,35,1321,5373,10,0,1,Support,0,EMEA_S2_RR_W2_D2_M1,4,Quick Esports
5,3538,16,32,0,8860,11,0,1,Support,0,EMEA_S2_RR_W2_D2_M1,4,Quick Esports
21,7422,0,9,0,0,8,1,11,Damage,0,EMEA_S2_RR_W2_D2_M1,5,The Ultimates
26,8544,0,31,0,0,4,3,12,Damage,0,EMEA_S2_RR_W2_D2_M1,5,The Ultimates
18,6948,4,83,6941,0,7,0,6,Tank,0,EMEA_S2_RR_W2_D2_M1,5,The Ultimates
10,4149,16,25,0,8471,6,0,3,Support,0,EMEA_S2_RR_W2_D2_M1,5,The Ultimates
11,2333,11,30,1651,4525,7,0,4,Support,0,EMEA_S2_RR_W2_D2_M1,5,The Ultimates
25,7202,0,123,0,0,6,1,13,Damage,1,EMEA_S2_RR_W2_D2_M1,5,Quick Esports
20,8704,2,52,0,0,8,1,6,Damage,1,EMEA_S2_RR_W2_D2_M1,5,Quick Esports
15,7929,2,220,6882,0,6,0,6,Tank,1,EMEA_S2_RR_W2_D2_M1,5,Quick Esports
8,2332,16,88,5273,6771,8,0,3,Support,1,EMEA_S2_RR_W2_D2_M1,5,Quick Esports
16,3153,11,72,0,7892,8,0,3,Support,1,EMEA_S2_RR_W2_D2_M1,5,Quick Esports
18,10160,1,56,0,0,5,0,9,Damage,1,EMEA_S2_RR_W4_D1_M1,1,Virtuspro
31,7706,0,81,0,0,2,2,16,Damage,1,EMEA_S2_RR_W4_D1_M1,1,Virtuspro
38,10848,4,103,5162,0,1,0,13,Tank,1,EMEA_S2_RR_W4_D1_M1,1,Virtuspro
13,4372,30,74,0,10636,3,0,3,Support,1,EMEA_S2_RR_W4_D1_M1,1,Virtuspro
19,5144,24,75,714,6071,3,1,7,Support,1,EMEA_S2_RR_W4_D1_M1,1,Virtuspro
11,8958,1,69,241,160,11,1,6,Damage,0,EMEA_S2_RR_W4_D1_M1,1,Frost Tails
5,4463,0,45,1157,0,10,0,5,Damage,0,EMEA_S2_RR_W4_D1_M1,1,Frost Tails
7,4716,1,100,13431,886,8,0,1,Tank,0,EMEA_S2_RR_W4_D1_M1,1,Frost Tails
3,4004,6,38,0,8705,9,0,0,Support,0,EMEA_S2_RR_W4_D1_M1,1,Frost Tails
5,4086,6,51,763,4596,10,0,2,Support,0,EMEA_S2_RR_W4_D1_M1,1,Frost Tails
30,13428,0,207,219,0,5,0,14,Damage,1,EMEA_S2_RR_W4_D1_M1,2,Virtuspro
33,12675,1,52,2259,159,5,0,18,Damage,1,EMEA_S2_RR_W4_D1_M1,2,Virtuspro
48,14564,24,210,19408,0,2,1,13,Tank,1,EMEA_S2_RR_W4_D1_M1,2,Virtuspro
22,5215,39,113,45,18942,3,0,4,Support,1,EMEA_S2_RR_W4_D1_M1,2,Virtuspro
31,8967,37,210,6494,12987,5,0,10,Support,1,EMEA_S2_RR_W4_D1_M1,2,Virtuspro
10,12375,3,98,3967,550,15,1,3,Damage,0,EMEA_S2_RR_W4_D1_M1,2,Frost Tails
12,11564,0,97,2279,402,13,2,5,Damage,0,EMEA_S2_RR_W4_D1_M1,2,Frost Tails
14,9422,7,103,21986,729,6,0,7,Tank,0,EMEA_S2_RR_W4_D1_M1,2,Frost Tails
9,9123,11,54,0,12886,12,0,4,Support,0,EMEA_S2_RR_W4_D1_M1,2,Frost Tails
3,5699,11,55,2719,6853,13,0,1,Support,0,EMEA_S2_RR_W4_D1_M1,2,Frost Tails
20,9488,1,3,0,0,5,1,7,Damage,1,EMEA_S2_RR_W4_D1_M1,3,Virtuspro
26,8830,0,28,2607,72,2,0,15,Damage,1,EMEA_S2_RR_W4_D1_M1,3,Virtuspro
24,8741,4,34,5811,0,2,1,8,Tank,1,EMEA_S2_RR_W4_D1_M1,3,Virtuspro
16,3935,24,16,0,12871,2,0,4,Support,1,EMEA_S2_RR_W4_D1_M1,3,Virtuspro
17,3856,18,20,2126,5065,3,0,3,Support,1,EMEA_S2_RR_W4_D1_M1,3,Virtuspro
10,8606,0,19,196,61,6,0,5,Damage,0,EMEA_S2_RR_W4_D1_M1,3,Frost Tails
8,4325,2,10,294,48,9,0,4,Damage,0,EMEA_S2_RR_W4_D1_M1,3,Frost Tails
10,8091,3,34,7283,32,7,0,3,Tank,0,EMEA_S2_RR_W4_D1_M1,3,Frost Tails
9,3664,13,7,0,10800,6,0,1,Support,0,EMEA_S2_RR_W4_D1_M1,3,Frost Tails
5,3028,4,5,2361,4564,9,0,1,Support,0,EMEA_S2_RR_W4_D1_M1,3,Frost Tails
15,6284,1,18,154,64,1,1,5,Damage,1,EMEA_S2_RR_W6_D1_M1,1,Al qadsiah
18,6162,3,22,3368,98,2,0,5,Damage,1,EMEA_S2_RR_W6_D1_M1,1,Al qadsiah
17,6928,4,79,5718,0,1,0,10,Tank,1,EMEA_S2_RR_W6_D1_M1,1,Al qadsiah
14,4347,12,9,576,9369,1,0,3,Support,1,EMEA_S2_RR_W6_D1_M1,1,Al qadsiah
10,1502,17,43,2358,6466,1,0,1,Support,1,EMEA_S2_RR_W6_D1_M1,1,Al qadsiah
5,6622,1,16,274,0,5,0,2,Damage,0,EMEA_S2_RR_W6_D1_M1,1,GenG
0,2819,0,30,0,0,5,0,0,Damage,0,EMEA_S2_RR_W6_D1_M1,1,GenG
5,8204,1,61,6459,0,5,0,3,Tank,0,EMEA_S2_RR_W6_D1_M1,1,GenG
4,1680,1,31,1843,3947,5,0,1,Support,0,EMEA_S2_RR_W6_D1_M1,1,GenG
4,3603,4,11,590,9071,6,0,0,Support,0,EMEA_S2_RR_W6_D1_M1,1,GenG
25,10396,1,9,246,106,7,1,16,Damage,1,EMEA_S2_RR_W6_D1_M1,2,Al qadsiah
25,8830,4,43,3763,785,5,0,11,Damage,1,EMEA_S2_RR_W6_D1_M1,2,Al qadsiah
27,10459,4,132,11294,0,6,1,13,Tank,1,EMEA_S2_RR_W6_D1_M1,2,Al qadsiah
31,6675,22,8,858,13550,6,1,6,Support,1,EMEA_S2_RR_W6_D1_M1,2,Al qadsiah
14,3671,24,30,1148,4342,7,1,2,Support,1,EMEA_S2_RR_W6_D1_M1,2,Al qadsiah
17,11637,1,33,207,43,10,0,8,Damage,0,EMEA_S2_RR_W6_D1_M1,2,GenG
19,7897,0,66,1053,18,10,0,9,Damage,0,EMEA_S2_RR_W6_D1_M1,2,GenG
21,9293,6,191,9990,0,10,0,4,Tank,0,EMEA_S2_RR_W6_D1_M1,2,GenG
13,3713,19,93,4579,6616,9,1,5,Support,0,EMEA_S2_RR_W6_D1_M1,2,GenG
13,4337,10,45,1641,11750,9,0,5,Support,0,EMEA_S2_RR_W6_D1_M1,2,GenG
12,7841,1,17,302,96,8,0,7,Damage,1,EMEA_S2_RR_W6_D1_M1,3,Al qadsiah
17,6620,0,17,0,0,4,1,5,Damage,1,EMEA_S2_RR_W6_D1_M1,3,Al qadsiah
24,7964,11,25,12360,0,4,0,7,Tank,1,EMEA_S2_RR_W6_D1_M1,3,Al qadsiah
11,4865,17,21,252,8738,5,1,6,Support,1,EMEA_S2_RR_W6_D1_M1,3,Al qadsiah
17,5994,14,54,1988,5525,3,1,5,Support,1,EMEA_S2_RR_W6_D1_M1,3,Al qadsiah
11,10005,0,12,0,0,8,0,7,Damage,0,EMEA_S2_RR_W6_D1_M1,3,GenG
15,7523,0,17,0,0,3,1,8,Damage,0,EMEA_S2_RR_W6_D1_M1,3,GenG
17,6023,10,47,12790,1051,7,0,7,Tank,0,EMEA_S2_RR_W6_D1_M1,3,GenG
10,4043,12,26,888,6008,5,0,1,Support,0,EMEA_S2_RR_W6_D1_M1,3,GenG
9,4233,16,23,433,9316,8,0,1,Support,0,EMEA_S2_RR_W6_D1_M1,3,GenG
11,7965,0,4,0,0,5,0,3,Damage,1,EMEA_S2_RR_W3_D2_M2,1,Twisted Minds
12,4818,0,48,0,0,1,0,2,Damage,1,EMEA_S2_RR_W3_D2_M2,1,Twisted Minds
20,7794,5,33,7253,256,2,0,12,Tank,1,EMEA_S2_RR_W3_D2_M2,1,Twisted Minds
14,4438,18,30,467,4888,2,0,2,Support,1,EMEA_S2_RR_W3_D2_M2,1,Twisted Minds
12,4577,13,10,0,6718,4,0,5,Support,1,EMEA_S2_RR_W3_D2_M2,1,Twisted Minds
9,7731,0,4,0,0,6,1,4,Damage,0,EMEA_S2_RR_W3_D2_M2,1,The Ultimates
7,4652,0,34,0,0,3,1,3,Damage,0,EMEA_S2_RR_W3_D2_M2,1,The Ultimates
7,4650,0,30,7078,0,6,1,5,Tank,0,EMEA_S2_RR_W3_D2_M2,1,The Ultimates
5,3549,4,2,578,6392,5,0,0,Support,0,EMEA_S2_RR_W3_D2_M2,1,The Ultimates
6,3239,7,19,4784,5976,7,0,2,Support,0,EMEA_S2_RR_W3_D2_M2,1,The Ultimates
21,7162,0,2,0,0,4,1,8,Damage,1,EMEA_S2_RR_W3_D2_M2,2,Twisted Minds
19,4735,0,26,0,0,2,1,10,Damage,1,EMEA_S2_RR_W3_D2_M2,2,Twisted Minds
17,6904,7,25,3856,435,2,0,5,Tank,1,EMEA_S2_RR_W3_D2_M2,2,Twisted Minds
13,1973,12,17,0,7138,3,0,3,Support,1,EMEA_S2_RR_W3_D2_M2,2,Twisted Minds
14,3868,11,15,0,4403,3,1,6,Support,1,EMEA_S2_RR_W3_D2_M2,2,Twisted Minds
4,6144,0,1,0,0,6,1,2,Damage,0,EMEA_S2_RR_W3_D2_M2,2,The Ultimates
7,3499,0,20,0,0,5,1,2,Damage,0,EMEA_S2_RR_W3_D2_M2,2,The Ultimates
8,6620,1,33,7932,31,7,0,6,Tank,0,EMEA_S2_RR_W3_D2_M2,2,The Ultimates
4,2110,3,0,232,3914,6,0,2,Support,0,EMEA_S2_RR_W3_D2_M2,2,The Ultimates
5,2494,5,0,1775,3589,8,0,2,Support,0,EMEA_S2_RR_W3_D2_M2,2,The Ultimates
10,4712,0,6,0,0,3,0,6,Damage,1,EMEA_S2_RR_W3_D2_M2,3,Twisted Minds
10,3587,0,33,0,0,2,0,4,Damage,1,EMEA_S2_RR_W3_D2_M2,3,Twisted Minds
8,4243,1,72,6679,300,1,1,5,Tank,1,EMEA_S2_RR_W3_D2_M2,3,Twisted Minds
6,1465,3,13,0,4472,4,0,0,Support,1,EMEA_S2_RR_W3_D2_M2,3,Twisted Minds
9,4895,8,42,0,3027,3,1,5,Support,1,EMEA_S2_RR_W3_D2_M2,3,Twisted Minds
8,3209,0,6,0,0,4,3,5,Damage,0,EMEA_S2_RR_W3_D2_M2,3,The Ultimates
10,3775,0,44,0,0,3,1,2,Damage,0,EMEA_S2_RR_W3_D2_M2,3,The Ultimates
6,3579,2,46,4418,0,4,0,1,Tank,0,EMEA_S2_RR_W3_D2_M2,3,The Ultimates
4,3200,1,52,0,2385,5,0,3,Support,0,EMEA_S2_RR_W3_D2_M2,3,The Ultimates
4,3181,5,5,0,2827,4,0,2,Support,0,EMEA_S2_RR_W3_D2_M2,3,The Ultimates
20,11631,2,5,346,105,6,2,8,Damage,1,EMEA_S2_RR_W5_D2_M1,1,Frost Tails
21,6601,0,44,0,0,6,1,5,Damage,1,EMEA_S2_RR_W5_D2_M1,1,Frost Tails
22,8818,12,78,9870,895,4,1,10,Tank,1,EMEA_S2_RR_W5_D2_M1,1,Frost Tails
12,4664,14,12,0,9817,6,0,8,Support,1,EMEA_S2_RR_W5_D2_M1,1,Frost Tails
20,4962,19,20,0,9724,5,0,4,Support,1,EMEA_S2_RR_W5_D2_M1,1,Frost Tails
12,10159,0,12,200,0,8,0,5,Damage,0,EMEA_S2_RR_W5_D2_M1,1,The Ultimates
14,5792,0,58,0,0,5,0,5,Damage,0,EMEA_S2_RR_W5_D2_M1,1,The Ultimates
15,9751,5,53,11557,685,5,0,6,Tank,0,EMEA_S2_RR_W5_D2_M1,1,The Ultimates
11,6180,16,20,1626,7521,9,1,2,Support,0,EMEA_S2_RR_W5_D2_M1,1,The Ultimates
8,3829,10,2,386,9868,8,1,5,Support,0,EMEA_S2_RR_W5_D2_M1,1,The Ultimates
15,15051,4,139,476,367,13,2,8,Damage,0,EMEA_S2_RR_W5_D2_M1,2,Frost Tails
23,11792,0,114,1608,290,11,1,8,Damage,0,EMEA_S2_RR_W5_D2_M1,2,Frost Tails
19,10623,7,168,27395,1211,10,0,9,Tank,0,EMEA_S2_RR_W5_D2_M1,2,Frost Tails
9,6444,17,102,479,13899,9,0,0,Support,0,EMEA_S2_RR_W5_D2_M1,2,Frost Tails
5,1592,18,85,1391,12393,10,0,2,Support,0,EMEA_S2_RR_W5_D2_M1,2,Frost Tails
30,13168,0,119,0,0,6,1,19,Damage,1,EMEA_S2_RR_W5_D2_M1,2,The Ultimates
37,14877,0,134,3386,321,4,1,18,Damage,1,EMEA_S2_RR_W5_D2_M1,2,The Ultimates
29,17244,5,203,13996,61,6,1,10,Tank,1,EMEA_S2_RR_W5_D2_M1,2,The Ultimates
18,7273,30,124,2387,13081,6,1,5,Support,1,EMEA_S2_RR_W5_D2_M1,2,The Ultimates
9,2915,31,93,0,14952,6,0,1,Support,1,EMEA_S2_RR_W5_D2_M1,2,The Ultimates
5,8048,1,14,553,61,8,0,2,Damage,0,EMEA_S2_RR_W5_D2_M1,3,Frost Tails
2,4241,0,14,0,0,4,0,1,Damage,0,EMEA_S2_RR_W5_D2_M1,3,Frost Tails
2,4415,1,26,12082,0,8,0,1,Tank,0,EMEA_S2_RR_W5_D2_M1,3,Frost Tails
2,1813,2,0,675,6726,9,0,1,Support,0,EMEA_S2_RR_W5_D2_M1,3,Frost Tails
2,1869,2,1,570,6975,6,0,1,Support,0,EMEA_S2_RR_W5_D2_M1,3,Frost Tails
16,7538,1,29,0,0,1,0,6,Damage,1,EMEA_S2_RR_W5_D2_M1,3,The Ultimates
21,6784,0,20,0,0,0,4,11,Damage,1,EMEA_S2_RR_W5_D2_M1,3,The Ultimates
20,8477,5,27,4414,0,1,0,6,Tank,1,EMEA_S2_RR_W5_D2_M1,3,The Ultimates
15,6011,2,9,0,5479,2,1,7,Support,1,EMEA_S2_RR_W5_D2_M1,3,The Ultimates
14,3407,15,3,268,7975,2,1,4,Support,1,EMEA_S2_RR_W5_D2_M1,3,The Ultimates
30,20308,2,194,795,223,15,2,22,Damage,0,EMEA_S2_RR_W5_D2_M1,4,Frost Tails
29,15804,6,150,5912,278,9,4,16,Damage,0,EMEA_S2_RR_W5_D2_M1,4,Frost Tails
24,13975,5,163,15773,162,12,0,8,Tank,0,EMEA_S2_RR_W5_D2_M1,4,Frost Tails
12,8600,27,95,0,19804,11,0,4,Support,0,EMEA_S2_RR_W5_D2_M1,4,Frost Tails
20,6654,34,173,1287,15635,10,0,2,Support,0,EMEA_S2_RR_W5_D2_M1,4,Frost Tails
31,15372,1,93,0,0,11,0,17,Damage,1,EMEA_S2_RR_W5_D2_M1,4,The Ultimates
29,15186,5,82,3944,71,12,3,14,Damage,1,EMEA_S2_RR_W5_D2_M1,4,The Ultimates
33,21373,5,265,15275,0,9,1,13,Tank,1,EMEA_S2_RR_W5_D2_M1,4,The Ultimates
20,7976,32,127,213,17983,9,0,5,Support,1,EMEA_S2_RR_W5_D2_M1,4,The Ultimates
21,6560,23,36,501,18908,12,1,8,Support,1,EMEA_S2_RR_W5_D2_M1,4,The Ultimates
16,6156,4,5,5,0,1,0,10,Damage,1,EMEA_S2_RR_W6_D2_M2,1,Twisted Minds
20,5695,0,58,0,0,2,1,6,Damage,1,EMEA_S2_RR_W6_D2_M2,1,Twisted Minds
27,8275,15,61,8488,424,1,1,11,Tank,1,EMEA_S2_RR_W6_D2_M2,1,Twisted Minds
11,3482,21,35,3076,6681,3,0,1,Support,1,EMEA_S2_RR_W6_D2_M2,1,Twisted Minds
15,6693,21,30,0,6249,2,0,5,Support,1,EMEA_S2_RR_W6_D2_M2,1,Twisted Minds
5,8331,0,22,373,139,7,0,4,Damage,0,EMEA_S2_RR_W6_D2_M2,1,Frost Tails
6,4169,0,55,0,0,6,1,3,Damage,0,EMEA_S2_RR_W6_D2_M2,1,Frost Tails
5,5318,3,67,10373,525,6,0,1,Tank,0,EMEA_S2_RR_W6_D2_M2,1,Frost Tails
3,3145,2,6,0,6646,7,0,1,Support,0,EMEA_S2_RR_W6_D2_M2,1,Frost Tails
3,1677,7,32,337,5924,8,0,0,Support,0,EMEA_S2_RR_W6_D2_M2,1,Frost Tails
21,8674,1,16,0,0,1,1,9,Damage,1,EMEA_S2_RR_W6_D2_M2,2,Twisted Minds
21,8135,1,73,0,789,4,1,12,Damage,1,EMEA_S2_RR_W6_D2_M2,2,Twisted Minds
22,7918,11,113,10010,32,1,0,8,Tank,1,EMEA_S2_RR_W6_D2_M2,2,Twisted Minds
16,4541,12,164,431,5021,3,0,4,Support,1,EMEA_S2_RR_W6_D2_M2,2,Twisted Minds
17,6212,16,73,2491,8409,3,2,7,Support,1,EMEA_S2_RR_W6_D2_M2,2,Twisted Minds
5,7177,0,80,2084,0,9,0,3,Damage,0,EMEA_S2_RR_W6_D2_M2,2,Frost Tails
6,4796,0,52,0,0,10,0,2,Damage,0,EMEA_S2_RR_W6_D2_M2,2,Frost Tails
9,6173,3,43,13858,0,6,0,6,Tank,0,EMEA_S2_RR_W6_D2_M2,2,Frost Tails
3,4474,7,14,0,7754,8,0,0,Support,0,EMEA_S2_RR_W6_D2_M2,2,Frost Tails
5,3089,6,55,1142,5685,7,1,1,Support,0,EMEA_S2_RR_W6_D2_M2,2,Frost Tails
14,3268,1,13,1787,10,0,0,8,Damage,1,EMEA_S2_RR_W6_D2_M2,3,Twisted Minds
10,3175,0,14,538,0,2,1,5,Damage,1,EMEA_S2_RR_W6_D2_M2,3,Twisted Minds
14,3338,6,22,1134,0,0,1,4,Tank,1,EMEA_S2_RR_W6_D2_M2,3,Twisted Minds
10,1859,11,10,652,1482,0,0,2,Support,1,EMEA_S2_RR_W6_D2_M2,3,Twisted Minds
9,2296,13,16,0,3215,0,0,3,Support,1,EMEA_S2_RR_W6_D2_M2,3,Twisted Minds
2,2009,0,16,300,0,4,1,1,Damage,0,EMEA_S2_RR_W6_D2_M2,3,Frost Tails
0,3434,0,9,139,0,4,0,0,Damage,0,EMEA_S2_RR_W6_D2_M2,3,Frost Tails
1,831,0,28,1352,1824,4,0,1,Tank,0,EMEA_S2_RR_W6_D2_M2,3,Frost Tails
0,1653,0,7,174,1063,6,0,0,Support,0,EMEA_S2_RR_W6_D2_M2,3,Frost Tails
0,1787,0,2,0,2285,4,0,0,Support,0,EMEA_S2_RR_W6_D2_M2,3,Frost Tails
19,8880,1,49,0,0,7,2,11,Damage,1,EMEA_S2_PO_LBF_M1,1,Twisted Minds
21,9989,0,0,0,0,9,2,11,Damage,1,EMEA_S2_PO_LBF_M1,1,Twisted Minds
14,12493,5,153,15578,499,6,1,4,Tank,1,EMEA_S2_PO_LBF_M1,1,Twisted Minds
16,3128,12,8,0,12724,7,0,4,Support,1,EMEA_S2_PO_LBF_M1,1,Twisted Minds
19,7272,17,20,0,8669,7,1,10,Support,1,EMEA_S2_PO_LBF_M1,1,Twisted Minds
20,12725,2,18,1019,0,7,2,7,Damage,0,EMEA_S2_PO_LBF_M1,1,Virtuspro
21,8284,0,77,0,0,8,0,9,Damage,0,EMEA_S2_PO_LBF_M1,1,Virtuspro
21,9365,8,80,14449,894,13,0,9,Tank,0,EMEA_S2_PO_LBF_M1,1,Virtuspro
23,4766,13,22,0,11448,6,0,6,Support,0,EMEA_S2_PO_LBF_M1,1,Virtuspro
12,8396,14,37,0,5030,6,0,5,Support,0,EMEA_S2_PO_LBF_M1,1,Virtuspro
14,5892,6,18,2727,151,5,0,2,Damage,1,EMEA_S2_PO_LBF_M1,2,Twisted Minds
20,8625,4,4,256,0,6,0,12,Damage,1,EMEA_S2_PO_LBF_M1,2,Twisted Minds
24,6821,17,96,6949,346,1,0,6,Tank,1,EMEA_S2_PO_LBF_M1,2,Twisted Minds
20,4261,16,29,308,6741,2,0,4,Support,1,EMEA_S2_PO_LBF_M1,2,Twisted Minds
15,3933,13,6,1713,8382,5,0,4,Support,1,EMEA_S2_PO_LBF_M1,2,Twisted Minds
7,4239,4,54,1358,0,7,0,2,Damage,0,EMEA_S2_PO_LBF_M1,2,Virtuspro
10,5345,0,29,1457,11,6,0,3,Damage,0,EMEA_S2_PO_LBF_M1,2,Virtuspro
14,6119,2,49,2945,2224,6,0,8,Tank,0,EMEA_S2_PO_LBF_M1,2,Virtuspro
14,4785,13,26,0,9306,3,0,3,Support,0,EMEA_S2_PO_LBF_M1,2,Virtuspro
9,4373,7,29,293,3344,6,0,3,Support,0,EMEA_S2_PO_LBF_M1,2,Virtuspro
14,5844,0,132,1376,45,11,0,5,Damage,0,EMEA_S2_PO_LBF_M1,3,Twisted Minds
19,11076,0,52,0,0,9,2,11,Damage,0,EMEA_S2_PO_LBF_M1,3,Twisted Minds
13,11432,3,248,19375,302,9,0,3,Tank,0,EMEA_S2_PO_LBF_M1,3,Twisted Minds
13,3394,17,98,582,11045,7,0,3,Support,0,EMEA_S2_PO_LBF_M1,3,Twisted Minds
12,8439,15,48,0,7593,8,0,4,Support,0,EMEA_S2_PO_LBF_M1,3,Twisted Minds
27,9728,0,22,0,0,7,0,10,Damage,1,EMEA_S2_PO_LBF_M1,3,Virtuspro
36,8705,0,40,0,0,4,2,17,Damage,1,EMEA_S2_PO_LBF_M1,3,Virtuspro
26,11387,20,229,4844,4600,5,0,5,Tank,1,EMEA_S2_PO_LBF_M1,3,Virtuspro
17,5454,25,52,1159,13127,6,0,4,Support,1,EMEA_S2_PO_LBF_M1,3,Virtuspro
24,5415,22,54,2334,4987,4,0,8,Support,1,EMEA_S2_PO_LBF_M1,3,Virtuspro
6,7589,3,69,3799,204,6,0,2,Damage,0,EMEA_S2_PO_LBF_M1,4,Twisted Minds
11,10393,0,17,0,0,6,1,4,Damage,0,EMEA_S2_PO_LBF_M1,4,Twisted Minds
10,11820,4,137,20718,168,6,0,3,Tank,0,EMEA_S2_PO_LBF_M1,4,Twisted Minds
8,3220,7,98,0,11596,5,0,2,Support,0,EMEA_S2_PO_LBF_M1,4,Twisted Minds
9,6211,6,39,0,9879,7,0,5,Support,0,EMEA_S2_PO_LBF_M1,4,Twisted Minds
19,7962,0,32,0,0,6,1,9,Damage,1,EMEA_S2_PO_LBF_M1,4,Virtuspro
20,8818,3,88,3914,798,2,0,4,Damage,1,EMEA_S2_PO_LBF_M1,4,Virtuspro
22,12464,6,71,20859,600,2,0,7,Tank,1,EMEA_S2_PO_LBF_M1,4,Virtuspro
11,3768,17,88,0,15084,4,0,5,Support,1,EMEA_S2_PO_LBF_M1,4,Virtuspro
15,4030,17,90,2610,7713,2,0,5,Support,1,EMEA_S2_PO_LBF_M1,4,Virtuspro
20,13470,8,146,4596,665,11,0,6,Damage,1,EMEA_S2_PO_LBF_M1,5,Twisted Minds
30,15106,0,36,0,0,10,5,15,Damage,1,EMEA_S2_PO_LBF_M1,5,Twisted Minds
20,18225,5,295,26321,437,8,0,6,Tank,1,EMEA_S2_PO_LBF_M1,5,Twisted Minds
16,3498,16,82,0,19739,7,0,4,Support,1,EMEA_S2_PO_LBF_M1,5,Twisted Minds
12,6327,16,86,1158,14704,10,0,5,Support,1,EMEA_S2_PO_LBF_M1,5,Twisted Minds
27,14020,1,56,0,0,8,0,9,Damage,0,EMEA_S2_PO_LBF_M1,5,Virtuspro
36,12218,0,77,395,160,6,1,13,Damage,0,EMEA_S2_PO_LBF_M1,5,Virtuspro
31,16703,7,234,29288,642,10,0,13,Tank,0,EMEA_S2_PO_LBF_M1,5,Virtuspro
25,5915,28,179,1120,18087,6,0,3,Support,0,EMEA_S2_PO_LBF_M1,5,Virtuspro
21,9763,25,106,0,10325,6,0,8,Support,0,EMEA_S2_PO_LBF_M1,5,Virtuspro
16,8133,0,21,0,0,4,1,11,Damage,1,EMEA_S2_PO_LBSF_M1,1,Virtuspro
18,6543,0,76,0,0,1,0,6,Damage,1,EMEA_S2_PO_LBSF_M1,1,Virtuspro
21,7125,4,83,7072,0,3,0,6,Tank,1,EMEA_S2_PO_LBSF_M1,1,Virtuspro
8,3090,13,32,941,5671,4,0,3,Support,1,EMEA_S2_PO_LBSF_M1,1,Virtuspro
9,3786,22,44,0,10398,2,0,1,Support,1,EMEA_S2_PO_LBSF_M1,1,Virtuspro
7,5352,0,6,0,0,8,0,4,Damage,0,EMEA_S2_PO_LBSF_M1,1,The Ultimates
10,5461,0,76,0,0,3,1,6,Damage,0,EMEA_S2_PO_LBSF_M1,1,The Ultimates
9,9028,5,114,9662,0,6,0,2,Tank,0,EMEA_S2_PO_LBSF_M1,1,The Ultimates
4,2308,7,5,997,7395,6,0,0,Support,0,EMEA_S2_PO_LBSF_M1,1,The Ultimates
5,4817,7,13,0,6209,4,0,2,Support,0,EMEA_S2_PO_LBSF_M1,1,The Ultimates
7,8173,0,35,88,0,11,0,2,Damage,0,EMEA_S2_PO_LBSF_M1,2,Virtuspro
12,7874,0,82,0,0,6,0,6,Damage,0,EMEA_S2_PO_LBSF_M1,2,Virtuspro
8,9879,3,129,13526,0,10,0,3,Tank,0,EMEA_S2_PO_LBSF_M1,2,Virtuspro
8,2824,5,55,3256,7310,8,0,6,Support,0,EMEA_S2_PO_LBSF_M1,2,Virtuspro
8,4765,8,71,180,13138,9,0,1,Support,0,EMEA_S2_PO_LBSF_M1,2,Virtuspro
24,8654,1,26,0,0,5,2,9,Damage,1,EMEA_S2_PO_LBSF_M1,2,The Ultimates
27,8604,0,113,0,0,3,1,11,Damage,1,EMEA_S2_PO_LBSF_M1,2,The Ultimates
32,11677,5,166,12050,0,3,3,12,Tank,1,EMEA_S2_PO_LBSF_M1,2,The Ultimates
16,4722,14,70,267,14107,4,0,6,Support,1,EMEA_S2_PO_LBSF_M1,2,The Ultimates
14,7480,21,48,0,8172,3,1,5,Support,1,EMEA_S2_PO_LBSF_M1,2,The Ultimates
26,14178,2,73,562,0,8,0,11,Damage,1,EMEA_S2_PO_LBSF_M1,3,Virtuspro
32,9691,1,98,1499,104,5,2,17,Damage,1,EMEA_S2_PO_LBSF_M1,3,Virtuspro
27,11006,12,115,21125,463,7,2,11,Tank,1,EMEA_S2_PO_LBSF_M1,3,Virtuspro
20,6302,20,89,2419,9861,5,1,6,Support,1,EMEA_S2_PO_LBSF_M1,3,Virtuspro
22,7255,18,81,0,12702,9,1,3,Support,1,EMEA_S2_PO_LBSF_M1,3,Virtuspro
16,10081,0,17,0,0,11,1,5,Damage,0,EMEA_S2_PO_LBSF_M1,3,The Ultimates
23,10261,0,81,1336,203,6,1,15,Damage,0,EMEA_S2_PO_LBSF_M1,3,The Ultimates
21,16190,5,98,18530,478,8,0,9,Tank,0,EMEA_S2_PO_LBSF_M1,3,The Ultimates
10,6831,13,29,1195,11156,11,1,2,Support,0,EMEA_S2_PO_LBSF_M1,3,The Ultimates
7,5110,7,26,2098,8893,12,0,3,Support,0,EMEA_S2_PO_LBSF_M1,3,The Ultimates
13,9905,1,15,719,0,4,2,9,Damage,1,EMEA_S2_PO_LBSF_M1,4,Virtuspro
18,6407,0,35,0,0,1,2,10,Damage,1,EMEA_S2_PO_LBSF_M1,4,Virtuspro
13,6294,10,48,9844,0,3,0,3,Tank,1,EMEA_S2_PO_LBSF_M1,4,Virtuspro
6,3548,15,18,379,9301,4,0,0,Support,1,EMEA_S2_PO_LBSF_M1,4,Virtuspro
11,4080,8,25,0,9037,3,0,3,Support,1,EMEA_S2_PO_LBSF_M1,4,Virtuspro
8,7513,0,4,0,0,5,2,3,Damage,0,EMEA_S2_PO_LBSF_M1,4,The Ultimates
9,5411,0,31,0,0,5,0,2,Damage,0,EMEA_S2_PO_LBSF_M1,4,The Ultimates
8,8937,0,40,11248,0,5,0,5,Tank,0,EMEA_S2_PO_LBSF_M1,4,The Ultimates
4,3263,5,1,1235,7529,6,0,2,Support,0,EMEA_S2_PO_LBSF_M1,4,The Ultimates
7,4072,7,11,0,6614,4,1,3,Support,0,EMEA_S2_PO_LBSF_M1,4,The Ultimates
14,8698,1,42,2531,102,2,0,4,Damage,1,EMEA_S2_PO_LBSF_M2,1,Al qadsiah
20,7353,3,28,5344,549,1,0,7,Damage,1,EMEA_S2_PO_LBSF_M2,1,Al qadsiah
22,6614,12,84,14544,0,2,1,10,Tank,1,EMEA_S2_PO_LBSF_M2,1,Al qadsiah
17,3665,15,15,0,7481,3,0,7,Support,1,EMEA_S2_PO_LBSF_M2,1,Al qadsiah
20,3905,17,26,2213,5793,2,1,2,Support,1,EMEA_S2_PO_LBSF_M2,1,Al qadsiah
5,5687,1,59,4830,129,6,0,4,Damage,0,EMEA_S2_PO_UBF_M1,1,Twisted Minds
8,6217,0,7,198,41,6,0,5,Damage,0,EMEA_S2_PO_UBF_M1,1,Twisted Minds
4,5030,0,78,16550,0,7,0,1,Tank,0,EMEA_S2_PO_UBF_M1,1,Twisted Minds
3,3609,5,30,1564,5430,6,0,0,Support,0,EMEA_S2_PO_UBF_M1,1,Twisted Minds
5,2331,7,14,1113,9561,6,0,0,Support,0,EMEA_S2_PO_UBF_M1,1,Twisted Minds
26,15494,3,119,815,0,9,0,10,Damage,1,EMEA_S2_PO_UBF_M1,2,Al qadsiah
27,11250,12,110,4830,1520,10,0,6,Damage,1,EMEA_S2_PO_UBF_M1,2,Al qadsiah
31,14684,11,261,29044,300,6,0,11,Tank,1,EMEA_S2_PO_UBF_M1,2,Al qadsiah
17,7646,21,86,1403,22759,6,0,8,Support,1,EMEA_S2_PO_UBF_M1,2,Al qadsiah
15,5372,23,189,3813,13889,5,0,3,Support,1,EMEA_S2_PO_UBF_M1,2,Al qadsiah
23,12654,9,137,10152,554,7,0,6,Damage,0,EMEA_S2_PO_UBF_M1,2,Twisted Minds
23,18725,0,39,0,0,8,0,12,Damage,0,EMEA_S2_PO_UBF_M1,2,Twisted Minds
17,16725,7,349,37467,1255,9,0,6,Tank,0,EMEA_S2_PO_UBF_M1,2,Twisted Minds
19,6631,23,148,1727,13569,7,0,4,Support,0,EMEA_S2_PO_UBF_M1,2,Twisted Minds
19,8548,21,89,1469,17319,7,0,8,Support,0,EMEA_S2_PO_UBF_M1,2,Twisted Minds
22,14798,0,16,0,0,11,0,15,Damage,0,EMEA_S2_PO_UBF_M1,3,Al qadsiah
18,11758,5,22,8559,1051,11,0,3,Damage,0,EMEA_S2_PO_UBF_M1,3,Al qadsiah
17,15726,7,68,24550,900,11,1,3,Tank,0,EMEA_S2_PO_UBF_M1,3,Al qadsiah
10,6332,16,15,0,16676,11,2,6,Support,0,EMEA_S2_PO_UBF_M1,3,Al qadsiah
8,5844,15,13,3352,9528,9,0,1,Support,0,EMEA_S2_PO_UBF_M1,3,Al qadsiah
29,11205,12,90,7671,1014,9,1,9,Damage,1,EMEA_S2_PO_UBF_M1,3,Twisted Minds
35,13195,0,35,0,0,6,0,19,Damage,1,EMEA_S2_PO_UBF_M1,3,Twisted Minds
32,22672,6,227,34030,818,3,0,13,Tank,1,EMEA_S2_PO_UBF_M1,3,Twisted Minds
32,5045,24,101,1023,16362,3,0,8,Support,1,EMEA_S2_PO_UBF_M1,3,Twisted Minds
23,7399,32,40,1345,16652,7,0,4,Support,1,EMEA_S2_PO_UBF_M1,3,Twisted Minds
17,7851,1,51,146,95,10,2,7,Damage,0,EMEA_S2_PO_UBF_M1,4,Al qadsiah
18,6982,0,24,0,0,8,5,10,Damage,0,EMEA_S2_PO_UBF_M1,4,Al qadsiah
13,10260,4,214,10155,0,8,0,4,Tank,0,EMEA_S2_PO_UBF_M1,4,Al qadsiah
11,4830,13,102,0,10282,9,0,3,Support,0,EMEA_S2_PO_UBF_M1,4,Al qadsiah
8,3456,7,167,2375,5295,9,0,4,Support,0,EMEA_S2_PO_UBF_M1,4,Al qadsiah
29,7247,0,54,0,0,4,1,14,Damage,1,EMEA_S2_PO_UBF_M1,4,Twisted Minds
25,9231,0,15,0,0,8,1,15,Damage,1,EMEA_S2_PO_UBF_M1,4,Twisted Minds
26,12521,6,160,16229,900,5,0,9,Tank,1,EMEA_S2_PO_UBF_M1,4,Twisted Minds
16,2402,22,10,0,10717,6,0,2,Support,1,EMEA_S2_PO_UBF_M1,4,Twisted Minds
22,7660,26,30,0,5170,5,0,4,Support,1,EMEA_S2_PO_UBF_M1,4,Twisted Minds
23,11653,0,28,0,0,3,0,7,Damage,1,EMEA_S2_PO_UBF_M1,5,Al qadsiah
22,8680,5,26,6078,787,3,0,9,Damage,1,EMEA_S2_PO_UBF_M1,5,Al qadsiah
26,7443,12,78,19657,0,3,0,8,Tank,1,EMEA_S2_PO_UBF_M1,5,Al qadsiah
18,7306,27,42,0,11612,2,0,7,Support,1,EMEA_S2_PO_UBF_M1,5,Al qadsiah
21,5255,19,64,2003,6170,3,0,6,Support,1,EMEA_S2_PO_UBF_M1,5,Al qadsiah
9,7053,4,44,6612,493,9,0,2,Damage,0,EMEA_S2_PO_UBF_M1,5,Twisted Minds
11,7117,3,23,335,118,7,0,4,Damage,0,EMEA_S2_PO_UBF_M1,5,Twisted Minds
9,10868,2,85,21693,70,6,0,4,Tank,0,EMEA_S2_PO_UBF_M1,5,Twisted Minds
7,3701,9,55,2065,8496,8,0,1,Support,0,EMEA_S2_PO_UBF_M1,5,Twisted Minds
7,3696,11,32,857,11505,7,0,2,Support,0,EMEA_S2_PO_UBF_M1,5,Twisted Minds
21,6243,8,17,2004,207,1,0,8,Damage,1,EMEA_S2_PO_UBSF_M2,1,Twisted Minds
22,8698,2,5,277,58,2,1,10,Damage,1,EMEA_S2_PO_UBSF_M2,1,Twisted Minds
21,7474,3,30,8866,300,1,0,7,Tank,1,EMEA_S2_PO_UBSF_M2,1,Twisted Minds
20,3542,15,18,1181,5577,0,0,6,Support,1,EMEA_S2_PO_UBSF_M2,1,Twisted Minds
17,3298,21,3,358,11207,1,0,3,Support,1,EMEA_S2_PO_UBSF_M2,1,Twisted Minds
3,8875,0,0,0,0,2,0,2,Damage,0,EMEA_S2_PO_UBSF_M2,1,Virtuspro
2,4490,0,19,3995,44,8,0,1,Damage,0,EMEA_S2_PO_UBSF_M2,1,Virtuspro
3,7074,0,22,5194,1233,9,0,1,Tank,0,EMEA_S2_PO_UBSF_M2,1,Virtuspro
3,2555,2,0,275,7642,8,0,1,Support,0,EMEA_S2_PO_UBSF_M2,1,Virtuspro
2,2150,3,17,903,3291,7,0,0,Support,0,EMEA_S2_PO_UBSF_M2,1,Virtuspro
7,5713,0,16,0,0,2,0,3,Damage,1,EMEA_S2_PO_UBSF_M2,2,Twisted Minds
10,6322,0,4,0,0,2,0,3,Damage,1,EMEA_S2_PO_UBSF_M2,2,Twisted Minds
8,6552,5,193,11414,300,1,0,3,Tank,1,EMEA_S2_PO_UBSF_M2,2,Twisted Minds
5,1864,9,19,161,7170,3,0,1,Support,1,EMEA_S2_PO_UBSF_M2,2,Twisted Minds
11,3228,8,21,994,5464,2,0,5,Support,1,EMEA_S2_PO_UBSF_M2,2,Twisted Minds
4,5477,0,32,0,0,3,0,1,Damage,0,EMEA_S2_PO_UBSF_M2,2,Virtuspro
8,4689,0,54,0,0,2,0,3,Damage,0,EMEA_S2_PO_UBSF_M2,2,Virtuspro
6,4977,3,122,8049,479,5,0,3,Tank,0,EMEA_S2_PO_UBSF_M2,2,Virtuspro
5,3933,3,116,0,8129,1,1,2,Support,0,EMEA_S2_PO_UBSF_M2,2,Virtuspro
3,2729,3,74,826,4102,4,0,1,Support,0,EMEA_S2_PO_UBSF_M2,2,Virtuspro
21,9430,7,91,6766,405,7,0,8,Damage,1,EMEA_S2_PO_UBSF_M2,3,Twisted Minds
21,10499,0,24,93,65,6,0,14,Damage,1,EMEA_S2_PO_UBSF_M2,3,Twisted Minds
21,8520,8,178,18094,0,3,0,8,Tank,1,EMEA_S2_PO_UBSF_M2,3,Twisted Minds
12,2807,17,44,399,15507,7,0,1,Support,1,EMEA_S2_PO_UBSF_M2,3,Twisted Minds
16,6339,20,25,1579,13872,6,0,4,Support,1,EMEA_S2_PO_UBSF_M2,3,Twisted Minds
15,13056,1,29,667,0,6,0,5,Damage,0,EMEA_S2_PO_UBSF_M2,3,Virtuspro
19,10668,0,83,0,0,7,2,9,Damage,0,EMEA_S2_PO_UBSF_M2,3,Virtuspro
14,9588,6,125,12893,0,7,0,7,Tank,0,EMEA_S2_PO_UBSF_M2,3,Virtuspro
14,6512,8,40,378,10548,6,0,3,Support,0,EMEA_S2_PO_UBSF_M2,3,Virtuspro
11,4855,10,87,2547,6703,9,0,5,Support,0,EMEA_S2_PO_UBSF_M2,3,Virtuspro
14,5782,0,17,0,0,2,1,6,Damage,1,EMEA_S2_PO_UBSF_M1,1,Al qadsiah
14,6156,5,39,2191,422,1,0,4,Damage,1,EMEA_S2_PO_UBSF_M1,1,Al qadsiah
17,6294,6,35,8568,0,1,1,11,Tank,1,EMEA_S2_PO_UBSF_M1,1,Al qadsiah
11,3685,15,15,695,8927,1,0,1,Support,1,EMEA_S2_PO_UBSF_M1,1,Al qadsiah
8,2864,9,64,372,5069,0,0,1,Support,1,EMEA_S2_PO_UBSF_M1,1,Al qadsiah
3,6000,0,18,0,0,5,0,2,Damage,0,EMEA_S2_PO_UBSF_M1,1,The Ultimates
2,3834,0,85,0,0,3,0,1,Damage,0,EMEA_S2_PO_UBSF_M1,1,The Ultimates
4,5674,1,30,9379,116,5,1,1,Tank,0,EMEA_S2_PO_UBSF_M1,1,The Ultimates
1,2795,2,3,0,6540,5,0,1,Support,0,EMEA_S2_PO_UBSF_M1,1,The Ultimates
1,2082,1,7,601,4038,5,0,0,Support,0,EMEA_S2_PO_UBSF_M1,1,The Ultimates
14,5873,2,25,310,175,0,1,4,Damage,1,EMEA_S2_PO_UBSF_M1,2,Al qadsiah
16,3971,2,40,2294,59,0,0,8,Damage,1,EMEA_S2_PO_UBSF_M1,2,Al qadsiah
11,3384,1,39,2497,0,1,0,5,Tank,1,EMEA_S2_PO_UBSF_M1,2,Al qadsiah
11,3226,7,13,0,5917,2,0,1,Support,1,EMEA_S2_PO_UBSF_M1,2,Al qadsiah
8,1747,10,35,1014,4204,1,0,0,Support,1,EMEA_S2_PO_UBSF_M1,2,Al qadsiah
3,5410,0,0,0,0,4,1,2,Damage,0,EMEA_S2_PO_UBSF_M1,2,The Ultimates
0,1841,0,59,0,0,2,0,0,Damage,0,EMEA_S2_PO_UBSF_M1,2,The Ultimates
2,5197,0,51,5860,0,4,0,0,Tank,0,EMEA_S2_PO_UBSF_M1,2,The Ultimates
2,2195,1,8,0,4632,4,0,1,Support,0,EMEA_S2_PO_UBSF_M1,2,The Ultimates
1,2779,0,0,765,3822,4,0,1,Support,0,EMEA_S2_PO_UBSF_M1,2,The Ultimates
17,8792,4,18,493,362,9,1,7,Damage,1,EMEA_S2_PO_UBSF_M1,3,Al qadsiah
26,7058,0,41,0,0,2,3,9,Damage,1,EMEA_S2_PO_UBSF_M1,3,Al qadsiah
25,8341,11,88,20830,0,4,0,12,Tank,1,EMEA_S2_PO_UBSF_M1,3,Al qadsiah
18,5331,16,8,854,12447,5,0,3,Support,1,EMEA_S2_PO_UBSF_M1,3,Al qadsiah
13,4049,9,30,1860,4023,6,0,4,Support,1,EMEA_S2_PO_UBSF_M1,3,Al qadsiah
12,8092,0,19,0,0,8,0,6,Damage,0,EMEA_S2_PO_UBSF_M1,3,The Ultimates
16,9745,0,54,2613,231,7,3,11,Damage,0,EMEA_S2_PO_UBSF_M1,3,The Ultimates
19,8963,5,71,7849,0,7,1,5,Tank,0,EMEA_S2_PO_UBSF_M1,3,The Ultimates
6,3496,12,20,0,10352,6,0,4,Support,0,EMEA_S2_PO_UBSF_M1,3,The Ultimates
8,4593,8,24,1372,7219,7,0,0,Support,0,EMEA_S2_PO_UBSF_M1,3,The Ultimates
10,13793,0,27,13,0,7,0,5,Damage,1,EMEA_S2_PO_LBQF_M2,1,Virtuspro
25,10223,0,48,0,2,2,1,15,Damage,1,EMEA_S2_PO_LBQF_M2,1,Virtuspro
24,16195,11,55,15177,0,5,0,5,Tank,1,EMEA_S2_PO_LBQF_M2,1,Virtuspro
13,6617,21,11,4473,9235,5,0,5,Support,1,EMEA_S2_PO_LBQF_M2,1,Virtuspro
13,5953,18,21,395,15564,7,1,3,Support,1,EMEA_S2_PO_LBQF_M2,1,Virtuspro
19,7301,0,69,0,0,5,1,9,Damage,0,EMEA_S2_PO_LBQF_M2,1,Team Peps
17,11796,0,9,2,0,8,0,5,Damage,0,EMEA_S2_PO_LBQF_M2,1,Team Peps
21,14991,5,53,11622,349,8,0,12,Tank,0,EMEA_S2_PO_LBQF_M2,1,Team Peps
3,5495,16,3,835,14878,7,0,0,Support,0,EMEA_S2_PO_LBQF_M2,1,Team Peps
10,3800,20,17,4578,15811,6,0,0,Support,0,EMEA_S2_PO_LBQF_M2,1,Team Peps
20,7123,0,43,0,0,1,0,9,Damage,1,EMEA_S2_PO_LBQF_M2,2,Virtuspro
22,7235,12,30,3070,212,2,0,5,Damage,1,EMEA_S2_PO_LBQF_M2,2,Virtuspro
22,13122,14,112,6056,0,1,0,6,Tank,1,EMEA_S2_PO_LBQF_M2,2,Virtuspro
15,5058,12,40,51,8883,3,0,5,Support,1,EMEA_S2_PO_LBQF_M2,2,Virtuspro
23,7671,9,31,0,7787,1,3,8,Support,1,EMEA_S2_PO_LBQF_M2,2,Virtuspro
1,4364,0,49,1322,0,8,0,1,Damage,0,EMEA_S2_PO_LBQF_M2,2,Team Peps
3,7413,0,62,0,0,6,0,1,Damage,0,EMEA_S2_PO_LBQF_M2,2,Team Peps
6,8571,2,129,8832,0,7,2,4,Tank,0,EMEA_S2_PO_LBQF_M2,2,Team Peps
4,1390,4,34,0,16745,6,0,1,Support,0,EMEA_S2_PO_LBQF_M2,2,Team Peps
5,2317,5,97,4833,7127,6,0,1,Support,0,EMEA_S2_PO_LBQF_M2,2,Team Peps
19,12270,1,11,0,0,6,0,9,Damage,1,EMEA_S2_PO_LBQF_M2,3,Virtuspro
25,8631,0,25,185,0,4,4,9,Damage,1,EMEA_S2_PO_LBQF_M2,3,Virtuspro
24,13929,6,127,7926,0,4,0,7,Tank,1,EMEA_S2_PO_LBQF_M2,3,Virtuspro
16,3301,17,40,1718,10824,5,0,5,Support,1,EMEA_S2_PO_LBQF_M2,3,Virtuspro
16,6466,10,14,0,10177,5,0,6,Support,1,EMEA_S2_PO_LBQF_M2,3,Virtuspro
15,6407,0,31,0,0,6,1,5,Damage,0,EMEA_S2_PO_LBQF_M2,3,Team Peps
11,10665,0,15,0,0,8,0,6,Damage,0,EMEA_S2_PO_LBQF_M2,3,Team Peps
11,9206,4,98,11810,422,6,0,5,Tank,0,EMEA_S2_PO_LBQF_M2,3,Team Peps
12,4844,13,7,0,15049,8,0,5,Support,0,EMEA_S2_PO_LBQF_M2,3,Team Peps
9,5108,12,31,2989,7233,8,0,2,Support,0,EMEA_S2_PO_LBQF_M2,3,Team Peps
21,6495,0,7,0,0,1,0,9,Damage,1,EMEA_S2_PO_LBQF_M1,1,The Ultimates
20,4796,0,21,0,0,1,0,4,Damage,1,EMEA_S2_PO_LBQF_M1,1,The Ultimates
27,6446,6,25,4735,257,1,1,10,Tank,1,EMEA_S2_PO_LBQF_M1,1,The Ultimates
11,5238,12,9,0,4395,2,0,1,Support,1,EMEA_S2_PO_LBQF_M1,1,The Ultimates
20,4709,16,0,1,4206,3,0,4,Support,1,EMEA_S2_PO_LBQF_M1,1,The Ultimates
1,3640,0,12,2891,18,7,0,0,Damage,0,EMEA_S2_PO_LBQF_M1,1,GenG
7,7048,1,3,426,62,7,0,6,Damage,0,EMEA_S2_PO_LBQF_M1,1,GenG
3,4835,2,25,6456,0,5,0,1,Tank,0,EMEA_S2_PO_LBQF_M1,1,GenG
3,2576,6,1,3432,5071,6,0,0,Support,0,EMEA_S2_PO_LBQF_M1,1,GenG
1,2485,4,2,1303,7728,6,0,0,Support,0,EMEA_S2_PO_LBQF_M1,1,GenG
5,9317,0,7,0,0,3,1,1,Damage,0,EMEA_S2_PO_LBQF_M1,2,The Ultimates
5,6290,0,21,1507,88,5,1,4,Damage,0,EMEA_S2_PO_LBQF_M1,2,The Ultimates
3,8501,0,13,7412,300,8,0,1,Tank,0,EMEA_S2_PO_LBQF_M1,2,The Ultimates
2,1893,4,7,0,9004,6,0,0,Support,0,EMEA_S2_PO_LBQF_M1,2,The Ultimates
6,3698,3,0,335,6391,5,0,3,Support,0,EMEA_S2_PO_LBQF_M1,2,The Ultimates
18,4038,0,22,0,0,3,1,4,Damage,1,EMEA_S2_PO_LBQF_M1,2,GenG
14,8363,3,0,350,78,2,0,8,Damage,1,EMEA_S2_PO_LBQF_M1,2,GenG
18,10369,7,14,6317,0,1,0,6,Tank,1,EMEA_S2_PO_LBQF_M1,2,GenG
11,2196,13,13,3900,5968,2,0,4,Support,1,EMEA_S2_PO_LBQF_M1,2,GenG
19,4890,17,5,1348,15242,1,0,5,Support,1,EMEA_S2_PO_LBQF_M1,2,GenG
30,15032,2,59,0,0,7,2,14,Damage,1,EMEA_S2_PO_LBQF_M1,3,The Ultimates
32,15013,5,135,2427,752,5,1,14,Damage,1,EMEA_S2_PO_LBQF_M1,3,The Ultimates
32,18600,6,185,8735,300,4,1,13,Tank,1,EMEA_S2_PO_LBQF_M1,3,The Ultimates
14,2777,27,124,0,17913,6,0,1,Support,1,EMEA_S2_PO_LBQF_M1,3,The Ultimates
21,8124,27,94,1505,12713,7,1,5,Support,1,EMEA_S2_PO_LBQF_M1,3,The Ultimates
16,9865,2,94,6637,286,12,0,6,Damage,0,EMEA_S2_PO_LBQF_M1,3,GenG
15,15810,2,50,599,134,12,0,5,Damage,0,EMEA_S2_PO_LBQF_M1,3,GenG
16,12753,6,168,13821,0,8,0,7,Tank,0,EMEA_S2_PO_LBQF_M1,3,GenG
13,5416,12,144,3033,11952,8,0,4,Support,0,EMEA_S2_PO_LBQF_M1,3,GenG
17,4345,13,75,0,21660,7,1,7,Support,0,EMEA_S2_PO_LBQF_M1,3,GenG
18,9728,0,3,0,0,5,3,11,Damage,1,EMEA_S2_PO_LBQF_M1,4,The Ultimates
24,6732,0,18,0,0,1,6,9,Damage,1,EMEA_S2_PO_LBQF_M1,4,The Ultimates
10,7860,1,92,7259,559,4,1,4,Tank,1,EMEA_S2_PO_LBQF_M1,4,The Ultimates
7,4822,14,33,2572,6841,5,0,2,Support,1,EMEA_S2_PO_LBQF_M1,4,The Ultimates
10,4171,5,5,300,5370,7,0,6,Support,1,EMEA_S2_PO_LBQF_M1,4,The Ultimates
14,5535,4,85,3708,635,7,0,5,Damage,0,EMEA_S2_PO_LBQF_M1,4,GenG
14,8690,0,75,0,0,7,0,7,Damage,0,EMEA_S2_PO_LBQF_M1,4,GenG
17,7359,11,172,8378,0,5,0,5,Tank,0,EMEA_S2_PO_LBQF_M1,4,GenG
8,3576,10,125,896,5716,9,0,3,Support,0,EMEA_S2_PO_LBQF_M1,4,GenG
11,3539,15,76,1155,12795,8,0,2,Support,0,EMEA_S2_PO_LBQF_M1,4,GenG
25,14638,6,77,4560,761,9,0,16,Damage,1,EMEA_S2_PO_GF_M1,1,Al qadsiah
28,13704,11,104,6075,1400,6,1,6,Damage,1,EMEA_S2_PO_GF_M1,1,Al qadsiah
29,11561,20,145,24437,0,5,0,9,Tank,1,EMEA_S2_PO_GF_M1,1,Al qadsiah
12,6967,31,91,0,14793,5,0,1,Support,1,EMEA_S2_PO_GF_M1,1,Al qadsiah
22,6482,27,105,2958,11249,7,0,4,Support,1,EMEA_S2_PO_GF_M1,1,Al qadsiah
22,12199,9,71,5625,878,8,0,5,Damage,0,EMEA_S2_PO_GF_M1,1,Twisted Minds
16,13400,0,44,309,87,9,0,11,Damage,0,EMEA_S2_PO_GF_M1,1,Twisted Minds
21,10221,9,160,18768,300,8,1,7,Tank,0,EMEA_S2_PO_GF_M1,1,Twisted Minds
17,7669,14,74,3054,13189,5,0,7,Support,0,EMEA_S2_PO_GF_M1,1,Twisted Minds
7,6253,25,60,1057,16668,8,0,1,Support,0,EMEA_S2_PO_GF_M1,1,Twisted Minds
29,15047,0,107,0,0,5,2,11,Damage,1,EMEA_S2_PO_GF_M1,2,Al qadsiah
25,13944,11,111,6216,619,10,1,8,Damage,1,EMEA_S2_PO_GF_M1,2,Al qadsiah
29,10648,13,122,28786,0,1,1,12,Tank,1,EMEA_S2_PO_GF_M1,2,Al qadsiah
18,6224,28,106,0,14690,5,0,7,Support,1,EMEA_S2_PO_GF_M1,2,Al qadsiah
22,6959,24,184,4151,11962,2,0,6,Support,1,EMEA_S2_PO_GF_M1,2,Al qadsiah
9,10382,2,111,5603,221,11,0,3,Damage,0,EMEA_S2_PO_GF_M1,2,Twisted Minds
19,14301,0,104,0,0,8,0,9,Damage,0,EMEA_S2_PO_GF_M1,2,Twisted Minds
14,9190,7,190,26012,846,8,0,5,Tank,0,EMEA_S2_PO_GF_M1,2,Twisted Minds
10,7447,12,159,3632,11001,8,0,2,Support,0,EMEA_S2_PO_GF_M1,2,Twisted Minds
11,5959,13,133,0,13451,10,0,4,Support,0,EMEA_S2_PO_GF_M1,2,Twisted Minds
14,4608,0,55,0,0,4,0,3,Damage,1,EMEA_S2_PO_GF_M1,3,Al qadsiah
16,6537,2,62,4677,229,3,0,5,Damage,1,EMEA_S2_PO_GF_M1,3,Al qadsiah
17,8429,9,79,9963,163,2,1,3,Tank,1,EMEA_S2_PO_GF_M1,3,Al qadsiah
17,6639,11,44,0,7081,1,1,11,Support,1,EMEA_S2_PO_GF_M1,3,Al qadsiah
6,2663,14,37,0,6418,3,0,1,Support,1,EMEA_S2_PO_GF_M1,3,Al qadsiah
10,5458,2,60,4274,215,5,0,3,Damage,0,EMEA_S2_PO_GF_M1,3,Twisted Minds
7,5861,0,12,0,0,5,0,6,Damage,0,EMEA_S2_PO_GF_M1,3,Twisted Minds
7,6749,2,150,18795,300,4,0,2,Tank,0,EMEA_S2_PO_GF_M1,3,Twisted Minds
4,1206,6,15,0,10399,3,0,0,Support,0,EMEA_S2_PO_GF_M1,3,Twisted Minds
4,3186,8,20,714,5147,6,1,2,Support,0,EMEA_S2_PO_GF_M1,3,Twisted Minds
15,11885,0,42,0,0,10,3,8,Damage,0,EMEA_S2_PO_GF_M1,4,Al qadsiah
12,9702,4,39,7725,709,10,1,6,Damage,0,EMEA_S2_PO_GF_M1,4,Al qadsiah
17,9809,9,116,19784,0,8,0,4,Tank,0,EMEA_S2_PO_GF_M1,4,Al qadsiah
1,614,0,1,0,1432,1,0,1,Support,0,EMEA_S2_PO_GF_M1,4,Al qadsiah
10,6870,7,95,3887,9590,5,0,4,Support,0,EMEA_S2_PO_GF_M1,4,Al qadsiah
26,12390,7,80,6152,934,7,1,5,Damage,1,EMEA_S2_PO_GF_M1,4,Twisted Minds
21,12389,0,21,0,0,5,0,10,Damage,1,EMEA_S2_PO_GF_M1,4,Twisted Minds
27,7450,12,136,19743,1476,5,1,10,Tank,1,EMEA_S2_PO_GF_M1,4,Twisted Minds
18,7606,22,66,2373,11699,6,0,3,Support,1,EMEA_S2_PO_GF_M1,4,Twisted Minds
11,5422,21,49,0,12422,7,1,5,Support,1,EMEA_S2_PO_GF_M1,4,Twisted Minds
20,8447,10,212,7199,1508,6,0,7,Damage,0,EMEA_S2_PO_GF_M1,5,Al qadsiah
23,10718,9,182,5551,1387,6,1,12,Damage,0,EMEA_S2_PO_GF_M1,5,Al qadsiah
28,9306,11,201,17370,0,5,1,11,Tank,0,EMEA_S2_PO_GF_M1,5,Al qadsiah
16,5108,24,183,0,13148,7,1,2,Support,0,EMEA_S2_PO_GF_M1,5,Al qadsiah
20,6109,18,215,3366,10062,4,1,6,Support,0,EMEA_S2_PO_GF_M1,5,Al qadsiah
20,10997,5,164,8139,812,7,0,7,Damage,1,EMEA_S2_PO_GF_M1,5,Twisted Minds
18,13116,0,47,0,0,9,0,7,Damage,1,EMEA_S2_PO_GF_M1,5,Twisted Minds
15,10582,5,258,17571,600,9,0,6,Tank,1,EMEA_S2_PO_GF_M1,5,Twisted Minds
13,7099,13,138,2310,8381,7,0,4,Support,1,EMEA_S2_PO_GF_M1,5,Twisted Minds
11,5285,20,114,0,10658,6,1,4,Support,1,EMEA_S2_PO_GF_M1,5,Twisted Minds
18,12952,0,23,0,0,5,2,7,Damage,1,EMEA_S2_PO_GF_M1,6,Al qadsiah
23,8639,0,64,0,0,4,3,14,Damage,1,EMEA_S2_PO_GF_M1,6,Al qadsiah
14,9107,8,61,19884,0,3,0,5,Tank,1,EMEA_S2_PO_GF_M1,6,Al qadsiah
6,5857,13,18,0,9664,6,1,3,Support,1,EMEA_S2_PO_GF_M1,6,Al qadsiah
13,6421,15,35,1538,7966,2,0,4,Support,1,EMEA_S2_PO_GF_M1,6,Al qadsiah
7,5285,0,54,0,0,8,0,1,Damage,0,EMEA_S2_PO_GF_M1,6,Twisted Minds
15,9571,0,9,0,0,7,0,5,Damage,0,EMEA_S2_PO_GF_M1,6,Twisted Minds
12,8203,2,73,20433,1611,6,1,10,Tank,0,EMEA_S2_PO_GF_M1,6,Twisted Minds
4,6029,7,50,2297,10250,6,0,1,Support,0,EMEA_S2_PO_GF_M1,6,Twisted Minds
9,5119,9,19,0,10706,6,1,3,Support,0,EMEA_S2_PO_GF_M1,6,Twisted Minds
26,8947,0,24,0,0,5,0,14,Damage,1,EMEA_S3_RR_W2_D1_M1,1,Twisted Minds
18,6820,1,47,452,98,2,1,7,Damage,1,EMEA_S3_RR_W2_D1_M1,1,Twisted Minds
28,6654,16,52,13727,674,2,0,11,Tank,1,EMEA_S3_RR_W2_D1_M1,1,Twisted Minds
15,3824,18,32,1461,5806,7,0,1,Support,1,EMEA_S3_RR_W2_D1_M1,1,Twisted Minds
13,4983,29,33,0,12333,3,0,4,Support,1,EMEA_S3_RR_W2_D1_M1,1,Twisted Minds
13,6119,0,44,495,0,6,2,6,Damage,0,EMEA_S3_RR_W2_D1_M1,1,Team Peps
8,6860,0,23,0,270,8,0,1,Damage,0,EMEA_S3_RR_W2_D1_M1,1,Team Peps
13,8551,2,48,6980,0,7,1,7,Tank,0,EMEA_S3_RR_W2_D1_M1,1,Team Peps
7,5067,11,27,0,7170,7,0,2,Support,0,EMEA_S3_RR_W2_D1_M1,1,Team Peps
8,4235,5,21,1265,6384,9,1,2,Support,0,EMEA_S3_RR_W2_D1_M1,1,Team Peps
9,5156,0,0,0,0,1,2,4,Damage,1,EMEA_S3_RR_W2_D1_M1,2,Twisted Minds
10,4188,0,8,0,0,1,1,5,Damage,1,EMEA_S3_RR_W2_D1_M1,2,Twisted Minds
6,3631,0,19,833,2674,1,0,4,Tank,1,EMEA_S3_RR_W2_D1_M1,2,Twisted Minds
10,2932,4,1,387,3455,1,0,3,Support,1,EMEA_S3_RR_W2_D1_M1,2,Twisted Minds
5,2014,11,18,0,6202,2,0,1,Support,1,EMEA_S3_RR_W2_D1_M1,2,Twisted Minds
2,2367,0,2,0,0,5,0,1,Damage,0,EMEA_S3_RR_W2_D1_M1,2,Team Peps
3,5212,1,4,0,0,3,0,0,Damage,0,EMEA_S3_RR_W2_D1_M1,2,Team Peps
5,3486,1,30,6542,640,4,1,4,Tank,0,EMEA_S3_RR_W2_D1_M1,2,Team Peps
2,1752,3,7,0,3926,4,0,0,Support,0,EMEA_S3_RR_W2_D1_M1,2,Team Peps
2,3796,2,3,0,3985,4,0,1,Support,0,EMEA_S3_RR_W2_D1_M1,2,Team Peps
14,5936,2,6,476,0,5,0,2,Damage,1,EMEA_S3_RR_W2_D1_M1,3,Twisted Minds
17,6121,8,34,596,618,6,0,2,Damage,1,EMEA_S3_RR_W2_D1_M1,3,Twisted Minds
23,8380,6,97,13915,521,2,0,12,Tank,1,EMEA_S3_RR_W2_D1_M1,3,Twisted Minds
15,5111,15,39,1649,7072,4,0,4,Support,1,EMEA_S3_RR_W2_D1_M1,3,Twisted Minds
18,5471,12,10,0,11559,6,0,8,Support,1,EMEA_S3_RR_W2_D1_M1,3,Twisted Minds
12,6265,2,68,1593,0,7,1,7,Damage,0,EMEA_S3_RR_W2_D1_M1,3,Team Peps
15,6696,0,32,0,1869,7,1,7,Damage,0,EMEA_S3_RR_W2_D1_M1,3,Team Peps
12,7982,2,30,4403,0,6,0,4,Tank,0,EMEA_S3_RR_W2_D1_M1,3,Team Peps
8,7379,6,12,0,7612,6,0,3,Support,0,EMEA_S3_RR_W2_D1_M1,3,Team Peps
10,5152,10,32,1397,5826,4,1,2,Support,0,EMEA_S3_RR_W2_D1_M1,3,Team Peps
20,8291,0,9,0,0,5,2,11,Damage,1,EMEA_S3_RR_W2_D1_M2,1,Al qadsiah
23,8149,0,40,0,0,0,0,9,Damage,1,EMEA_S3_RR_W2_D1_M2,1,Al qadsiah
22,8860,3,54,3933,0,2,0,5,Tank,1,EMEA_S3_RR_W2_D1_M2,1,Al qadsiah
12,4474,11,11,0,6897,3,0,4,Support,1,EMEA_S3_RR_W2_D1_M2,1,Al qadsiah
10,2879,11,43,0,6602,4,0,2,Support,1,EMEA_S3_RR_W2_D1_M2,1,Al qadsiah
5,3888,0,25,0,0,5,0,1,Damage,0,EMEA_S3_RR_W2_D1_M2,1,Quick Esports
9,4198,0,27,0,691,8,1,6,Damage,0,EMEA_S3_RR_W2_D1_M2,1,Quick Esports
10,5731,2,48,8894,428,8,0,5,Tank,0,EMEA_S3_RR_W2_D1_M2,1,Quick Esports
7,4662,5,27,0,7774,6,0,2,Support,0,EMEA_S3_RR_W2_D1_M2,1,Quick Esports
5,4716,3,12,0,5840,6,0,0,Support,0,EMEA_S3_RR_W2_D1_M2,1,Quick Esports
15,4963,0,5,0,0,2,1,6,Damage,1,EMEA_S3_RR_W2_D1_M2,2,Al qadsiah
11,2969,0,0,0,0,3,3,5,Damage,1,EMEA_S3_RR_W2_D1_M2,2,Al qadsiah
12,3257,1,5,751,694,1,0,4,Tank,1,EMEA_S3_RR_W2_D1_M2,2,Al qadsiah
8,4369,4,3,0,2252,1,1,4,Support,1,EMEA_S3_RR_W2_D1_M2,2,Al qadsiah
6,1829,1,15,0,2600,3,0,3,Support,1,EMEA_S3_RR_W2_D1_M2,2,Al qadsiah
4,2920,0,25,0,0,4,0,1,Damage,0,EMEA_S3_RR_W2_D1_M2,2,Quick Esports
6,3063,1,1,0,0,6,0,4,Damage,0,EMEA_S3_RR_W2_D1_M2,2,Quick Esports
7,2789,2,11,4591,249,4,0,4,Tank,0,EMEA_S3_RR_W2_D1_M2,2,Quick Esports
4,1964,5,0,0,2789,5,0,1,Support,0,EMEA_S3_RR_W2_D1_M2,2,Quick Esports
3,2688,1,2,0,3121,3,0,0,Support,0,EMEA_S3_RR_W2_D1_M2,2,Quick Esports
25,11714,2,59,235,815,11,4,11,Damage,1,EMEA_S3_RR_W2_D1_M2,3,Al qadsiah
41,16179,0,54,0,0,5,5,14,Damage,1,EMEA_S3_RR_W2_D1_M2,3,Al qadsiah
38,15886,7,98,4947,0,7,2,20,Tank,1,EMEA_S3_RR_W2_D1_M2,3,Al qadsiah
26,10792,22,22,0,9746,11,2,11,Support,1,EMEA_S3_RR_W2_D1_M2,3,Al qadsiah
13,3487,12,187,0,6470,10,0,4,Support,1,EMEA_S3_RR_W2_D1_M2,3,Al qadsiah
20,8051,2,28,0,0,16,1,6,Damage,0,EMEA_S3_RR_W2_D1_M2,3,Quick Esports
17,7836,2,30,85,430,18,2,12,Damage,0,EMEA_S3_RR_W2_D1_M2,3,Quick Esports
25,9868,6,125,9441,400,10,2,14,Tank,0,EMEA_S3_RR_W2_D1_M2,3,Quick Esports
23,8382,10,193,0,9963,12,2,5,Support,0,EMEA_S3_RR_W2_D1_M2,3,Quick Esports
17,12907,1,67,0,7713,4,2,7,Support,0,EMEA_S3_RR_W2_D1_M2,3,Quick Esports
20,6475,0,23,0,1012,1,0,8,Damage,1,EMEA_S3_RR_W2_D1_M3,1,Virtuspro
18,5372,0,13,0,0,1,0,4,Damage,1,EMEA_S3_RR_W2_D1_M3,1,Virtuspro
23,9322,6,28,4669,0,0,0,7,Tank,1,EMEA_S3_RR_W2_D1_M3,1,Virtuspro
15,3129,16,8,1430,3726,2,0,3,Support,1,EMEA_S3_RR_W2_D1_M3,1,Virtuspro
12,3043,19,14,0,7127,1,0,4,Support,1,EMEA_S3_RR_W2_D1_M3,1,Virtuspro
3,5609,0,8,512,0,7,0,3,Damage,0,EMEA_S3_RR_W2_D1_M3,1,GenG
2,3867,1,19,2334,161,5,0,0,Damage,0,EMEA_S3_RR_W2_D1_M3,1,GenG
2,3773,1,21,5087,0,8,0,0,Tank,0,EMEA_S3_RR_W2_D1_M3,1,GenG
2,2663,1,4,2232,5585,3,0,2,Support,0,EMEA_S3_RR_W2_D1_M3,1,GenG
1,1410,4,5,0,7530,4,0,0,Support,0,EMEA_S3_RR_W2_D1_M3,1,GenG
15,8751,3,32,4369,248,4,1,8,Damage,1,EMEA_S3_RR_W2_D1_M3,2,Virtuspro
17,9257,0,34,0,0,0,5,12,Damage,1,EMEA_S3_RR_W2_D1_M3,2,Virtuspro
14,8169,2,102,5073,4869,4,0,4,Tank,1,EMEA_S3_RR_W2_D1_M3,2,Virtuspro
13,6946,4,83,0,9646,2,0,5,Support,1,EMEA_S3_RR_W2_D1_M3,2,Virtuspro
12,6484,10,46,0,10011,3,1,3,Support,1,EMEA_S3_RR_W2_D1_M3,2,Virtuspro
9,11165,0,43,0,0,9,1,4,Damage,0,EMEA_S3_RR_W2_D1_M3,2,GenG
7,7840,1,60,1682,252,7,0,2,Damage,0,EMEA_S3_RR_W2_D1_M3,2,GenG
7,8783,3,136,15048,0,6,0,3,Tank,0,EMEA_S3_RR_W2_D1_M3,2,GenG
7,4630,8,67,1646,8468,4,0,1,Support,0,EMEA_S3_RR_W2_D1_M3,2,GenG
5,4674,7,53,0,11444,6,0,3,Support,0,EMEA_S3_RR_W2_D1_M3,2,GenG
18,7543,2,128,0,1376,9,0,4,Damage,0,EMEA_S3_RR_W2_D1_M3,3,Virtuspro
21,7552,0,71,0,0,2,2,11,Damage,0,EMEA_S3_RR_W2_D1_M3,3,Virtuspro
27,9088,11,159,8735,197,9,0,10,Tank,0,EMEA_S3_RR_W2_D1_M3,3,Virtuspro
18,8476,6,45,0,5453,5,0,6,Support,0,EMEA_S3_RR_W2_D1_M3,3,Virtuspro
9,5562,24,102,0,8750,5,0,0,Support,0,EMEA_S3_RR_W2_D1_M3,3,Virtuspro
16,8274,3,68,234,0,8,0,5,Damage,1,EMEA_S3_RR_W2_D1_M3,3,GenG
24,9591,5,159,7287,947,5,0,12,Damage,1,EMEA_S3_RR_W2_D1_M3,3,GenG
24,9016,7,179,9880,0,7,0,6,Tank,1,EMEA_S3_RR_W2_D1_M3,3,GenG
13,4192,15,85,1579,7759,5,1,7,Support,1,EMEA_S3_RR_W2_D1_M3,3,GenG
9,2721,25,96,0,13938,6,0,0,Support,1,EMEA_S3_RR_W2_D1_M3,3,GenG
18,7493,0,31,2449,431,3,1,4,Damage,1,EMEA_S3_RR_W2_D1_M3,4,Virtuspro
23,8281,0,30,1440,211,3,1,8,Damage,1,EMEA_S3_RR_W2_D1_M3,4,Virtuspro
24,9630,1,84,4773,406,1,0,17,Tank,1,EMEA_S3_RR_W2_D1_M3,4,Virtuspro
13,5533,5,13,0,6992,4,0,5,Support,1,EMEA_S3_RR_W2_D1_M3,4,Virtuspro
15,4557,18,7,844,6584,4,1,4,Support,1,EMEA_S3_RR_W2_D1_M3,4,Virtuspro
7,5786,1,38,1207,0,9,1,4,Damage,0,EMEA_S3_RR_W2_D1_M3,4,GenG
5,7157,1,26,5205,699,7,0,2,Damage,0,EMEA_S3_RR_W2_D1_M3,4,GenG
9,7880,2,62,8000,0,8,2,4,Tank,0,EMEA_S3_RR_W2_D1_M3,4,GenG
6,3136,5,7,0,9032,7,0,4,Support,0,EMEA_S3_RR_W2_D1_M3,4,GenG
5,3241,7,21,0,7863,8,0,1,Support,0,EMEA_S3_RR_W2_D1_M3,4,GenG
16,9636,0,8,0,0,8,0,5,Damage,0,EMEA_S3_RR_W2_D2_M1,1,Vision Esports
10,5952,0,47,68,0,4,0,5,Damage,0,EMEA_S3_RR_W2_D2_M1,1,Vision Esports
13,9632,2,69,7991,0,7,0,7,Tank,0,EMEA_S3_RR_W2_D2_M1,1,Vision Esports
4,4124,14,26,0,10792,3,0,1,Support,0,EMEA_S3_RR_W2_D2_M1,1,Vision Esports
12,8009,10,35,2785,8404,7,0,4,Support,0,EMEA_S3_RR_W2_D2_M1,1,Vision Esports
16,8013,0,64,0,0,4,0,6,Damage,1,EMEA_S3_RR_W2_D2_M1,1,Goud Guys
19,9021,0,12,0,0,5,0,6,Damage,1,EMEA_S3_RR_W2_D2_M1,1,Goud Guys
17,9132,3,93,8202,4282,3,1,11,Tank,1,EMEA_S3_RR_W2_D2_M1,1,Goud Guys
12,6061,7,6,0,7692,6,0,4,Support,1,EMEA_S3_RR_W2_D2_M1,1,Goud Guys
8,6018,17,26,0,11517,4,0,1,Support,1,EMEA_S3_RR_W2_D2_M1,1,Goud Guys
18,9795,0,100,0,0,4,0,10,Damage,1,EMEA_S3_RR_W2_D2_M1,2,Vision Esports
29,8517,0,47,0,0,5,2,12,Damage,1,EMEA_S3_RR_W2_D2_M1,2,Vision Esports
26,11134,10,207,14936,100,2,2,13,Tank,1,EMEA_S3_RR_W2_D2_M1,2,Vision Esports
15,4465,21,70,0,14078,3,0,5,Support,1,EMEA_S3_RR_W2_D2_M1,2,Vision Esports
14,8668,7,93,0,12721,3,0,1,Support,1,EMEA_S3_RR_W2_D2_M1,2,Vision Esports
9,7275,0,81,0,0,7,1,3,Damage,0,EMEA_S3_RR_W2_D2_M1,2,Goud Guys
9,9515,1,25,1727,194,11,0,5,Damage,0,EMEA_S3_RR_W2_D2_M1,2,Goud Guys
12,11166,1,145,10345,563,8,0,5,Tank,0,EMEA_S3_RR_W2_D2_M1,2,Goud Guys
3,6624,3,28,0,8349,9,0,2,Support,0,EMEA_S3_RR_W2_D2_M1,2,Goud Guys
5,8018,10,39,0,12028,6,0,2,Support,0,EMEA_S3_RR_W2_D2_M1,2,Goud Guys
28,11385,1,29,221,0,5,0,10,Damage,1,EMEA_S3_RR_W2_D2_M1,3,Vision Esports
25,7517,8,62,2327,0,9,0,8,Damage,1,EMEA_S3_RR_W2_D2_M1,3,Vision Esports
25,13363,11,85,9655,0,8,1,10,Tank,1,EMEA_S3_RR_W2_D2_M1,3,Vision Esports
15,4784,27,30,0,13993,4,0,5,Support,1,EMEA_S3_RR_W2_D2_M1,3,Vision Esports
24,7612,16,28,1639,8396,6,0,7,Support,1,EMEA_S3_RR_W2_D2_M1,3,Vision Esports
14,6840,1,52,2642,0,11,0,4,Damage,0,EMEA_S3_RR_W2_D2_M1,3,Goud Guys
17,9725,4,34,4684,769,7,0,4,Damage,0,EMEA_S3_RR_W2_D2_M1,3,Goud Guys
26,14412,4,68,12218,0,7,2,14,Tank,0,EMEA_S3_RR_W2_D2_M1,3,Goud Guys
13,4604,9,26,1495,8334,10,0,4,Support,0,EMEA_S3_RR_W2_D2_M1,3,Goud Guys
12,5434,21,30,0,14189,6,0,6,Support,0,EMEA_S3_RR_W2_D2_M1,3,Goud Guys
22,12146,9,35,0,4,9,1,11,Damage,1,EMEA_S3_RR_W2_D2_M1,4,Vision Esports
41,10204,3,121,0,0,3,3,16,Damage,1,EMEA_S3_RR_W2_D2_M1,4,Vision Esports
38,12866,14,136,12489,567,6,3,18,Tank,1,EMEA_S3_RR_W2_D2_M1,4,Vision Esports
13,3374,19,49,219,10312,10,0,0,Support,1,EMEA_S3_RR_W2_D2_M1,4,Vision Esports
33,13367,15,75,0,10469,8,3,15,Support,1,EMEA_S3_RR_W2_D2_M1,4,Vision Esports
17,8156,0,116,0,0,8,3,11,Damage,0,EMEA_S3_RR_W2_D2_M1,4,Goud Guys
22,12376,0,34,0,0,16,3,10,Damage,0,EMEA_S3_RR_W2_D2_M1,4,Goud Guys
14,9710,1,56,12885,0,14,3,7,Tank,0,EMEA_S3_RR_W2_D2_M1,4,Goud Guys
11,6123,6,9,0,10081,12,0,2,Support,0,EMEA_S3_RR_W2_D2_M1,4,Goud Guys
14,5863,14,30,1327,12470,12,1,4,Support,0,EMEA_S3_RR_W2_D2_M1,4,Goud Guys
4,6431,1,14,745,174,6,0,1,Damage,0,EMEA_S3_RR_W2_D2_M2,1,Quick Esports
4,5160,0,22,3490,156,6,0,1,Damage,0,EMEA_S3_RR_W2_D2_M2,1,Quick Esports
5,3538,1,37,15559,0,7,0,2,Tank,0,EMEA_S3_RR_W2_D2_M2,1,Quick Esports
1,1599,6,6,0,8539,6,0,0,Support,0,EMEA_S3_RR_W2_D2_M2,1,Quick Esports
3,3521,3,21,1159,3911,6,0,1,Support,0,EMEA_S3_RR_W2_D2_M2,1,Quick Esports
21,8133,3,26,771,527,2,1,7,Damage,1,EMEA_S3_RR_W2_D2_M2,1,GenG
15,5957,6,30,3987,463,2,0,6,Damage,1,EMEA_S3_RR_W2_D2_M2,1,GenG
24,7019,15,45,3645,0,0,0,8,Tank,1,EMEA_S3_RR_W2_D2_M2,1,GenG
12,2413,17,12,0,10391,1,0,4,Support,1,EMEA_S3_RR_W2_D2_M2,1,GenG
17,3070,21,23,857,3431,1,1,1,Support,1,EMEA_S3_RR_W2_D2_M2,1,GenG
11,8888,1,71,0,0,11,0,6,Damage,0,EMEA_S3_RR_W2_D2_M2,2,Quick Esports
14,8372,0,29,2222,0,9,0,7,Damage,0,EMEA_S3_RR_W2_D2_M2,2,Quick Esports
16,9251,3,81,15842,0,10,0,8,Tank,0,EMEA_S3_RR_W2_D2_M2,2,Quick Esports
6,3983,10,59,597,6940,9,0,0,Support,0,EMEA_S3_RR_W2_D2_M2,2,Quick Esports
9,6552,10,70,0,8085,9,1,5,Support,0,EMEA_S3_RR_W2_D2_M2,2,Quick Esports
24,9416,0,30,0,0,9,2,12,Damage,1,EMEA_S3_RR_W2_D2_M2,2,GenG
27,8849,4,160,2817,348,4,1,9,Damage,1,EMEA_S3_RR_W2_D2_M2,2,GenG
29,10538,7,71,12939,0,3,6,20,Tank,1,EMEA_S3_RR_W2_D2_M2,2,GenG
13,4930,27,74,0,13950,5,0,3,Support,1,EMEA_S3_RR_W2_D2_M2,2,GenG
23,4735,20,108,949,5286,5,0,4,Support,1,EMEA_S3_RR_W2_D2_M2,2,GenG
7,8394,4,3,0,0,8,0,3,Damage,1,EMEA_S3_RR_W2_D2_M2,3,Quick Esports
23,7860,1,69,0,0,4,2,6,Damage,1,EMEA_S3_RR_W2_D2_M2,3,Quick Esports
25,11695,3,54,14268,0,3,2,12,Tank,1,EMEA_S3_RR_W2_D2_M2,3,Quick Esports
11,5392,11,76,0,6469,3,0,6,Support,1,EMEA_S3_RR_W2_D2_M2,3,Quick Esports
20,8072,3,52,0,7857,3,3,13,Support,1,EMEA_S3_RR_W2_D2_M2,3,Quick Esports
12,8753,0,17,180,0,8,0,4,Damage,0,EMEA_S3_RR_W2_D2_M2,3,GenG
12,6828,0,87,0,308,9,0,4,Damage,0,EMEA_S3_RR_W2_D2_M2,3,GenG
13,6923,2,57,11326,0,6,0,9,Tank,0,EMEA_S3_RR_W2_D2_M2,3,GenG
5,4588,13,14,0,13614,9,0,3,Support,0,EMEA_S3_RR_W2_D2_M2,3,GenG
4,3654,8,26,1595,6571,8,0,1,Support,0,EMEA_S3_RR_W2_D2_M2,3,GenG
7,7395,0,26,0,0,8,3,4,Damage,0,EMEA_S3_RR_W2_D2_M2,4,Quick Esports
6,4432,0,87,0,0,4,0,3,Damage,0,EMEA_S3_RR_W2_D2_M2,4,Quick Esports
5,6177,1,74,8541,0,9,0,2,Tank,0,EMEA_S3_RR_W2_D2_M2,4,Quick Esports
7,3616,5,77,0,4797,8,1,3,Support,0,EMEA_S3_RR_W2_D2_M2,4,Quick Esports
5,4903,2,13,0,4264,8,0,2,Support,0,EMEA_S3_RR_W2_D2_M2,4,Quick Esports
26,9355,3,32,173,0,4,0,11,Damage,1,EMEA_S3_RR_W2_D2_M2,4,GenG
25,7922,3,39,2770,663,2,1,10,Damage,1,EMEA_S3_RR_W2_D2_M2,4,GenG
21,6215,1,59,3866,0,2,1,13,Tank,1,EMEA_S3_RR_W2_D2_M2,4,GenG
7,1833,25,24,0,9960,3,0,1,Support,1,EMEA_S3_RR_W2_D2_M2,4,GenG
10,2653,20,20,1241,7612,3,0,2,Support,1,EMEA_S3_RR_W2_D2_M2,4,GenG
19,11505,0,44,0,401,9,0,6,Damage,1,EMEA_S3_RR_W3_D1_M1,1,Team Peps
21,7521,2,145,1798,0,7,2,6,Damage,1,EMEA_S3_RR_W3_D1_M1,1,Team Peps
23,12359,4,87,9273,0,5,1,13,Tank,1,EMEA_S3_RR_W3_D1_M1,1,Team Peps
17,9929,17,60,0,11534,6,1,6,Support,1,EMEA_S3_RR_W3_D1_M1,1,Team Peps
12,6508,18,39,2107,10053,3,1,2,Support,1,EMEA_S3_RR_W3_D1_M1,1,Team Peps
14,13489,3,51,397,0,10,2,6,Damage,0,EMEA_S3_RR_W3_D1_M1,1,GenG
22,11784,5,115,4832,967,7,0,11,Damage,0,EMEA_S3_RR_W3_D1_M1,1,GenG
17,7757,8,146,16038,0,7,0,9,Tank,0,EMEA_S3_RR_W3_D1_M1,1,GenG
17,4613,18,62,1946,8794,5,0,3,Support,0,EMEA_S3_RR_W3_D1_M1,1,GenG
8,4034,23,71,0,17567,6,0,1,Support,0,EMEA_S3_RR_W3_D1_M1,1,GenG
23,12174,0,87,0,323,7,4,16,Damage,1,EMEA_S3_RR_W3_D1_M1,2,Team Peps
27,8672,0,55,0,0,4,4,15,Damage,1,EMEA_S3_RR_W3_D1_M1,2,Team Peps
22,12443,7,109,11062,0,3,0,5,Tank,1,EMEA_S3_RR_W3_D1_M1,2,Team Peps
17,7670,22,57,0,9633,8,1,6,Support,1,EMEA_S3_RR_W3_D1_M1,2,Team Peps
17,8396,8,131,1791,16442,4,0,4,Support,1,EMEA_S3_RR_W3_D1_M1,2,Team Peps
16,14038,0,80,0,0,10,1,8,Damage,0,EMEA_S3_RR_W3_D1_M1,2,GenG
16,9190,0,71,0,0,9,0,6,Damage,0,EMEA_S3_RR_W3_D1_M1,2,GenG
15,8888,8,184,15408,0,11,0,5,Tank,0,EMEA_S3_RR_W3_D1_M1,2,GenG
7,4801,10,103,2857,9542,7,0,3,Support,0,EMEA_S3_RR_W3_D1_M1,2,GenG
7,5597,17,47,0,12823,10,1,4,Support,0,EMEA_S3_RR_W3_D1_M1,2,GenG
22,7206,0,12,0,281,6,0,11,Damage,1,EMEA_S3_RR_W3_D1_M1,3,Team Peps
18,7152,0,89,0,0,1,0,4,Damage,1,EMEA_S3_RR_W3_D1_M1,3,Team Peps
23,8268,5,119,8272,0,4,0,8,Tank,1,EMEA_S3_RR_W3_D1_M1,3,Team Peps
16,7125,22,28,0,6862,3,0,5,Support,1,EMEA_S3_RR_W3_D1_M1,3,Team Peps
15,6603,4,7,1303,9852,3,0,6,Support,1,EMEA_S3_RR_W3_D1_M1,3,Team Peps
9,8987,1,99,367,0,8,1,5,Damage,0,EMEA_S3_RR_W3_D1_M1,3,GenG
12,7720,1,131,5663,848,6,0,6,Damage,0,EMEA_S3_RR_W3_D1_M1,3,GenG
8,6789,4,258,7098,0,7,0,4,Tank,0,EMEA_S3_RR_W3_D1_M1,3,GenG
11,3169,6,91,1739,6996,8,0,1,Support,0,EMEA_S3_RR_W3_D1_M1,3,GenG
6,2088,15,90,0,13954,5,0,1,Support,0,EMEA_S3_RR_W3_D1_M1,3,GenG
12,8934,2,45,1546,202,6,1,5,Damage,0,EMEA_S3_RR_W3_D1_M2,1,Virtuspro
9,7959,1,41,0,0,5,2,5,Damage,0,EMEA_S3_RR_W3_D1_M2,1,Virtuspro
10,6715,6,63,9139,0,8,0,4,Tank,0,EMEA_S3_RR_W3_D1_M2,1,Virtuspro
10,8168,4,25,586,6578,5,1,4,Support,0,EMEA_S3_RR_W3_D1_M2,1,Virtuspro
2,6508,11,41,0,7374,4,0,0,Support,0,EMEA_S3_RR_W3_D1_M2,1,Virtuspro
19,9017,3,31,3183,51,5,0,8,Damage,1,EMEA_S3_RR_W3_D1_M2,1,Al qadsiah
22,9565,6,43,2649,661,2,0,6,Damage,1,EMEA_S3_RR_W3_D1_M2,1,Al qadsiah
22,7023,16,87,15491,765,2,1,4,Tank,1,EMEA_S3_RR_W3_D1_M2,1,Al qadsiah
11,3307,14,44,0,10665,5,0,5,Support,1,EMEA_S3_RR_W3_D1_M2,1,Al qadsiah
12,2088,18,33,2112,11073,4,0,3,Support,1,EMEA_S3_RR_W3_D1_M2,1,Al qadsiah
22,12160,0,139,2675,272,13,1,15,Damage,0,EMEA_S3_RR_W3_D1_M2,2,Virtuspro
26,13527,0,144,0,0,7,3,11,Damage,0,EMEA_S3_RR_W3_D1_M2,2,Virtuspro
24,18342,3,247,26386,0,11,1,5,Tank,0,EMEA_S3_RR_W3_D1_M2,2,Virtuspro
18,11017,9,103,1066,12556,10,0,4,Support,0,EMEA_S3_RR_W3_D1_M2,2,Virtuspro
13,10767,14,91,0,10885,12,1,6,Support,0,EMEA_S3_RR_W3_D1_M2,2,Virtuspro
31,12111,11,202,3072,1590,9,0,10,Damage,1,EMEA_S3_RR_W3_D1_M2,2,Al qadsiah
30,11956,0,111,100,0,6,3,11,Damage,1,EMEA_S3_RR_W3_D1_M2,2,Al qadsiah
37,15779,21,178,23276,1462,6,2,13,Tank,1,EMEA_S3_RR_W3_D1_M2,2,Al qadsiah
22,7158,29,89,0,17154,10,0,9,Support,1,EMEA_S3_RR_W3_D1_M2,2,Al qadsiah
30,7284,25,198,2863,14717,11,0,10,Support,1,EMEA_S3_RR_W3_D1_M2,2,Al qadsiah
4,3522,0,14,9,492,9,0,1,Damage,0,EMEA_S3_RR_W3_D1_M2,3,Virtuspro
4,4580,0,13,0,0,4,0,3,Damage,0,EMEA_S3_RR_W3_D1_M2,3,Virtuspro
2,5496,3,13,6552,0,10,0,0,Tank,0,EMEA_S3_RR_W3_D1_M2,3,Virtuspro
4,2396,4,4,1681,4318,3,0,2,Support,0,EMEA_S3_RR_W3_D1_M2,3,Virtuspro
2,3390,4,16,0,6781,5,0,0,Support,0,EMEA_S3_RR_W3_D1_M2,3,Virtuspro
25,7848,0,3,0,0,1,0,10,Damage,1,EMEA_S3_RR_W3_D1_M2,3,Al qadsiah
24,5643,5,17,3179,436,2,0,5,Damage,1,EMEA_S3_RR_W3_D1_M2,3,Al qadsiah
21,8259,4,32,5993,0,0,0,11,Tank,1,EMEA_S3_RR_W3_D1_M2,3,Al qadsiah
11,1639,21,11,0,9167,1,0,3,Support,1,EMEA_S3_RR_W3_D1_M2,3,Al qadsiah
16,2741,19,16,614,5254,2,0,2,Support,1,EMEA_S3_RR_W3_D1_M2,3,Al qadsiah
15,5263,0,10,0,0,5,1,6,Damage,1,EMEA_S3_RR_W3_D2_M1,1,Goud Guys
21,5583,0,48,0,0,2,2,5,Damage,1,EMEA_S3_RR_W3_D2_M1,1,Goud Guys
18,6866,0,48,2755,0,0,0,12,Tank,1,EMEA_S3_RR_W3_D2_M1,1,Goud Guys
10,3070,16,25,0,5512,2,0,2,Support,1,EMEA_S3_RR_W3_D2_M1,1,Goud Guys
12,2575,12,33,880,3598,2,0,2,Support,1,EMEA_S3_RR_W3_D2_M1,1,Goud Guys
5,3335,0,15,0,307,8,0,3,Damage,0,EMEA_S3_RR_W3_D2_M1,1,Quick Esports
8,3922,0,24,0,0,3,1,2,Damage,0,EMEA_S3_RR_W3_D2_M1,1,Quick Esports
6,5215,0,38,8380,0,6,0,4,Tank,0,EMEA_S3_RR_W3_D2_M1,1,Quick Esports
5,1989,4,15,307,6188,7,0,2,Support,0,EMEA_S3_RR_W3_D2_M1,1,Quick Esports
1,2530,5,28,0,2643,5,0,0,Support,0,EMEA_S3_RR_W3_D2_M1,1,Quick Esports
16,7271,4,12,77,0,7,2,6,Damage,1,EMEA_S3_RR_W3_D2_M1,2,Goud Guys
18,6042,0,58,0,0,4,0,8,Damage,1,EMEA_S3_RR_W3_D2_M1,2,Goud Guys
25,7949,2,110,1149,7068,2,1,17,Tank,1,EMEA_S3_RR_W3_D2_M1,2,Goud Guys
15,4481,13,14,581,6766,6,1,4,Support,1,EMEA_S3_RR_W3_D2_M1,2,Goud Guys
13,3703,13,34,1030,3559,8,0,1,Support,1,EMEA_S3_RR_W3_D2_M1,2,Goud Guys
7,8146,5,56,0,12,7,1,4,Damage,0,EMEA_S3_RR_W3_D2_M1,2,Quick Esports
15,8548,0,30,1271,0,5,3,11,Damage,0,EMEA_S3_RR_W3_D2_M1,2,Quick Esports
14,7213,0,35,10263,367,10,1,7,Tank,0,EMEA_S3_RR_W3_D2_M1,2,Quick Esports
8,4295,9,69,330,6269,8,2,4,Support,0,EMEA_S3_RR_W3_D2_M1,2,Quick Esports
5,5395,3,62,393,4656,6,0,1,Support,0,EMEA_S3_RR_W3_D2_M1,2,Quick Esports
25,14097,0,41,0,0,8,3,9,Damage,1,EMEA_S3_RR_W3_D2_M1,3,Goud Guys
30,8034,0,145,0,0,4,1,16,Damage,1,EMEA_S3_RR_W3_D2_M1,3,Goud Guys
33,11784,4,112,12844,4998,5,1,18,Tank,1,EMEA_S3_RR_W3_D2_M1,3,Goud Guys
16,5217,25,20,0,11128,11,0,3,Support,1,EMEA_S3_RR_W3_D2_M1,3,Goud Guys
20,8120,9,84,687,9167,4,2,2,Support,1,EMEA_S3_RR_W3_D2_M1,3,Goud Guys
18,14540,0,63,0,0,10,0,6,Damage,0,EMEA_S3_RR_W3_D2_M1,3,Quick Esports
18,8346,0,56,0,0,5,1,11,Damage,0,EMEA_S3_RR_W3_D2_M1,3,Quick Esports
20,12096,2,134,10874,28,12,0,8,Tank,0,EMEA_S3_RR_W3_D2_M1,3,Quick Esports
12,6399,15,74,0,11275,11,4,4,Support,0,EMEA_S3_RR_W3_D2_M1,3,Quick Esports
8,6882,2,76,486,9537,10,0,3,Support,0,EMEA_S3_RR_W3_D2_M1,3,Quick Esports
1,2840,0,12,0,0,7,0,0,Damage,0,EMEA_S3_RR_W3_D2_M2,1,Vision Esports
1,3719,0,13,2427,13,4,0,0,Damage,0,EMEA_S3_RR_W3_D2_M2,1,Vision Esports
1,5192,0,46,5456,345,6,1,1,Tank,0,EMEA_S3_RR_W3_D2_M2,1,Vision Esports
2,4616,0,7,0,4204,7,0,1,Support,0,EMEA_S3_RR_W3_D2_M2,1,Vision Esports
1,3313,0,0,399,5762,3,0,1,Support,0,EMEA_S3_RR_W3_D2_M2,1,Vision Esports
21,8006,0,6,0,0,2,1,10,Damage,1,EMEA_S3_RR_W3_D2_M2,1,Twisted Minds
15,5852,1,11,851,72,0,1,6,Damage,1,EMEA_S3_RR_W3_D2_M2,1,Twisted Minds
19,5899,9,34,6990,0,0,0,7,Tank,1,EMEA_S3_RR_W3_D2_M2,1,Twisted Minds
14,4254,6,22,70,6778,1,0,1,Support,1,EMEA_S3_RR_W3_D2_M2,1,Twisted Minds
11,3407,18,5,0,8461,0,0,3,Support,1,EMEA_S3_RR_W3_D2_M2,1,Twisted Minds
16,11742,3,101,3782,58,11,2,6,Damage,0,EMEA_S3_RR_W3_D2_M2,2,Vision Esports
24,12224,0,97,30,0,7,4,15,Damage,0,EMEA_S3_RR_W3_D2_M2,2,Vision Esports
20,13020,7,174,15924,346,10,1,6,Tank,0,EMEA_S3_RR_W3_D2_M2,2,Vision Esports
18,15294,10,196,0,11522,11,1,5,Support,0,EMEA_S3_RR_W3_D2_M2,2,Vision Esports
11,9676,7,98,1083,14769,6,0,4,Support,0,EMEA_S3_RR_W3_D2_M2,2,Vision Esports
23,15340,0,47,0,0,11,0,10,Damage,1,EMEA_S3_RR_W3_D2_M2,2,Twisted Minds
30,11799,5,147,3152,287,7,2,12,Damage,1,EMEA_S3_RR_W3_D2_M2,2,Twisted Minds
28,13041,11,302,26796,1006,5,0,14,Tank,1,EMEA_S3_RR_W3_D2_M2,2,Twisted Minds
17,8886,18,154,1319,15514,7,0,4,Support,1,EMEA_S3_RR_W3_D2_M2,2,Twisted Minds
11,5641,22,107,3097,20101,6,1,5,Support,1,EMEA_S3_RR_W3_D2_M2,2,Twisted Minds
7,7182,0,56,0,0,8,0,0,Damage,0,EMEA_S3_RR_W3_D2_M2,3,Vision Esports
13,9633,0,89,0,1442,12,0,6,Damage,0,EMEA_S3_RR_W3_D2_M2,3,Vision Esports
14,13266,10,147,11236,0,10,0,4,Tank,0,EMEA_S3_RR_W3_D2_M2,3,Vision Esports
10,6818,12,71,0,11600,10,0,4,Support,0,EMEA_S3_RR_W3_D2_M2,3,Vision Esports
9,8399,5,96,1369,13400,4,0,2,Support,0,EMEA_S3_RR_W3_D2_M2,3,Vision Esports
33,12229,0,9,0,0,4,3,17,Damage,1,EMEA_S3_RR_W3_D2_M2,3,Twisted Minds
19,10209,0,22,0,0,3,0,5,Damage,1,EMEA_S3_RR_W3_D2_M2,3,Twisted Minds
27,13728,7,134,8373,1753,3,0,13,Tank,1,EMEA_S3_RR_W3_D2_M2,3,Twisted Minds
24,7944,10,81,1537,12819,2,0,8,Support,1,EMEA_S3_RR_W3_D2_M2,3,Twisted Minds
17,4500,32,43,0,16912,4,0,0,Support,1,EMEA_S3_RR_W3_D2_M2,3,Twisted Minds
21,11031,0,27,0,0,6,1,11,Damage,1,EMEA_S3_RR_W4_D1_M1,1,GenG
20,8099,0,97,0,1687,4,0,7,Damage,1,EMEA_S3_RR_W4_D1_M1,1,GenG
25,10647,13,112,11420,672,4,0,12,Tank,1,EMEA_S3_RR_W4_D1_M1,1,GenG
14,4119,19,53,1695,6962,3,0,3,Support,1,EMEA_S3_RR_W4_D1_M1,1,GenG
12,5224,24,50,0,13737,5,0,2,Support,1,EMEA_S3_RR_W4_D1_M1,1,GenG
13,8530,0,27,0,0,9,0,3,Damage,0,EMEA_S3_RR_W4_D1_M1,1,Goud Guys
11,5098,0,47,740,0,6,0,4,Damage,0,EMEA_S3_RR_W4_D1_M1,1,Goud Guys
18,10404,3,129,11050,0,6,2,8,Tank,0,EMEA_S3_RR_W4_D1_M1,1,Goud Guys
10,6380,6,10,729,11468,8,0,4,Support,0,EMEA_S3_RR_W4_D1_M1,1,Goud Guys
6,6499,16,30,0,9985,7,0,2,Support,0,EMEA_S3_RR_W4_D1_M1,1,Goud Guys
27,10574,0,57,0,0,6,2,16,Damage,1,EMEA_S3_RR_W4_D1_M1,2,GenG
21,8404,0,92,0,1092,2,0,11,Damage,1,EMEA_S3_RR_W4_D1_M1,2,GenG
20,8934,11,139,6778,0,2,1,8,Tank,1,EMEA_S3_RR_W4_D1_M1,2,GenG
7,4096,14,81,1026,5556,3,0,1,Support,1,EMEA_S3_RR_W4_D1_M1,2,GenG
12,4123,27,58,0,11404,1,0,1,Support,1,EMEA_S3_RR_W4_D1_M1,2,GenG
8,9503,0,9,0,0,10,0,5,Damage,0,EMEA_S3_RR_W4_D1_M1,2,Goud Guys
5,4642,0,13,210,0,6,1,1,Damage,0,EMEA_S3_RR_W4_D1_M1,2,Goud Guys
8,5845,2,27,5362,3568,6,1,3,Tank,0,EMEA_S3_RR_W4_D1_M1,2,Goud Guys
8,3092,2,2,792,4503,7,0,2,Support,0,EMEA_S3_RR_W4_D1_M1,2,Goud Guys
4,4961,7,3,0,9511,8,0,1,Support,0,EMEA_S3_RR_W4_D1_M1,2,Goud Guys
12,7753,0,58,0,0,5,0,8,Damage,1,EMEA_S3_RR_W4_D1_M1,3,GenG
13,5785,0,115,0,680,2,1,5,Damage,1,EMEA_S3_RR_W4_D1_M1,3,GenG
14,5818,7,128,9722,127,2,0,5,Tank,1,EMEA_S3_RR_W4_D1_M1,3,GenG
6,2773,13,63,646,3296,3,0,0,Support,1,EMEA_S3_RR_W4_D1_M1,3,GenG
5,3517,16,116,0,7022,3,0,1,Support,1,EMEA_S3_RR_W4_D1_M1,3,GenG
7,5193,0,17,0,0,5,0,3,Damage,0,EMEA_S3_RR_W4_D1_M1,3,Goud Guys
9,4057,0,50,0,0,2,1,3,Damage,0,EMEA_S3_RR_W4_D1_M1,3,Goud Guys
9,3650,1,50,1413,5116,5,0,7,Tank,0,EMEA_S3_RR_W4_D1_M1,3,Goud Guys
8,3104,7,31,1505,3998,3,0,0,Support,0,EMEA_S3_RR_W4_D1_M1,3,Goud Guys
6,3777,10,23,0,5457,4,1,2,Support,0,EMEA_S3_RR_W4_D1_M1,3,Goud Guys
12,5796,0,44,0,0,6,3,7,Damage,0,EMEA_S3_RR_W4_D1_M2,1,Team Peps
5,10292,0,1,0,199,8,0,3,Damage,0,EMEA_S3_RR_W4_D1_M2,1,Team Peps
7,8779,2,23,9428,0,7,0,3,Tank,0,EMEA_S3_RR_W4_D1_M2,1,Team Peps
8,6049,4,15,0,8832,6,0,2,Support,0,EMEA_S3_RR_W4_D1_M2,1,Team Peps
5,6609,2,7,693,10932,8,0,2,Support,0,EMEA_S3_RR_W4_D1_M2,1,Team Peps
24,11701,2,16,477,531,3,1,10,Damage,1,EMEA_S3_RR_W4_D1_M2,1,Al qadsiah
22,7768,5,44,2287,224,5,2,9,Damage,1,EMEA_S3_RR_W4_D1_M2,1,Al qadsiah
21,10844,3,30,8447,0,4,1,9,Tank,1,EMEA_S3_RR_W4_D1_M2,1,Al qadsiah
11,3844,19,18,0,14130,2,0,5,Support,1,EMEA_S3_RR_W4_D1_M2,1,Al qadsiah
15,3964,15,31,1398,8312,4,0,2,Support,1,EMEA_S3_RR_W4_D1_M2,1,Al qadsiah
6,2573,0,14,0,0,5,0,4,Damage,0,EMEA_S3_RR_W4_D1_M2,2,Team Peps
3,2266,0,2,0,0,4,0,1,Damage,0,EMEA_S3_RR_W4_D1_M2,2,Team Peps
5,3348,3,26,5921,0,3,0,1,Tank,0,EMEA_S3_RR_W4_D1_M2,2,Team Peps
3,2843,2,5,0,2843,6,0,2,Support,0,EMEA_S3_RR_W4_D1_M2,2,Team Peps
0,2329,1,0,400,5034,5,0,0,Support,0,EMEA_S3_RR_W4_D1_M2,2,Team Peps
13,4806,0,9,0,0,1,1,8,Damage,1,EMEA_S3_RR_W4_D1_M2,2,Al qadsiah
12,3570,0,5,0,0,2,2,5,Damage,1,EMEA_S3_RR_W4_D1_M2,2,Al qadsiah
17,5505,10,9,6489,21,1,1,4,Tank,1,EMEA_S3_RR_W4_D1_M2,2,Al qadsiah
8,3006,12,15,0,3284,2,1,1,Support,1,EMEA_S3_RR_W4_D1_M2,2,Al qadsiah
12,3154,5,12,281,3859,2,0,5,Support,1,EMEA_S3_RR_W4_D1_M2,2,Al qadsiah
1,2308,0,99,0,0,4,0,0,Damage,0,EMEA_S3_RR_W4_D1_M2,3,Team Peps
2,5168,0,0,0,0,5,0,0,Damage,0,EMEA_S3_RR_W4_D1_M2,3,Team Peps
2,2049,0,31,3793,0,5,0,0,Tank,0,EMEA_S3_RR_W4_D1_M2,3,Team Peps
3,3389,1,8,0,3077,3,0,1,Support,0,EMEA_S3_RR_W4_D1_M2,3,Team Peps
4,2015,0,1,639,2261,5,1,4,Support,0,EMEA_S3_RR_W4_D1_M2,3,Team Peps
12,4707,3,22,93,0,1,0,3,Damage,1,EMEA_S3_RR_W4_D1_M2,3,Al qadsiah
18,4394,8,27,1242,25,2,1,4,Damage,1,EMEA_S3_RR_W4_D1_M2,3,Al qadsiah
14,3576,8,39,5815,0,0,0,6,Tank,1,EMEA_S3_RR_W4_D1_M2,3,Al qadsiah
11,2387,12,16,0,6488,1,0,4,Support,1,EMEA_S3_RR_W4_D1_M2,3,Al qadsiah
14,1455,8,54,305,4206,1,0,5,Support,1,EMEA_S3_RR_W4_D1_M2,3,Al qadsiah
24,15686,5,68,997,367,6,0,11,Damage,1,EMEA_S3_RR_W4_D1_M3,1,Twisted Minds
24,10043,8,115,4205,909,9,0,7,Damage,1,EMEA_S3_RR_W4_D1_M3,1,Twisted Minds
24,8887,17,135,20179,995,4,0,5,Tank,1,EMEA_S3_RR_W4_D1_M3,1,Twisted Minds
18,5882,17,83,3350,10520,6,0,5,Support,1,EMEA_S3_RR_W4_D1_M3,1,Twisted Minds
14,6743,25,83,0,16705,5,0,4,Support,1,EMEA_S3_RR_W4_D1_M3,1,Twisted Minds
18,12970,0,23,0,0,9,0,4,Damage,0,EMEA_S3_RR_W4_D1_M3,1,Virtuspro
22,9122,1,94,0,1539,8,0,12,Damage,0,EMEA_S3_RR_W4_D1_M3,1,Virtuspro
17,13042,5,90,8279,239,6,0,4,Tank,0,EMEA_S3_RR_W4_D1_M3,1,Virtuspro
18,6368,16,77,2546,10916,5,0,5,Support,0,EMEA_S3_RR_W4_D1_M3,1,Virtuspro
13,5987,23,40,0,12839,5,0,4,Support,0,EMEA_S3_RR_W4_D1_M3,1,Virtuspro
12,10138,0,27,0,0,9,0,6,Damage,0,EMEA_S3_RR_W4_D1_M3,2,Twisted Minds
14,8693,0,72,2155,72,8,1,5,Damage,0,EMEA_S3_RR_W4_D1_M3,2,Twisted Minds
9,10251,4,186,8840,2394,10,0,4,Tank,0,EMEA_S3_RR_W4_D1_M3,2,Twisted Minds
12,8352,11,57,2783,13935,10,0,4,Support,0,EMEA_S3_RR_W4_D1_M3,2,Twisted Minds
9,5918,9,64,0,14629,10,0,3,Support,0,EMEA_S3_RR_W4_D1_M3,2,Twisted Minds
26,13038,2,110,3232,268,6,1,11,Damage,1,EMEA_S3_RR_W4_D1_M3,2,Virtuspro
33,11540,0,43,0,0,4,4,14,Damage,1,EMEA_S3_RR_W4_D1_M3,2,Virtuspro
33,15622,13,124,10555,0,3,0,9,Tank,1,EMEA_S3_RR_W4_D1_M3,2,Virtuspro
24,10220,21,163,3541,13321,5,0,9,Support,1,EMEA_S3_RR_W4_D1_M3,2,Virtuspro
19,7406,28,97,0,14173,4,0,2,Support,1,EMEA_S3_RR_W4_D1_M3,2,Virtuspro
24,9594,0,21,0,0,1,0,10,Damage,1,EMEA_S3_RR_W4_D1_M3,3,Twisted Minds
19,6012,0,41,0,0,3,1,10,Damage,1,EMEA_S3_RR_W4_D1_M3,3,Twisted Minds
21,10225,7,169,7190,0,1,0,5,Tank,1,EMEA_S3_RR_W4_D1_M3,3,Twisted Minds
18,3334,13,148,1693,7059,2,0,2,Support,1,EMEA_S3_RR_W4_D1_M3,3,Twisted Minds
6,2760,20,77,0,12815,3,0,3,Support,1,EMEA_S3_RR_W4_D1_M3,3,Twisted Minds
8,6944,0,4,0,0,5,0,4,Damage,0,EMEA_S3_RR_W4_D1_M3,3,Virtuspro
8,6189,0,60,0,0,5,0,1,Damage,0,EMEA_S3_RR_W4_D1_M3,3,Virtuspro
6,9225,3,91,7799,0,9,1,2,Tank,0,EMEA_S3_RR_W4_D1_M3,3,Virtuspro
5,3083,4,53,1476,6462,5,0,2,Support,0,EMEA_S3_RR_W4_D1_M3,3,Virtuspro
2,2408,6,64,0,9301,7,0,1,Support,0,EMEA_S3_RR_W4_D1_M3,3,Virtuspro
12,11708,0,43,171,0,9,0,7,Damage,0,EMEA_S3_RR_W4_D1_M3,4,Twisted Minds
10,7308,0,71,0,0,6,1,2,Damage,0,EMEA_S3_RR_W4_D1_M3,4,Twisted Minds
13,6851,4,265,6084,6544,9,0,4,Tank,0,EMEA_S3_RR_W4_D1_M3,4,Twisted Minds
12,5014,10,88,1882,7782,8,0,3,Support,0,EMEA_S3_RR_W4_D1_M3,4,Twisted Minds
7,3678,14,65,0,16902,8,0,3,Support,0,EMEA_S3_RR_W4_D1_M3,4,Twisted Minds
19,14512,1,24,0,658,3,0,11,Damage,1,EMEA_S3_RR_W4_D1_M3,4,Virtuspro
25,10363,2,61,0,0,4,0,10,Damage,1,EMEA_S3_RR_W4_D1_M3,4,Virtuspro
19,7742,6,41,5554,587,6,0,4,Tank,1,EMEA_S3_RR_W4_D1_M3,4,Virtuspro
23,9342,11,24,351,5931,3,2,9,Support,1,EMEA_S3_RR_W4_D1_M3,4,Virtuspro
14,8304,17,45,0,4989,3,3,6,Support,1,EMEA_S3_RR_W4_D1_M3,4,Virtuspro
22,15367,1,25,172,0,9,2,16,Damage,0,EMEA_S3_RR_W4_D1_M3,5,Twisted Minds
18,10743,3,47,8089,949,9,0,4,Damage,0,EMEA_S3_RR_W4_D1_M3,5,Twisted Minds
17,10859,11,141,19781,1908,5,0,3,Tank,0,EMEA_S3_RR_W4_D1_M3,5,Twisted Minds
13,5314,20,42,5219,18806,7,0,2,Support,0,EMEA_S3_RR_W4_D1_M3,5,Twisted Minds
10,5752,21,26,0,25925,7,0,4,Support,0,EMEA_S3_RR_W4_D1_M3,5,Twisted Minds
17,16618,0,35,0,616,6,0,11,Damage,1,EMEA_S3_RR_W4_D1_M3,5,Virtuspro
15,12387,5,68,4430,457,7,0,3,Damage,1,EMEA_S3_RR_W4_D1_M3,5,Virtuspro
24,18625,8,100,9492,0,6,0,11,Tank,1,EMEA_S3_RR_W4_D1_M3,5,Virtuspro
13,10635,10,46,2077,9683,5,1,6,Support,1,EMEA_S3_RR_W4_D1_M3,5,Virtuspro
16,10252,20,75,0,11223,5,0,6,Support,1,EMEA_S3_RR_W4_D1_M3,5,Virtuspro
16,4401,2,14,0,716,1,0,6,Damage,1,EMEA_S3_RR_W4_D2_M1,1,Vision Esports
16,5339,1,8,0,0,1,2,9,Damage,1,EMEA_S3_RR_W4_D2_M1,1,Vision Esports
13,3852,4,6,4166,0,1,0,6,Tank,1,EMEA_S3_RR_W4_D2_M1,1,Vision Esports
11,5939,2,0,0,3549,3,0,4,Support,1,EMEA_S3_RR_W4_D2_M1,1,Vision Esports
11,3896,2,12,320,4760,1,0,2,Support,1,EMEA_S3_RR_W4_D2_M1,1,Vision Esports
2,3541,0,12,0,0,5,1,2,Damage,0,EMEA_S3_RR_W4_D2_M1,1,Quick Esports
2,3640,0,0,0,0,7,0,0,Damage,0,EMEA_S3_RR_W4_D2_M1,1,Quick Esports
4,4157,1,16,8264,0,6,0,0,Tank,0,EMEA_S3_RR_W4_D2_M1,1,Quick Esports
3,3549,1,6,770,2301,5,1,0,Support,0,EMEA_S3_RR_W4_D2_M1,1,Quick Esports
3,2140,3,2,355,5106,5,0,0,Support,0,EMEA_S3_RR_W4_D2_M1,1,Quick Esports
18,6098,2,35,354,4,5,0,7,Damage,1,EMEA_S3_RR_W4_D2_M1,2,Vision Esports
19,9780,3,9,721,101,6,1,9,Damage,1,EMEA_S3_RR_W4_D2_M1,2,Vision Esports
19,9617,10,59,6415,0,2,4,9,Tank,1,EMEA_S3_RR_W4_D2_M1,2,Vision Esports
20,8569,12,36,0,4818,5,5,11,Support,1,EMEA_S3_RR_W4_D2_M1,2,Vision Esports
17,7349,4,123,356,5523,2,0,8,Support,1,EMEA_S3_RR_W4_D2_M1,2,Vision Esports
9,5579,3,3,0,0,6,2,6,Damage,0,EMEA_S3_RR_W4_D2_M1,2,Quick Esports
5,4838,2,26,0,0,12,1,2,Damage,0,EMEA_S3_RR_W4_D2_M1,2,Quick Esports
9,6157,1,51,9783,900,8,1,6,Tank,0,EMEA_S3_RR_W4_D2_M1,2,Quick Esports
3,2944,5,31,551,6963,4,1,2,Support,0,EMEA_S3_RR_W4_D2_M1,2,Quick Esports
7,3653,3,50,0,5707,14,1,4,Support,0,EMEA_S3_RR_W4_D2_M1,2,Quick Esports
16,5253,0,7,0,0,5,0,8,Damage,1,EMEA_S3_RR_W4_D2_M1,3,Vision Esports
20,7433,0,18,0,0,1,0,9,Damage,1,EMEA_S3_RR_W4_D2_M1,3,Vision Esports
11,4752,2,35,2412,679,2,2,5,Tank,1,EMEA_S3_RR_W4_D2_M1,3,Vision Esports
16,6237,9,12,0,4168,5,1,7,Support,1,EMEA_S3_RR_W4_D2_M1,3,Vision Esports
12,4547,6,5,60,4474,5,0,3,Support,1,EMEA_S3_RR_W4_D2_M1,3,Vision Esports
7,4209,1,14,0,0,6,2,6,Damage,0,EMEA_S3_RR_W4_D2_M1,3,Quick Esports
9,5511,5,22,0,0,10,0,4,Damage,0,EMEA_S3_RR_W4_D2_M1,3,Quick Esports
11,4459,1,51,3020,774,4,1,4,Tank,0,EMEA_S3_RR_W4_D2_M1,3,Quick Esports
6,4784,1,29,0,1650,6,1,2,Support,0,EMEA_S3_RR_W4_D2_M1,3,Quick Esports
7,4244,4,114,0,6155,6,0,2,Support,0,EMEA_S3_RR_W4_D2_M1,3,Quick Esports
26,8631,0,7,0,0,2,5,14,Damage,1,EMEA_S3_RR_W4_D2_M2,1,Twisted Minds
14,4242,0,14,0,0,1,0,5,Damage,1,EMEA_S3_RR_W4_D2_M2,1,Twisted Minds
16,7179,9,48,2379,1547,3,0,5,Tank,1,EMEA_S3_RR_W4_D2_M2,1,Twisted Minds
19,5858,6,7,119,5885,2,0,6,Support,1,EMEA_S3_RR_W4_D2_M2,1,Twisted Minds
10,3442,16,5,0,6269,0,1,3,Support,1,EMEA_S3_RR_W4_D2_M2,1,Twisted Minds
4,5899,0,13,0,0,7,0,0,Damage,0,EMEA_S3_RR_W4_D2_M2,1,Goud Guys
3,3834,0,20,0,0,6,0,2,Damage,0,EMEA_S3_RR_W4_D2_M2,1,Goud Guys
4,5030,1,26,3236,3900,7,0,2,Tank,0,EMEA_S3_RR_W4_D2_M2,1,Goud Guys
3,3367,2,7,726,4273,7,0,0,Support,0,EMEA_S3_RR_W4_D2_M2,1,Goud Guys
5,4533,4,8,0,6359,7,1,3,Support,0,EMEA_S3_RR_W4_D2_M2,1,Goud Guys
22,10249,2,44,368,0,5,2,14,Damage,1,EMEA_S3_RR_W4_D2_M2,2,Twisted Minds
22,9190,1,68,1757,27,3,2,8,Damage,1,EMEA_S3_RR_W4_D2_M2,2,Twisted Minds
14,10547,6,151,9210,525,4,0,5,Tank,1,EMEA_S3_RR_W4_D2_M2,2,Twisted Minds
18,4613,18,92,1809,6790,5,0,3,Support,1,EMEA_S3_RR_W4_D2_M2,2,Twisted Minds
6,4008,22,50,0,11672,2,0,1,Support,1,EMEA_S3_RR_W4_D2_M2,2,Twisted Minds
9,8000,1,81,3410,119,7,0,4,Damage,0,EMEA_S3_RR_W4_D2_M2,2,Goud Guys
11,5372,0,71,587,0,7,1,5,Damage,0,EMEA_S3_RR_W4_D2_M2,2,Goud Guys
11,8890,2,99,6959,1724,6,1,5,Tank,0,EMEA_S3_RR_W4_D2_M2,2,Goud Guys
11,4312,6,82,1362,7037,5,0,2,Support,0,EMEA_S3_RR_W4_D2_M2,2,Goud Guys
8,6414,11,62,0,10220,6,0,3,Support,0,EMEA_S3_RR_W4_D2_M2,2,Goud Guys
30,15040,1,23,0,949,5,2,16,Damage,1,EMEA_S3_RR_W4_D2_M2,3,Twisted Minds
21,8814,0,55,0,0,4,2,11,Damage,1,EMEA_S3_RR_W4_D2_M2,3,Twisted Minds
24,15476,7,87,9466,831,9,0,8,Tank,1,EMEA_S3_RR_W4_D2_M2,3,Twisted Minds
21,9111,5,37,426,10993,9,0,5,Support,1,EMEA_S3_RR_W4_D2_M2,3,Twisted Minds
20,9158,28,31,0,13078,5,2,5,Support,1,EMEA_S3_RR_W4_D2_M2,3,Twisted Minds
16,10651,3,24,205,468,14,1,4,Damage,0,EMEA_S3_RR_W4_D2_M2,3,Goud Guys
19,9035,0,79,0,0,4,1,10,Damage,0,EMEA_S3_RR_W4_D2_M2,3,Goud Guys
16,11375,4,67,7504,2492,8,0,11,Tank,0,EMEA_S3_RR_W4_D2_M2,3,Goud Guys
9,7795,7,15,1058,11397,12,0,2,Support,0,EMEA_S3_RR_W4_D2_M2,3,Goud Guys
12,6635,20,28,0,15623,8,1,4,Support,0,EMEA_S3_RR_W4_D2_M2,3,Goud Guys
9,6855,3,30,1918,855,6,0,4,Damage,0,NA_S1_RR_W4_D2_M3,1,Shikigami
10,7371,0,11,0,0,7,2,5,Damage,0,NA_S1_RR_W4_D2_M3,1,Shikigami
5,6491,0,91,8111,248,6,0,3,Tank,0,NA_S1_RR_W4_D2_M3,1,Shikigami
7,3640,6,28,2528,6160,6,0,1,Support,0,NA_S1_RR_W4_D2_M3,1,Shikigami
7,3784,8,10,262,11130,6,0,2,Support,0,NA_S1_RR_W4_D2_M3,1,Shikigami
23,8681,2,38,810,0,4,2,8,Damage,1,NA_S1_RR_W4_D2_M3,1,SpaceStation
17,10270,0,44,0,1,3,1,11,Damage,1,NA_S1_RR_W4_D2_M3,1,SpaceStation
15,8894,5,73,10126,300,4,1,4,Tank,1,NA_S1_RR_W4_D2_M3,1,SpaceStation
17,4858,15,34,1719,2571,1,1,4,Support,1,NA_S1_RR_W4_D2_M3,1,SpaceStation
12,3459,12,26,440,11877,3,0,4,Support,1,NA_S1_RR_W4_D2_M3,1,SpaceStation
9,5571,2,59,0,1003,6,0,3,Damage,0,NA_S1_RR_W4_D2_M3,2,Shikigami
10,7771,0,23,0,0,6,0,5,Damage,0,NA_S1_RR_W4_D2_M3,2,Shikigami
9,8988,1,176,6517,0,5,1,6,Tank,0,NA_S1_RR_W4_D2_M3,2,Shikigami
8,3208,6,88,1330,7485,4,1,2,Support,0,NA_S1_RR_W4_D2_M3,2,Shikigami
3,3339,13,37,0,12454,4,0,3,Support,0,NA_S1_RR_W4_D2_M3,2,Shikigami
11,7322,0,120,0,0,2,0,7,Damage,1,NA_S1_RR_W4_D2_M3,2,SpaceStation
19,12145,6,16,0,0,5,0,11,Damage,1,NA_S1_RR_W4_D2_M3,2,SpaceStation
13,5823,7,88,10790,540,3,0,3,Tank,1,NA_S1_RR_W4_D2_M3,2,SpaceStation
5,4160,8,27,1820,2955,5,0,1,Support,1,NA_S1_RR_W4_D2_M3,2,SpaceStation
9,4730,14,6,876,8695,4,0,3,Support,1,NA_S1_RR_W4_D2_M3,2,SpaceStation
4,3330,0,24,1,0,8,0,1,Damage,0,NA_S1_RR_W4_D2_M3,3,Shikigami
4,5205,0,9,463,0,7,1,2,Damage,0,NA_S1_RR_W4_D2_M3,3,Shikigami
7,5870,1,24,4691,326,7,1,6,Tank,0,NA_S1_RR_W4_D2_M3,3,Shikigami
4,2987,3,18,1415,4664,7,0,1,Support,0,NA_S1_RR_W4_D2_M3,3,Shikigami
4,2613,2,6,0,8946,6,0,1,Support,0,NA_S1_RR_W4_D2_M3,3,Shikigami
23,5822,0,37,0,0,1,1,8,Damage,1,NA_S1_RR_W4_D2_M3,3,SpaceStation
26,8784,0,16,0,0,2,1,11,Damage,1,NA_S1_RR_W4_D2_M3,3,SpaceStation
26,7311,8,25,7973,0,2,0,9,Tank,1,NA_S1_RR_W4_D2_M3,3,SpaceStation
23,3584,17,5,1142,2811,3,0,4,Support,1,NA_S1_RR_W4_D2_M3,3,SpaceStation
15,3511,21,20,0,7164,3,0,3,Support,1,NA_S1_RR_W4_D2_M3,3,SpaceStation
18,4016,0,24,0,0,1,0,6,Damage,1,NA_S1_RR_W3_D2_M3,1,Timeless
17,5393,3,16,0,0,0,0,5,Damage,1,NA_S1_RR_W3_D2_M3,1,Timeless
16,5446,3,22,3458,52,0,0,5,Tank,1,NA_S1_RR_W3_D2_M3,1,Timeless
18,3013,12,17,335,4520,0,0,5,Support,1,NA_S1_RR_W3_D2_M3,1,Timeless
16,4760,15,27,0,3040,1,0,4,Support,1,NA_S1_RR_W3_D2_M3,1,Timeless
2,3701,0,12,21,0,6,0,1,Damage,0,NA_S1_RR_W3_D2_M3,1,Rad
0,3205,0,11,1257,0,5,0,0,Damage,0,NA_S1_RR_W3_D2_M3,1,Rad
1,4186,0,31,7678,0,5,0,1,Tank,0,NA_S1_RR_W3_D2_M3,1,Rad
0,1561,1,11,2115,3313,6,0,0,Support,0,NA_S1_RR_W3_D2_M3,1,Rad
0,1479,1,0,31,8141,4,0,0,Support,0,NA_S1_RR_W3_D2_M3,1,Rad
28,13400,1,188,1348,200,12,1,14,Damage,1,NA_S1_RR_W3_D2_M3,2,Timeless
27,19236,8,38,226,0,8,2,12,Damage,1,NA_S1_RR_W3_D2_M3,2,Timeless
33,11424,12,163,17221,371,5,1,11,Tank,1,NA_S1_RR_W3_D2_M3,2,Timeless
18,6663,18,91,0,16898,12,1,4,Support,1,NA_S1_RR_W3_D2_M3,2,Timeless
20,8623,20,44,1298,12411,12,0,5,Support,1,NA_S1_RR_W3_D2_M3,2,Timeless
28,16092,12,205,39,405,8,1,13,Damage,0,NA_S1_RR_W3_D2_M3,2,Rad
30,14390,0,161,6242,9,10,0,14,Damage,0,NA_S1_RR_W3_D2_M3,2,Rad
35,16266,16,344,30837,0,6,0,13,Tank,0,NA_S1_RR_W3_D2_M3,2,Rad
22,8694,23,111,1464,10268,11,0,8,Support,0,NA_S1_RR_W3_D2_M3,2,Rad
17,7400,30,76,1031,18799,11,0,1,Support,0,NA_S1_RR_W3_D2_M3,2,Rad
30,11865,0,187,1523,17,11,1,12,Damage,1,NA_S1_RR_W3_D2_M3,3,Timeless
39,17065,7,106,861,0,7,1,13,Damage,1,NA_S1_RR_W3_D2_M3,3,Timeless
39,18503,9,250,22563,489,4,1,18,Tank,1,NA_S1_RR_W3_D2_M3,3,Timeless
33,7982,33,81,0,20477,9,1,5,Support,1,NA_S1_RR_W3_D2_M3,3,Timeless
26,11231,33,112,1214,14778,6,1,6,Support,1,NA_S1_RR_W3_D2_M3,3,Timeless
23,14492,3,98,219,0,13,0,9,Damage,0,NA_S1_RR_W3_D2_M3,3,Rad
20,14231,0,98,3263,0,10,0,6,Damage,0,NA_S1_RR_W3_D2_M3,3,Rad
27,18245,7,208,19350,900,11,1,8,Tank,0,NA_S1_RR_W3_D2_M3,3,Rad
20,8584,17,84,4684,7476,10,0,9,Support,0,NA_S1_RR_W3_D2_M3,3,Rad
19,4847,14,39,0,24090,11,0,5,Support,0,NA_S1_RR_W3_D2_M3,3,Rad
14,8850,0,31,503,0,2,1,7,Damage,1,NA_S1_RR_W3_D2_M2,1,Team Liquid
11,6331,7,65,1818,0,4,0,2,Damage,1,NA_S1_RR_W3_D2_M2,1,Team Liquid
15,10721,4,103,5000,0,1,3,6,Tank,1,NA_S1_RR_W3_D2_M2,1,Team Liquid
13,1825,13,31,0,12768,1,0,2,Support,1,NA_S1_RR_W3_D2_M2,1,Team Liquid
10,3723,13,60,1535,5753,1,0,3,Support,1,NA_S1_RR_W3_D2_M2,1,Team Liquid
8,3820,0,40,239,0,5,1,3,Damage,0,NA_S1_RR_W3_D2_M2,1,Amplify
6,7111,1,46,453,0,4,0,3,Damage,0,NA_S1_RR_W3_D2_M2,1,Amplify
6,7876,4,82,4960,1423,5,0,1,Tank,0,NA_S1_RR_W3_D2_M2,1,Amplify
4,4330,5,49,1737,5363,4,0,1,Support,0,NA_S1_RR_W3_D2_M2,1,Amplify
4,2946,6,29,0,10920,5,0,1,Support,0,NA_S1_RR_W3_D2_M2,1,Amplify
20,6115,4,25,122,0,1,1,8,Damage,1,NA_S1_RR_W3_D2_M2,2,Team Liquid
21,8148,0,20,1040,0,0,0,7,Damage,1,NA_S1_RR_W3_D2_M2,2,Team Liquid
18,4492,9,22,2515,320,1,0,3,Tank,1,NA_S1_RR_W3_D2_M2,2,Team Liquid
14,4135,16,47,737,3961,0,0,4,Support,1,NA_S1_RR_W3_D2_M2,2,Team Liquid
12,4015,14,35,0,3091,1,0,4,Support,1,NA_S1_RR_W3_D2_M2,2,Team Liquid
3,2881,0,4,0,0,5,0,1,Damage,0,NA_S1_RR_W3_D2_M2,2,Amplify
2,4419,0,7,472,5,6,0,1,Damage,0,NA_S1_RR_W3_D2_M2,2,Amplify
2,6179,2,101,2887,1918,4,0,0,Tank,0,NA_S1_RR_W3_D2_M2,2,Amplify
2,1620,2,8,1118,3521,6,0,0,Support,0,NA_S1_RR_W3_D2_M2,2,Amplify
3,1607,2,13,0,8081,5,0,1,Support,0,NA_S1_RR_W3_D2_M2,2,Amplify
15,7574,1,11,645,0,2,1,3,Damage,1,NA_S1_RR_W3_D2_M2,3,Team Liquid
16,7096,3,14,0,0,2,0,7,Damage,1,NA_S1_RR_W3_D2_M2,3,Team Liquid
20,5457,7,31,3935,0,1,0,5,Tank,1,NA_S1_RR_W3_D2_M2,3,Team Liquid
14,3587,15,23,555,5490,0,0,4,Support,1,NA_S1_RR_W3_D2_M2,3,Team Liquid
17,5365,10,11,0,3192,1,2,10,Support,1,NA_S1_RR_W3_D2_M2,3,Team Liquid
1,4192,0,0,500,0,6,0,1,Damage,0,NA_S1_RR_W3_D2_M2,3,Amplify
4,4880,2,20,0,1062,6,0,2,Damage,0,NA_S1_RR_W3_D2_M2,3,Amplify
4,5313,2,30,2918,586,6,0,3,Tank,0,NA_S1_RR_W3_D2_M2,3,Amplify
4,2399,4,10,1221,5517,5,0,0,Support,0,NA_S1_RR_W3_D2_M2,3,Amplify
1,1888,3,14,0,7288,6,0,0,Support,0,NA_S1_RR_W3_D2_M2,3,Amplify
27,9426,1,12,0,0,1,1,21,Damage,1,NA_S1_RR_W3_D2_M1,1,NTMR
28,7212,4,1,0,0,3,2,10,Damage,1,NA_S1_RR_W3_D2_M1,1,NTMR
29,8194,12,13,5063,315,0,0,6,Tank,1,NA_S1_RR_W3_D2_M1,1,NTMR
18,3772,20,22,1024,3181,1,1,4,Support,1,NA_S1_RR_W3_D2_M1,1,NTMR
12,1782,20,4,330,6115,2,0,0,Support,1,NA_S1_RR_W3_D2_M1,1,NTMR
3,2830,1,3,1241,0,9,0,1,Damage,0,NA_S1_RR_W3_D2_M1,1,Shikigami
5,3950,2,8,1128,304,8,1,2,Damage,0,NA_S1_RR_W3_D2_M1,1,Shikigami
3,5776,0,14,6066,0,8,0,2,Tank,0,NA_S1_RR_W3_D2_M1,1,Shikigami
3,3664,3,7,93,5920,8,0,1,Support,0,NA_S1_RR_W3_D2_M1,1,Shikigami
2,2575,1,9,1016,5007,8,0,1,Support,0,NA_S1_RR_W3_D2_M1,1,Shikigami
20,8948,0,46,1357,0,6,0,12,Damage,1,NA_S1_RR_W3_D2_M1,2,NTMR
26,10848,4,31,0,0,6,0,9,Damage,1,NA_S1_RR_W3_D2_M1,2,NTMR
22,8445,1,65,11573,0,5,2,12,Tank,1,NA_S1_RR_W3_D2_M1,2,NTMR
22,6230,24,82,1439,6438,6,0,7,Support,1,NA_S1_RR_W3_D2_M1,2,NTMR
22,5004,20,40,0,11702,2,0,4,Support,1,NA_S1_RR_W3_D2_M1,2,NTMR
15,6633,2,82,0,0,9,2,7,Damage,0,NA_S1_RR_W3_D2_M1,2,Shikigami
14,7129,0,36,686,0,10,0,2,Damage,0,NA_S1_RR_W3_D2_M1,2,Shikigami
16,10389,4,121,9557,0,8,0,7,Tank,0,NA_S1_RR_W3_D2_M1,2,Shikigami
10,5166,17,63,0,7959,9,0,2,Support,0,NA_S1_RR_W3_D2_M1,2,Shikigami
10,4057,6,84,2328,7742,8,1,6,Support,0,NA_S1_RR_W3_D2_M1,2,Shikigami
22,7883,4,3,0,0,3,1,7,Damage,1,NA_S1_RR_W3_D2_M1,3,NTMR
23,7127,5,15,0,276,2,2,7,Damage,1,NA_S1_RR_W3_D2_M1,3,NTMR
23,8058,5,31,7598,5,1,1,11,Tank,1,NA_S1_RR_W3_D2_M1,3,NTMR
12,2151,19,35,1973,4142,4,0,2,Support,1,NA_S1_RR_W3_D2_M1,3,NTMR
18,3251,8,30,0,5837,3,0,8,Support,1,NA_S1_RR_W3_D2_M1,3,NTMR
7,5626,1,14,0,91,7,0,1,Damage,0,NA_S1_RR_W3_D2_M1,3,Shikigami
9,3958,0,26,0,0,6,1,7,Damage,0,NA_S1_RR_W3_D2_M1,3,Shikigami
5,5075,1,33,3208,0,8,1,2,Tank,0,NA_S1_RR_W3_D2_M1,3,Shikigami
5,2411,5,0,1110,5037,7,0,3,Support,0,NA_S1_RR_W3_D2_M1,3,Shikigami
3,2104,4,1,0,6002,7,0,0,Support,0,NA_S1_RR_W3_D2_M1,3,Shikigami
16,7658,0,35,1611,276,2,0,7,Damage,1,NA_S1_RR_W4_D3_M2,1,SpaceStation
18,8461,0,6,0,0,1,0,5,Damage,1,NA_S1_RR_W4_D3_M2,1,SpaceStation
20,9824,3,14,10295,806,4,1,7,Tank,1,NA_S1_RR_W4_D3_M2,1,SpaceStation
11,4553,19,27,2302,4236,2,0,3,Support,1,NA_S1_RR_W4_D3_M2,1,SpaceStation
15,4202,19,4,905,9768,0,0,3,Support,1,NA_S1_RR_W4_D3_M2,1,SpaceStation
7,6105,0,30,924,102,5,0,1,Damage,0,NA_S1_RR_W4_D3_M2,1,Timeless
4,7832,0,1,0,0,6,0,4,Damage,0,NA_S1_RR_W4_D3_M2,1,Timeless
6,7663,2,28,14086,0,7,0,2,Tank,0,NA_S1_RR_W4_D3_M2,1,Timeless
3,3450,5,6,2359,5597,3,0,1,Support,0,NA_S1_RR_W4_D3_M2,1,Timeless
5,2735,7,0,402,11023,6,0,1,Support,0,NA_S1_RR_W4_D3_M2,1,Timeless
29,8573,0,59,0,0,2,0,16,Damage,1,NA_S1_RR_W4_D3_M2,2,SpaceStation
31,16027,0,34,0,0,6,0,12,Damage,1,NA_S1_RR_W4_D3_M2,2,SpaceStation
28,14785,11,55,14526,0,3,0,7,Tank,1,NA_S1_RR_W4_D3_M2,2,SpaceStation
18,5024,18,40,2329,6512,3,0,4,Support,1,NA_S1_RR_W4_D3_M2,2,SpaceStation
13,5306,22,10,2180,10555,7,0,2,Support,1,NA_S1_RR_W4_D3_M2,2,SpaceStation
14,7853,0,32,1080,57,8,0,10,Damage,0,NA_S1_RR_W4_D3_M2,2,Timeless
7,9086,0,17,0,0,11,0,3,Damage,0,NA_S1_RR_W4_D3_M2,2,Timeless
14,10304,7,77,11721,1300,8,0,4,Tank,0,NA_S1_RR_W4_D3_M2,2,Timeless
8,3446,12,31,4512,10067,7,0,2,Support,0,NA_S1_RR_W4_D3_M2,2,Timeless
6,3905,11,29,395,16532,9,0,2,Support,0,NA_S1_RR_W4_D3_M2,2,Timeless
16,6292,0,125,0,0,6,0,6,Damage,0,NA_S1_RR_W4_D3_M2,3,SpaceStation
19,9499,4,18,0,0,8,0,7,Damage,0,NA_S1_RR_W4_D3_M2,3,SpaceStation
14,7306,6,35,4253,278,4,0,7,Tank,0,NA_S1_RR_W4_D3_M2,3,SpaceStation
12,4147,12,56,1745,4099,3,0,2,Support,0,NA_S1_RR_W4_D3_M2,3,SpaceStation
8,4427,12,20,286,5761,7,0,2,Support,0,NA_S1_RR_W4_D3_M2,3,SpaceStation
18,7307,0,149,0,0,3,0,8,Damage,1,NA_S1_RR_W4_D3_M2,3,Timeless
20,9340,0,33,0,0,6,0,8,Damage,1,NA_S1_RR_W4_D3_M2,3,Timeless
16,5743,1,64,3929,66,6,2,8,Tank,1,NA_S1_RR_W4_D3_M2,3,Timeless
11,3843,15,32,1729,5020,5,0,1,Support,1,NA_S1_RR_W4_D3_M2,3,Timeless
9,4581,12,47,0,6063,4,0,3,Support,1,NA_S1_RR_W4_D3_M2,3,Timeless
14,6618,0,125,0,0,1,0,6,Damage,1,NA_S1_RR_W4_D3_M2,4,SpaceStation
19,11802,5,12,0,0,4,0,5,Damage,1,NA_S1_RR_W4_D3_M2,4,SpaceStation
20,14339,4,38,14421,0,2,0,13,Tank,1,NA_S1_RR_W4_D3_M2,4,SpaceStation
8,2905,15,58,4118,6956,1,0,2,Support,1,NA_S1_RR_W4_D3_M2,4,SpaceStation
10,3413,9,23,1347,11956,3,1,2,Support,1,NA_S1_RR_W4_D3_M2,4,SpaceStation
8,5474,0,142,0,0,5,1,5,Damage,0,NA_S1_RR_W4_D3_M2,4,Timeless
7,9354,0,14,0,0,5,1,2,Damage,0,NA_S1_RR_W4_D3_M2,4,Timeless
7,10828,1,85,16175,0,7,0,4,Tank,0,NA_S1_RR_W4_D3_M2,4,Timeless
1,1470,7,62,4560,8942,6,0,0,Support,0,NA_S1_RR_W4_D3_M2,4,Timeless
1,3235,3,13,818,11756,5,0,0,Support,0,NA_S1_RR_W4_D3_M2,4,Timeless
9,7958,0,25,1357,0,4,0,3,Damage,0,NA_S1_RR_W3_D1_M2,1,Timeless
10,10744,1,18,300,0,3,0,3,Damage,0,NA_S1_RR_W3_D1_M2,1,Timeless
9,10201,3,44,11210,0,5,0,2,Tank,0,NA_S1_RR_W3_D1_M2,1,Timeless
6,5086,4,24,1808,6310,4,0,1,Support,0,NA_S1_RR_W3_D1_M2,1,Timeless
7,3158,8,23,0,16895,4,0,2,Support,0,NA_S1_RR_W3_D1_M2,1,Timeless
17,10925,4,19,0,0,2,1,9,Damage,1,NA_S1_RR_W3_D1_M2,1,Amplify
16,10489,1,36,1524,0,5,0,4,Damage,1,NA_S1_RR_W3_D1_M2,1,Amplify
12,9296,6,69,7309,1047,2,0,5,Tank,1,NA_S1_RR_W3_D1_M2,1,Amplify
14,3893,14,34,2729,7728,2,0,1,Support,1,NA_S1_RR_W3_D1_M2,1,Amplify
5,2897,15,27,0,14983,1,0,1,Support,1,NA_S1_RR_W3_D1_M2,1,Amplify
19,4648,0,32,0,0,0,0,7,Damage,1,NA_S1_RR_W3_D1_M2,2,Timeless
17,5938,2,13,0,0,1,1,10,Damage,1,NA_S1_RR_W3_D1_M2,2,Timeless
16,4476,12,60,8775,0,0,0,4,Tank,1,NA_S1_RR_W3_D1_M2,2,Timeless
8,1971,19,69,1645,6060,2,0,1,Support,1,NA_S1_RR_W3_D1_M2,2,Timeless
10,2973,15,14,435,8967,1,0,1,Support,1,NA_S1_RR_W3_D1_M2,2,Timeless
2,4119,0,4,153,0,4,0,2,Damage,0,NA_S1_RR_W3_D1_M2,2,Amplify
2,4903,0,81,0,0,5,0,1,Damage,0,NA_S1_RR_W3_D1_M2,2,Amplify
3,5786,0,67,8300,0,6,0,1,Tank,0,NA_S1_RR_W3_D1_M2,2,Amplify
2,2488,4,21,747,3380,5,0,0,Support,0,NA_S1_RR_W3_D1_M2,2,Amplify
3,2772,3,9,186,4177,3,0,0,Support,0,NA_S1_RR_W3_D1_M2,2,Amplify
17,6757,1,45,701,0,3,0,4,Damage,1,NA_S1_RR_W3_D1_M2,3,Timeless
21,8318,0,19,0,0,2,2,12,Damage,1,NA_S1_RR_W3_D1_M2,3,Timeless
17,4716,9,56,3683,0,1,0,5,Tank,1,NA_S1_RR_W3_D1_M2,3,Timeless
11,5075,13,23,0,5257,2,2,4,Support,1,NA_S1_RR_W3_D1_M2,3,Timeless
11,3181,14,10,796,7084,0,0,2,Support,1,NA_S1_RR_W3_D1_M2,3,Timeless
5,6945,1,20,600,0,6,0,2,Damage,0,NA_S1_RR_W3_D1_M2,3,Amplify
6,5890,2,17,0,346,5,0,4,Damage,0,NA_S1_RR_W3_D1_M2,3,Amplify
1,4337,2,65,7978,275,7,0,0,Tank,0,NA_S1_RR_W3_D1_M2,3,Amplify
4,4065,2,23,1358,5463,5,0,2,Support,0,NA_S1_RR_W3_D1_M2,3,Amplify
3,2529,3,20,0,6479,4,0,0,Support,0,NA_S1_RR_W3_D1_M2,3,Amplify
20,7536,1,28,200,556,2,2,11,Damage,1,NA_S1_RR_W3_D1_M2,4,Timeless
23,7147,2,26,0,0,1,0,11,Damage,1,NA_S1_RR_W3_D1_M2,4,Timeless
21,5636,14,73,13540,0,0,0,4,Tank,1,NA_S1_RR_W3_D1_M2,4,Timeless
12,5467,23,19,0,5585,1,0,2,Support,1,NA_S1_RR_W3_D1_M2,4,Timeless
18,3207,19,17,0,10523,2,0,5,Support,1,NA_S1_RR_W3_D1_M2,4,Timeless
4,4544,0,15,0,0,7,0,4,Damage,0,NA_S1_RR_W3_D1_M2,4,Amplify
2,4795,0,52,1133,0,6,0,0,Damage,0,NA_S1_RR_W3_D1_M2,4,Amplify
1,7304,0,123,3681,950,7,0,1,Tank,0,NA_S1_RR_W3_D1_M2,4,Amplify
3,3772,2,44,1127,5290,6,0,1,Support,0,NA_S1_RR_W3_D1_M2,4,Amplify
2,3673,3,27,0,6892,7,0,0,Support,0,NA_S1_RR_W3_D1_M2,4,Amplify
23,11731,1,55,1923,0,5,0,14,Damage,1,NA_S1_RR_W3_D1_M1,1,NTMR
20,11293,2,13,56,27,10,2,13,Damage,1,NA_S1_RR_W3_D1_M1,1,NTMR
22,12780,4,65,12229,536,7,1,5,Tank,1,NA_S1_RR_W3_D1_M1,1,NTMR
20,5804,21,64,1976,7258,5,0,3,Support,1,NA_S1_RR_W3_D1_M1,1,NTMR
20,4590,15,23,0,14812,2,0,1,Support,1,NA_S1_RR_W3_D1_M1,1,NTMR
19,9489,2,39,631,0,6,1,5,Damage,0,NA_S1_RR_W3_D1_M1,1,Avidity
23,9592,0,45,646,0,7,1,10,Damage,0,NA_S1_RR_W3_D1_M1,1,Avidity
13,11999,5,54,7400,1430,10,0,6,Tank,0,NA_S1_RR_W3_D1_M1,1,Avidity
12,6412,10,31,770,5900,8,0,6,Support,0,NA_S1_RR_W3_D1_M1,1,Avidity
15,5656,18,26,0,16185,7,0,2,Support,0,NA_S1_RR_W3_D1_M1,1,Avidity
23,8942,1,21,1117,0,1,1,11,Damage,1,NA_S1_RR_W3_D1_M1,2,NTMR
16,6118,3,5,0,163,3,0,7,Damage,1,NA_S1_RR_W3_D1_M1,2,NTMR
17,7024,2,24,5635,120,3,1,7,Tank,1,NA_S1_RR_W3_D1_M1,2,NTMR
10,2975,20,24,1517,4342,4,0,1,Support,1,NA_S1_RR_W3_D1_M1,2,NTMR
15,2672,13,12,0,6802,2,1,6,Support,1,NA_S1_RR_W3_D1_M1,2,NTMR
6,4740,1,13,399,0,8,0,3,Damage,0,NA_S1_RR_W3_D1_M1,2,Avidity
9,4762,0,17,0,0,6,1,4,Damage,0,NA_S1_RR_W3_D1_M1,2,Avidity
8,6482,2,36,4250,840,5,1,5,Tank,0,NA_S1_RR_W3_D1_M1,2,Avidity
1,2957,8,3,1340,3047,7,0,0,Support,0,NA_S1_RR_W3_D1_M1,2,Avidity
6,2894,6,0,120,6144,6,0,1,Support,0,NA_S1_RR_W3_D1_M1,2,Avidity
35,13954,0,124,145,0,8,0,17,Damage,1,NA_S1_RR_W3_D1_M1,3,NTMR
34,15907,10,47,0,529,8,0,9,Damage,1,NA_S1_RR_W3_D1_M1,3,NTMR
37,18348,8,114,8113,0,7,1,20,Tank,1,NA_S1_RR_W3_D1_M1,3,NTMR
16,6525,34,172,8354,15060,6,0,3,Support,1,NA_S1_RR_W3_D1_M1,3,NTMR
20,8701,27,43,1514,15664,7,0,5,Support,1,NA_S1_RR_W3_D1_M1,3,NTMR
23,15535,0,163,1743,0,12,1,11,Damage,0,NA_S1_RR_W3_D1_M1,3,Avidity
22,11857,0,96,0,0,12,0,12,Damage,0,NA_S1_RR_W3_D1_M1,3,Avidity
20,13086,5,120,8527,0,8,1,9,Tank,0,NA_S1_RR_W3_D1_M1,3,Avidity
17,6448,21,90,8048,11462,11,0,3,Support,0,NA_S1_RR_W3_D1_M1,3,Avidity
11,5464,13,36,1114,14604,11,0,1,Support,0,NA_S1_RR_W3_D1_M1,3,Avidity
28,10341,0,44,1625,0,8,0,14,Damage,1,NA_S1_RR_W3_D3_M2,1,SpaceStation
29,12999,3,18,99,0,10,0,8,Damage,1,NA_S1_RR_W3_D3_M2,1,SpaceStation
28,16342,4,66,12011,841,4,1,13,Tank,1,NA_S1_RR_W3_D3_M2,1,SpaceStation
19,3730,28,13,0,15238,6,0,3,Support,1,NA_S1_RR_W3_D3_M2,1,SpaceStation
28,7024,19,54,2608,5076,6,1,7,Support,1,NA_S1_RR_W3_D3_M2,1,SpaceStation
7,5076,1,14,0,0,5,0,2,Damage,0,NA_S1_RR_W3_D3_M2,1,Rad
13,8793,0,31,1657,0,11,1,7,Damage,0,NA_S1_RR_W3_D3_M2,1,Rad
24,14580,3,70,16406,612,9,0,8,Tank,0,NA_S1_RR_W3_D3_M2,1,Rad
17,6711,14,37,2445,5322,8,1,5,Support,0,NA_S1_RR_W3_D3_M2,1,Rad
9,3456,19,14,0,16028,8,0,0,Support,0,NA_S1_RR_W3_D3_M2,1,Rad
15,7572,0,104,3061,0,7,0,10,Damage,0,NA_S1_RR_W3_D3_M2,2,SpaceStation
10,7443,3,59,0,0,11,0,3,Damage,0,NA_S1_RR_W3_D3_M2,2,SpaceStation
15,8591,5,125,8271,0,7,0,5,Tank,0,NA_S1_RR_W3_D3_M2,2,SpaceStation
14,3617,17,74,0,11136,8,0,2,Support,0,NA_S1_RR_W3_D3_M2,2,SpaceStation
8,3208,5,84,939,2649,9,0,2,Support,0,NA_S1_RR_W3_D3_M2,2,SpaceStation
30,8649,1,21,0,0,5,2,15,Damage,1,NA_S1_RR_W3_D3_M2,2,Rad
22,7418,0,18,2753,0,3,0,11,Damage,1,NA_S1_RR_W3_D3_M2,2,Rad
24,8210,2,59,5776,0,6,2,10,Tank,1,NA_S1_RR_W3_D3_M2,2,Rad
18,3027,19,17,1927,5118,4,0,2,Support,1,NA_S1_RR_W3_D3_M2,2,Rad
15,3047,25,20,0,11803,4,0,4,Support,1,NA_S1_RR_W3_D3_M2,2,Rad
31,10836,0,89,298,0,7,0,9,Damage,1,NA_S1_RR_W3_D3_M2,3,SpaceStation
29,15977,5,67,0,136,12,0,12,Damage,1,NA_S1_RR_W3_D3_M2,3,SpaceStation
34,15649,12,116,18905,0,4,0,10,Tank,1,NA_S1_RR_W3_D3_M2,3,SpaceStation
27,10143,29,129,0,18504,5,0,9,Support,1,NA_S1_RR_W3_D3_M2,3,SpaceStation
27,7978,25,144,2536,7152,6,0,5,Support,1,NA_S1_RR_W3_D3_M2,3,SpaceStation
23,12663,0,51,0,0,10,1,13,Damage,0,NA_S1_RR_W3_D3_M2,3,Rad
23,9897,0,145,730,657,9,1,6,Damage,0,NA_S1_RR_W3_D3_M2,3,Rad
24,14129,14,165,12821,1844,10,0,6,Tank,0,NA_S1_RR_W3_D3_M2,3,Rad
18,7689,20,114,3679,11551,8,0,4,Support,0,NA_S1_RR_W3_D3_M2,3,Rad
16,4616,17,68,0,21195,9,0,5,Support,0,NA_S1_RR_W3_D3_M2,3,Rad
17,8328,0,61,568,0,4,2,10,Damage,1,NA_S1_RR_W3_D3_M2,4,SpaceStation
20,9878,0,35,0,0,7,0,8,Damage,1,NA_S1_RR_W3_D3_M2,4,SpaceStation
18,9612,2,28,6693,0,2,1,13,Tank,1,NA_S1_RR_W3_D3_M2,4,SpaceStation
17,6026,18,47,327,7373,3,0,0,Support,1,NA_S1_RR_W3_D3_M2,4,SpaceStation
8,3020,13,74,3220,6150,5,0,2,Support,1,NA_S1_RR_W3_D3_M2,4,SpaceStation
12,8137,0,46,0,251,7,1,6,Damage,0,NA_S1_RR_W3_D3_M2,4,Rad
7,7261,0,98,1140,0,8,0,5,Damage,0,NA_S1_RR_W3_D3_M2,4,Rad
12,8016,2,106,10272,0,6,0,6,Tank,0,NA_S1_RR_W3_D3_M2,4,Rad
7,4905,11,13,1897,9361,6,0,2,Support,0,NA_S1_RR_W3_D3_M2,4,Rad
5,3311,11,39,482,12433,6,0,2,Support,0,NA_S1_RR_W3_D3_M2,4,Rad
24,9432,0,30,0,0,6,1,12,Damage,1,NA_S1_RR_W4_D2_M2,1,Rad
23,11269,0,72,3515,366,3,0,12,Damage,1,NA_S1_RR_W4_D2_M2,1,Rad
18,8995,12,102,22501,2125,2,0,4,Tank,1,NA_S1_RR_W4_D2_M2,1,Rad
19,6314,20,45,1739,6670,5,0,3,Support,1,NA_S1_RR_W4_D2_M2,1,Rad
10,4796,22,37,0,15075,5,0,3,Support,1,NA_S1_RR_W4_D2_M2,1,Rad
14,10016,0,3,0,0,6,0,8,Damage,0,NA_S1_RR_W4_D2_M2,1,Amplify
8,7630,6,36,0,633,10,0,2,Damage,0,NA_S1_RR_W4_D2_M2,1,Amplify
14,12160,3,166,7527,1039,7,1,6,Tank,0,NA_S1_RR_W4_D2_M2,1,Amplify
10,4962,10,49,1886,7559,6,0,3,Support,0,NA_S1_RR_W4_D2_M2,1,Amplify
9,5239,16,15,0,13224,6,0,1,Support,0,NA_S1_RR_W4_D2_M2,1,Amplify
24,9793,7,41,0,0,3,2,12,Damage,1,NA_S1_RR_W4_D2_M2,2,Rad
35,11839,0,63,2614,319,4,1,17,Damage,1,NA_S1_RR_W4_D2_M2,2,Rad
37,14079,13,111,5741,0,3,0,12,Tank,1,NA_S1_RR_W4_D2_M2,2,Rad
25,5585,27,117,1732,3749,4,0,5,Support,1,NA_S1_RR_W4_D2_M2,2,Rad
24,3735,25,92,0,15617,2,0,6,Support,1,NA_S1_RR_W4_D2_M2,2,Rad
11,6242,0,49,569,0,12,0,5,Damage,0,NA_S1_RR_W4_D2_M2,2,Amplify
7,7120,3,28,3140,698,13,0,2,Damage,0,NA_S1_RR_W4_D2_M2,2,Amplify
13,10632,5,176,7543,0,8,0,6,Tank,0,NA_S1_RR_W4_D2_M2,2,Amplify
6,4234,7,133,1768,6173,11,0,2,Support,0,NA_S1_RR_W4_D2_M2,2,Amplify
6,2734,10,84,0,14616,8,0,1,Support,0,NA_S1_RR_W4_D2_M2,2,Amplify
24,7834,0,9,0,0,0,1,10,Damage,1,NA_S1_RR_W4_D2_M2,3,Rad
8,3783,0,18,1993,0,3,0,6,Damage,1,NA_S1_RR_W4_D2_M2,3,Rad
24,8343,10,60,4680,0,0,2,8,Tank,1,NA_S1_RR_W4_D2_M2,3,Rad
17,3161,13,7,1619,4649,0,0,5,Support,1,NA_S1_RR_W4_D2_M2,3,Rad
17,3620,21,19,0,6269,2,0,4,Support,1,NA_S1_RR_W4_D2_M2,3,Rad
4,4592,0,3,0,0,7,0,3,Damage,0,NA_S1_RR_W4_D2_M2,3,Amplify
5,4378,0,16,0,497,3,1,1,Damage,0,NA_S1_RR_W4_D2_M2,3,Amplify
2,4457,0,54,7675,78,9,0,1,Tank,0,NA_S1_RR_W4_D2_M2,3,Amplify
3,2448,2,12,1139,3264,7,0,0,Support,0,NA_S1_RR_W4_D2_M2,3,Amplify
1,2260,3,4,0,5747,8,0,0,Support,0,NA_S1_RR_W4_D2_M2,3,Amplify
16,5107,1,41,2654,401,1,0,4,Damage,1,NA_S1_RR_W3_D3_M1,1,Avidity
22,5742,0,2,25,0,1,3,12,Damage,1,NA_S1_RR_W3_D3_M1,1,Avidity
21,6319,3,32,7970,600,1,1,8,Tank,1,NA_S1_RR_W3_D3_M1,1,Avidity
6,2848,8,46,438,3349,3,0,2,Support,1,NA_S1_RR_W3_D3_M1,1,Avidity
15,2314,17,19,0,7498,2,0,5,Support,1,NA_S1_RR_W3_D3_M1,1,Avidity
6,4828,3,11,35,0,6,0,1,Damage,0,NA_S1_RR_W3_D3_M1,1,Shikigami
4,5338,1,8,0,0,5,0,4,Damage,0,NA_S1_RR_W3_D3_M1,1,Shikigami
4,5679,1,48,4317,0,7,0,0,Tank,0,NA_S1_RR_W3_D3_M1,1,Shikigami
3,2282,3,19,0,3527,5,0,1,Support,0,NA_S1_RR_W3_D3_M1,1,Shikigami
2,2915,3,16,0,5829,8,0,2,Support,0,NA_S1_RR_W3_D3_M1,1,Shikigami
22,6850,0,39,1399,0,3,1,10,Damage,1,NA_S1_RR_W3_D3_M1,2,Avidity
29,8259,2,12,0,0,2,0,15,Damage,1,NA_S1_RR_W3_D3_M1,2,Avidity
22,6611,10,49,5258,0,1,0,3,Tank,1,NA_S1_RR_W3_D3_M1,2,Avidity
18,4170,16,46,1133,4501,4,0,3,Support,1,NA_S1_RR_W3_D3_M1,2,Avidity
15,4680,21,32,0,7203,2,0,5,Support,1,NA_S1_RR_W3_D3_M1,2,Avidity
10,8087,1,48,0,0,7,1,4,Damage,0,NA_S1_RR_W3_D3_M1,2,Shikigami
7,5694,4,83,3295,26,7,0,1,Damage,0,NA_S1_RR_W3_D3_M1,2,Shikigami
10,8301,3,162,6485,0,7,0,5,Tank,0,NA_S1_RR_W3_D3_M1,2,Shikigami
4,2985,5,84,871,4485,8,0,1,Support,0,NA_S1_RR_W3_D3_M1,2,Shikigami
1,2773,6,48,0,9428,7,0,1,Support,0,NA_S1_RR_W3_D3_M1,2,Shikigami
22,8969,0,123,0,0,2,1,12,Damage,1,NA_S1_RR_W3_D3_M1,3,Avidity
12,3762,5,13,0,0,5,2,6,Damage,1,NA_S1_RR_W3_D3_M1,3,Avidity
26,9241,5,107,4676,0,2,5,15,Tank,1,NA_S1_RR_W3_D3_M1,3,Avidity
9,4772,17,69,3949,6791,5,0,3,Support,1,NA_S1_RR_W3_D3_M1,3,Avidity
14,3846,11,43,1009,7728,5,0,1,Support,1,NA_S1_RR_W3_D3_M1,3,Avidity
12,8487,3,28,337,70,8,2,8,Damage,0,NA_S1_RR_W3_D3_M1,3,Shikigami
10,6237,0,128,0,0,7,0,4,Damage,0,NA_S1_RR_W3_D3_M1,3,Shikigami
14,9111,3,89,11780,0,7,1,6,Tank,0,NA_S1_RR_W3_D3_M1,3,Shikigami
5,3918,11,41,5231,6176,6,0,0,Support,0,NA_S1_RR_W3_D3_M1,3,Shikigami
6,5265,11,24,347,6779,9,0,1,Support,0,NA_S1_RR_W3_D3_M1,3,Shikigami
20,6945,0,17,0,0,1,1,9,Damage,1,NA_S1_RR_W4_D1_M2,1,Rad
13,6570,2,8,637,0,4,1,4,Damage,1,NA_S1_RR_W4_D1_M2,1,Rad
18,5942,8,48,10589,0,1,1,9,Tank,1,NA_S1_RR_W4_D1_M2,1,Rad
15,3766,13,18,496,4872,1,0,4,Support,1,NA_S1_RR_W4_D1_M2,1,Rad
7,1976,23,16,0,11578,2,0,0,Support,1,NA_S1_RR_W4_D1_M2,1,Rad
3,6574,0,11,0,318,5,0,2,Damage,0,NA_S1_RR_W4_D1_M2,1,NTMR
3,5615,0,16,768,0,5,1,1,Damage,0,NA_S1_RR_W4_D1_M2,1,NTMR
5,6765,0,45,11157,248,7,0,3,Tank,0,NA_S1_RR_W4_D1_M2,1,NTMR
4,2434,3,20,0,5481,6,0,0,Support,0,NA_S1_RR_W4_D1_M2,1,NTMR
4,3594,3,35,1045,2984,5,0,2,Support,0,NA_S1_RR_W4_D1_M2,1,NTMR
5,3763,0,0,0,0,7,0,3,Damage,0,NA_S1_RR_W4_D1_M2,2,Rad
3,5148,0,4,860,0,7,0,0,Damage,0,NA_S1_RR_W4_D1_M2,2,Rad
5,3136,2,16,6840,0,4,0,2,Tank,0,NA_S1_RR_W4_D1_M2,2,Rad
4,1981,5,3,2950,3643,6,0,3,Support,0,NA_S1_RR_W4_D1_M2,2,Rad
3,1128,2,0,0,7224,7,0,0,Support,0,NA_S1_RR_W4_D1_M2,2,Rad
16,5872,2,2,0,282,3,1,4,Damage,1,NA_S1_RR_W4_D1_M2,2,NTMR
17,5828,0,2,817,85,2,0,9,Damage,1,NA_S1_RR_W4_D1_M2,2,NTMR
21,6467,5,3,8191,0,2,1,10,Tank,1,NA_S1_RR_W4_D1_M2,2,NTMR
13,3870,19,7,263,4876,0,1,4,Support,1,NA_S1_RR_W4_D1_M2,2,NTMR
9,1927,18,29,1897,3918,1,0,2,Support,1,NA_S1_RR_W4_D1_M2,2,NTMR
22,8433,0,48,0,0,9,1,6,Damage,0,NA_S1_RR_W4_D1_M2,3,Rad
22,7781,0,67,855,320,8,1,11,Damage,0,NA_S1_RR_W4_D1_M2,3,Rad
18,9085,0,204,8391,0,7,0,6,Tank,0,NA_S1_RR_W4_D1_M2,3,Rad
14,4109,10,74,2122,4741,7,0,4,Support,0,NA_S1_RR_W4_D1_M2,3,Rad
9,2758,22,106,0,12038,7,0,2,Support,0,NA_S1_RR_W4_D1_M2,3,Rad
19,9182,0,30,0,0,4,1,8,Damage,1,NA_S1_RR_W4_D1_M2,3,NTMR
20,6442,0,34,1443,351,7,0,9,Damage,1,NA_S1_RR_W4_D1_M2,3,NTMR
26,11633,4,96,9556,478,6,1,9,Tank,1,NA_S1_RR_W4_D1_M2,3,NTMR
12,3128,21,21,0,8699,6,1,4,Support,1,NA_S1_RR_W4_D1_M2,3,NTMR
21,3980,15,52,1913,4558,6,1,7,Support,1,NA_S1_RR_W4_D1_M2,3,NTMR
22,13626,1,42,0,0,15,1,13,Damage,0,NA_S1_RR_W4_D1_M2,4,Rad
22,13113,0,97,5710,840,14,0,11,Damage,0,NA_S1_RR_W4_D1_M2,4,Rad
17,11929,6,260,16524,435,13,0,7,Tank,0,NA_S1_RR_W4_D1_M2,4,Rad
12,5752,21,101,1644,7372,16,0,1,Support,0,NA_S1_RR_W4_D1_M2,4,Rad
10,5360,19,40,1518,19060,16,0,4,Support,0,NA_S1_RR_W4_D1_M2,4,Rad
43,17885,8,52,0,177,8,1,17,Damage,1,NA_S1_RR_W4_D1_M2,4,NTMR
47,14104,1,130,5321,476,7,1,25,Damage,1,NA_S1_RR_W4_D1_M2,4,NTMR
51,14598,10,102,9114,311,8,1,19,Tank,1,NA_S1_RR_W4_D1_M2,4,NTMR
31,9401,26,49,1481,13943,7,0,7,Support,1,NA_S1_RR_W4_D1_M2,4,NTMR
30,7339,43,332,3641,12533,7,0,6,Support,1,NA_S1_RR_W4_D1_M2,4,NTMR
17,9994,2,63,850,0,8,1,8,Damage,0,NA_S1_RR_W4_D1_M1,1,Timeless
20,10980,0,36,0,0,10,1,9,Damage,0,NA_S1_RR_W4_D1_M1,1,Timeless
16,14933,9,153,10300,2907,9,0,5,Tank,0,NA_S1_RR_W4_D1_M1,1,Timeless
11,5099,15,48,2234,10947,8,1,6,Support,0,NA_S1_RR_W4_D1_M1,1,Timeless
13,7925,17,20,1858,12827,8,0,3,Support,0,NA_S1_RR_W4_D1_M1,1,Timeless
25,11564,3,67,2431,133,8,1,15,Damage,1,NA_S1_RR_W4_D1_M1,1,Avidity
25,12412,1,37,100,0,8,2,10,Damage,1,NA_S1_RR_W4_D1_M1,1,Avidity
29,13715,8,97,20577,230,3,0,7,Tank,1,NA_S1_RR_W4_D1_M1,1,Avidity
22,6544,30,97,5009,11482,7,0,4,Support,1,NA_S1_RR_W4_D1_M1,1,Avidity
17,5708,18,43,445,16169,6,0,6,Support,1,NA_S1_RR_W4_D1_M1,1,Avidity
27,11077,0,65,1591,396,7,0,7,Damage,1,NA_S1_RR_W4_D1_M1,2,Timeless
32,13903,0,43,0,0,7,0,20,Damage,1,NA_S1_RR_W4_D1_M1,2,Timeless
42,11836,12,109,7701,272,6,2,12,Tank,1,NA_S1_RR_W4_D1_M1,2,Timeless
23,5862,18,65,2312,8580,4,0,8,Support,1,NA_S1_RR_W4_D1_M1,2,Timeless
13,6534,29,25,0,7775,5,0,4,Support,1,NA_S1_RR_W4_D1_M1,2,Timeless
13,7986,0,59,3184,740,11,0,1,Damage,0,NA_S1_RR_W4_D1_M1,2,Avidity
15,11493,0,57,560,0,12,1,7,Damage,0,NA_S1_RR_W4_D1_M1,2,Avidity
18,11878,3,98,13791,262,10,0,8,Tank,0,NA_S1_RR_W4_D1_M1,2,Avidity
19,8090,11,57,3237,8727,9,1,9,Support,0,NA_S1_RR_W4_D1_M1,2,Avidity
10,6238,14,42,0,13165,10,0,3,Support,0,NA_S1_RR_W4_D1_M1,2,Avidity
26,4891,0,27,1162,102,2,0,11,Damage,1,NA_S1_RR_W4_D1_M1,3,Timeless
30,8753,0,15,0,0,1,1,12,Damage,1,NA_S1_RR_W4_D1_M1,3,Timeless
29,7306,8,41,3619,0,1,0,8,Tank,1,NA_S1_RR_W4_D1_M1,3,Timeless
19,3120,17,14,1265,6294,2,0,5,Support,1,NA_S1_RR_W4_D1_M1,3,Timeless
23,3160,24,4,0,8692,1,1,5,Support,1,NA_S1_RR_W4_D1_M1,3,Timeless
1,3253,0,19,1082,7,10,0,0,Damage,0,NA_S1_RR_W4_D1_M1,3,Avidity
5,5644,0,21,0,0,8,0,2,Damage,0,NA_S1_RR_W4_D1_M1,3,Avidity
6,6553,0,78,5396,0,8,0,5,Tank,0,NA_S1_RR_W4_D1_M1,3,Avidity
2,2836,4,87,1619,3934,6,0,0,Support,0,NA_S1_RR_W4_D1_M1,3,Avidity
3,2726,5,16,0,5891,9,0,0,Support,0,NA_S1_RR_W4_D1_M1,3,Avidity
37,13602,0,124,2342,413,7,3,22,Damage,1,NA_S1_RR_W4_D1_M1,4,Timeless
45,14723,0,68,0,0,5,1,15,Damage,1,NA_S1_RR_W4_D1_M1,4,Timeless
39,14857,6,162,12829,198,8,1,14,Tank,1,NA_S1_RR_W4_D1_M1,4,Timeless
25,7376,24,143,1759,8923,8,0,5,Support,1,NA_S1_RR_W4_D1_M1,4,Timeless
29,8431,38,97,1601,14409,6,2,11,Support,1,NA_S1_RR_W4_D1_M1,4,Timeless
14,9709,1,109,5818,2021,13,0,6,Damage,0,NA_S1_RR_W4_D1_M1,4,Avidity
22,10755,1,43,0,18,14,0,9,Damage,0,NA_S1_RR_W4_D1_M1,4,Avidity
20,13658,4,179,18357,0,13,0,10,Tank,0,NA_S1_RR_W4_D1_M1,4,Avidity
19,6743,17,141,1531,6462,16,1,6,Support,0,NA_S1_RR_W4_D1_M1,4,Avidity
16,4726,22,74,0,16263,13,0,3,Support,0,NA_S1_RR_W4_D1_M1,4,Avidity
15,8619,1,28,0,0,5,0,7,Damage,1,NA_S1_RR_W4_D3_M1,2,NTMR
25,11136,0,29,3539,449,5,2,17,Damage,1,NA_S1_RR_W4_D3_M1,2,NTMR
20,13320,4,94,19343,0,7,1,9,Tank,1,NA_S1_RR_W4_D3_M1,2,NTMR
15,4159,18,64,1057,13308,4,0,1,Support,1,NA_S1_RR_W4_D3_M1,2,NTMR
16,3522,21,150,2914,7489,5,0,4,Support,1,NA_S1_RR_W4_D3_M1,2,NTMR
14,6814,1,45,0,0,5,0,6,Damage,0,NA_S1_RR_W4_D3_M1,2,Team Liquid
16,9031,0,75,2142,226,11,0,11,Damage,0,NA_S1_RR_W4_D3_M1,2,Team Liquid
15,12999,6,192,15567,0,7,0,4,Tank,0,NA_S1_RR_W4_D3_M1,2,Team Liquid
6,3269,13,99,548,12966,6,0,0,Support,0,NA_S1_RR_W4_D3_M1,2,Team Liquid
11,4478,15,13,557,7751,9,1,5,Support,0,NA_S1_RR_W4_D3_M1,2,Team Liquid
23,14611,1,16,0,430,7,0,12,Damage,1,NA_S1_RR_W4_D3_M1,3,NTMR
25,10495,0,80,1269,279,7,1,16,Damage,1,NA_S1_RR_W4_D3_M1,3,NTMR
29,12410,5,164,17736,0,6,0,9,Tank,1,NA_S1_RR_W4_D3_M1,3,NTMR
20,7564,28,68,1118,14037,5,0,5,Support,1,NA_S1_RR_W4_D3_M1,3,NTMR
17,6404,22,154,1248,5857,7,0,0,Support,1,NA_S1_RR_W4_D3_M1,3,NTMR
13,10112,0,8,0,0,9,0,5,Damage,0,NA_S1_RR_W4_D3_M1,3,Team Liquid
23,11002,0,23,1253,219,9,1,16,Damage,0,NA_S1_RR_W4_D3_M1,3,Team Liquid
21,10302,7,68,6118,0,6,1,7,Tank,0,NA_S1_RR_W4_D3_M1,3,Team Liquid
10,4919,17,10,1327,12865,10,1,2,Support,0,NA_S1_RR_W4_D3_M1,3,Team Liquid
8,3770,10,10,1298,7135,9,0,2,Support,0,NA_S1_RR_W4_D3_M1,3,Team Liquid
33,15194,7,68,43,62,10,4,12,Damage,0,NA_S1_RR_W1_D1_M1,1,Team Liquid
25,10523,0,94,1959,0,12,1,12,Damage,0,NA_S1_RR_W1_D1_M1,1,Team Liquid
28,11873,3,200,10230,0,11,0,18,Tank,0,NA_S1_RR_W1_D1_M1,1,Team Liquid
10,6237,21,51,0,14602,13,1,3,Support,0,NA_S1_RR_W1_D1_M1,1,Team Liquid
19,8104,19,83,3999,11766,9,0,3,Support,0,NA_S1_RR_W1_D1_M1,1,Team Liquid
30,10831,0,154,2516,0,7,0,15,Damage,1,NA_S1_RR_W1_D1_M1,1,Timeless
37,15701,7,68,0,0,10,2,17,Damage,1,NA_S1_RR_W1_D1_M1,1,Timeless
34,14454,9,170,11044,0,9,0,14,Tank,1,NA_S1_RR_W1_D1_M1,1,Timeless
26,9028,17,38,336,12375,10,1,4,Support,1,NA_S1_RR_W1_D1_M1,1,Timeless
20,7019,28,89,1461,8989,12,0,5,Support,1,NA_S1_RR_W1_D1_M1,1,Timeless
23,13477,2,84,157,0,6,0,15,Damage,0,NA_S1_RR_W1_D1_M1,2,Team Liquid
21,9372,0,60,1890,5,9,0,9,Damage,0,NA_S1_RR_W1_D1_M1,2,Team Liquid
23,16095,4,175,14699,0,9,0,9,Tank,0,NA_S1_RR_W1_D1_M1,2,Team Liquid
12,4773,19,113,346,21992,6,0,0,Support,0,NA_S1_RR_W1_D1_M1,2,Team Liquid
9,5610,17,66,5051,11257,9,0,2,Support,0,NA_S1_RR_W1_D1_M1,2,Team Liquid
29,11282,0,102,0,0,5,0,11,Damage,1,NA_S1_RR_W1_D1_M1,2,Timeless
27,13790,4,59,0,0,7,1,13,Damage,1,NA_S1_RR_W1_D1_M1,2,Timeless
23,15217,3,127,15046,232,6,0,11,Tank,1,NA_S1_RR_W1_D1_M1,2,Timeless
19,7653,20,99,0,18145,7,0,4,Support,1,NA_S1_RR_W1_D1_M1,2,Timeless
14,7746,20,75,3038,9223,10,0,0,Support,1,NA_S1_RR_W1_D1_M1,2,Timeless
51,21038,8,114,0,0,14,0,15,Damage,0,NA_S1_RR_W1_D1_M1,3,Team Liquid
54,16975,0,179,3763,0,14,0,22,Damage,0,NA_S1_RR_W1_D1_M1,3,Team Liquid
45,22291,6,328,15848,446,15,1,22,Tank,0,NA_S1_RR_W1_D1_M1,3,Team Liquid
31,6803,38,145,0,25609,14,0,6,Support,0,NA_S1_RR_W1_D1_M1,3,Team Liquid
37,9266,35,167,3189,14694,16,0,10,Support,0,NA_S1_RR_W1_D1_M1,3,Team Liquid
35,14539,0,187,3294,10,17,1,10,Damage,1,NA_S1_RR_W1_D1_M1,3,Timeless
43,18091,5,61,0,0,16,2,20,Damage,1,NA_S1_RR_W1_D1_M1,3,Timeless
47,21221,12,243,22611,311,15,3,16,Tank,1,NA_S1_RR_W1_D1_M1,3,Timeless
45,12539,29,112,0,21426,14,1,18,Support,1,NA_S1_RR_W1_D1_M1,3,Timeless
32,10088,31,180,4648,15244,13,0,8,Support,1,NA_S1_RR_W1_D1_M1,3,Timeless
7,9148,2,13,0,0,8,0,2,Damage,0,NA_S1_RR_W1_D1_M2,1,NTMR
13,8043,0,47,0,0,3,1,10,Damage,0,NA_S1_RR_W1_D1_M2,1,NTMR
9,7448,7,45,5457,1224,7,0,3,Tank,0,NA_S1_RR_W1_D1_M2,1,NTMR
6,3692,5,53,1513,5182,4,0,1,Support,0,NA_S1_RR_W1_D1_M2,1,NTMR
8,2167,8,26,0,11169,5,0,0,Support,0,NA_S1_RR_W1_D1_M2,1,NTMR
17,7580,0,68,0,0,3,0,9,Damage,1,NA_S1_RR_W1_D1_M2,1,SpaceStation
19,9506,2,24,0,419,5,0,6,Damage,1,NA_S1_RR_W1_D1_M2,1,SpaceStation
17,9450,9,61,5350,1274,3,0,5,Tank,1,NA_S1_RR_W1_D1_M2,1,SpaceStation
16,3642,19,29,0,11070,3,1,5,Support,1,NA_S1_RR_W1_D1_M2,1,SpaceStation
9,3764,10,56,1145,6073,2,0,2,Support,1,NA_S1_RR_W1_D1_M2,1,SpaceStation
7,8560,2,16,0,0,7,0,3,Damage,0,NA_S1_RR_W1_D1_M2,2,NTMR
10,6199,0,32,1002,0,9,2,6,Damage,0,NA_S1_RR_W1_D1_M2,2,NTMR
9,5575,3,30,7808,0,10,0,4,Tank,0,NA_S1_RR_W1_D1_M2,2,NTMR
4,3796,4,40,2258,4005,8,0,2,Support,0,NA_S1_RR_W1_D1_M2,2,NTMR
10,3715,10,12,0,10552,4,0,2,Support,0,NA_S1_RR_W1_D1_M2,2,NTMR
30,8106,0,34,810,0,3,3,13,Damage,1,NA_S1_RR_W1_D1_M2,2,SpaceStation
21,8941,2,25,0,0,6,0,11,Damage,1,NA_S1_RR_W1_D1_M2,2,SpaceStation
25,9243,5,67,6706,0,1,1,4,Tank,1,NA_S1_RR_W1_D1_M2,2,SpaceStation
16,3440,17,21,0,10756,3,1,5,Support,1,NA_S1_RR_W1_D1_M2,2,SpaceStation
22,3724,20,37,2102,6572,4,0,5,Support,1,NA_S1_RR_W1_D1_M2,2,SpaceStation
27,13062,4,60,0,0,9,1,14,Damage,1,NA_S1_RR_W1_D1_M2,3,NTMR
25,9112,0,114,1629,0,8,1,12,Damage,1,NA_S1_RR_W1_D1_M2,3,NTMR
23,10921,3,160,13710,185,8,0,6,Tank,1,NA_S1_RR_W1_D1_M2,3,NTMR
18,5435,15,139,2792,4985,9,0,6,Support,1,NA_S1_RR_W1_D1_M2,3,NTMR
18,3777,21,87,0,12461,7,0,1,Support,1,NA_S1_RR_W1_D1_M2,3,NTMR
27,9184,0,105,1593,0,8,1,16,Damage,0,NA_S1_RR_W1_D1_M2,3,SpaceStation
19,9429,4,41,0,0,10,1,5,Damage,0,NA_S1_RR_W1_D1_M2,3,SpaceStation
27,12957,9,217,11460,900,4,0,9,Tank,0,NA_S1_RR_W1_D1_M2,3,SpaceStation
23,5383,23,54,0,11591,9,0,4,Support,0,NA_S1_RR_W1_D1_M2,3,SpaceStation
21,4081,18,73,2529,8829,8,0,7,Support,0,NA_S1_RR_W1_D1_M2,3,SpaceStation
3,4539,0,12,0,0,6,1,2,Damage,0,NA_S1_RR_W1_D1_M2,4,NTMR
5,5464,0,65,0,0,3,1,1,Damage,0,NA_S1_RR_W1_D1_M2,4,NTMR
3,4579,0,39,6178,0,6,0,2,Tank,0,NA_S1_RR_W1_D1_M2,4,NTMR
1,1752,0,50,2562,4926,4,0,1,Support,0,NA_S1_RR_W1_D1_M2,4,NTMR
0,1540,1,8,20,5122,5,0,0,Support,0,NA_S1_RR_W1_D1_M2,4,NTMR
16,6089,0,53,0,0,0,0,11,Damage,1,NA_S1_RR_W1_D1_M2,4,SpaceStation
6,2444,4,10,0,0,4,1,2,Damage,1,NA_S1_RR_W1_D1_M2,4,SpaceStation
22,8778,6,31,5956,0,0,1,7,Tank,1,NA_S1_RR_W1_D1_M2,4,SpaceStation
9,2459,13,10,170,5806,1,0,2,Support,1,NA_S1_RR_W1_D1_M2,4,SpaceStation
7,2445,12,39,1480,5124,1,0,2,Support,1,NA_S1_RR_W1_D1_M2,4,SpaceStation
30,11293,5,55,0,0,9,0,13,Damage,0,NA_S1_RR_W1_D2_M1,1,Amplify
34,11104,11,61,0,168,13,2,13,Damage,0,NA_S1_RR_W1_D2_M1,1,Amplify
32,14675,5,176,8966,0,10,0,14,Tank,0,NA_S1_RR_W1_D2_M1,1,Amplify
16,5867,23,95,1887,8594,13,0,3,Support,0,NA_S1_RR_W1_D2_M1,1,Amplify
16,5013,27,38,0,17273,10,0,3,Support,0,NA_S1_RR_W1_D2_M1,1,Amplify
28,11080,6,67,120,0,11,1,10,Damage,1,NA_S1_RR_W1_D2_M1,1,Avidity
33,12034,0,123,2428,5,6,0,15,Damage,1,NA_S1_RR_W1_D2_M1,1,Avidity
31,14253,3,140,11070,300,8,2,12,Tank,1,NA_S1_RR_W1_D2_M1,1,Avidity
22,4959,26,54,0,15303,12,0,7,Support,1,NA_S1_RR_W1_D2_M1,1,Avidity
28,6968,23,90,1796,9401,9,2,11,Support,1,NA_S1_RR_W1_D2_M1,1,Avidity
50,14991,7,141,0,0,11,2,22,Damage,1,NA_S1_RR_W1_D2_M1,2,Amplify
37,13631,3,168,3475,877,14,2,19,Damage,1,NA_S1_RR_W1_D2_M1,2,Amplify
45,21741,26,326,13033,3577,11,0,12,Tank,1,NA_S1_RR_W1_D2_M1,2,Amplify
31,8600,36,216,3598,13153,13,0,6,Support,1,NA_S1_RR_W1_D2_M1,2,Amplify
23,5917,38,156,0,19462,12,0,6,Support,1,NA_S1_RR_W1_D2_M1,2,Amplify
34,16218,2,46,0,0,14,3,17,Damage,0,NA_S1_RR_W1_D2_M1,2,Avidity
37,17244,0,156,2935,0,13,1,17,Damage,0,NA_S1_RR_W1_D2_M1,2,Avidity
40,20163,4,266,14139,0,13,0,12,Tank,0,NA_S1_RR_W1_D2_M1,2,Avidity
28,7862,29,124,0,21303,13,0,5,Support,0,NA_S1_RR_W1_D2_M1,2,Avidity
30,11726,22,247,3179,11574,13,0,10,Support,0,NA_S1_RR_W1_D2_M1,2,Avidity
4,3078,1,14,0,0,6,0,2,Damage,0,NA_S1_RR_W1_D2_M1,3,Amplify
2,1962,1,13,566,223,7,0,1,Damage,0,NA_S1_RR_W1_D2_M1,3,Amplify
6,5968,1,24,3949,0,6,1,4,Tank,0,NA_S1_RR_W1_D2_M1,3,Amplify
3,2131,5,3,650,3126,5,0,0,Support,0,NA_S1_RR_W1_D2_M1,3,Amplify
3,1497,5,7,0,5228,5,0,0,Support,0,NA_S1_RR_W1_D2_M1,3,Amplify
16,4397,2,8,0,0,3,0,9,Damage,1,NA_S1_RR_W1_D2_M1,3,Avidity
18,3945,0,34,0,0,0,1,9,Damage,1,NA_S1_RR_W1_D2_M1,3,Avidity
21,6590,2,24,4920,0,1,1,7,Tank,1,NA_S1_RR_W1_D2_M1,3,Avidity
12,2001,15,0,0,5683,2,0,2,Support,1,NA_S1_RR_W1_D2_M1,3,Avidity
16,3214,17,8,1234,3291,1,0,2,Support,1,NA_S1_RR_W1_D2_M1,3,Avidity
15,6258,0,41,0,0,7,0,3,Damage,0,NA_S1_RR_W1_D2_M1,4,Amplify
14,5850,2,65,0,388,9,0,4,Damage,0,NA_S1_RR_W1_D2_M1,4,Amplify
22,11156,12,155,5639,2382,7,0,6,Tank,0,NA_S1_RR_W1_D2_M1,4,Amplify
13,3870,11,86,1533,6704,9,0,5,Support,0,NA_S1_RR_W1_D2_M1,4,Amplify
7,3416,11,63,0,8481,10,0,4,Support,0,NA_S1_RR_W1_D2_M1,4,Amplify
22,9159,3,43,0,0,6,1,16,Damage,1,NA_S1_RR_W1_D2_M1,4,Avidity
27,7878,0,106,0,0,2,0,11,Damage,1,NA_S1_RR_W1_D2_M1,4,Avidity
29,8367,18,149,19517,0,3,0,7,Tank,1,NA_S1_RR_W1_D2_M1,4,Avidity
20,5141,23,44,0,8861,7,1,6,Support,1,NA_S1_RR_W1_D2_M1,4,Avidity
24,5829,23,103,2259,5394,4,0,2,Support,1,NA_S1_RR_W1_D2_M1,4,Avidity
3,3797,0,40,562,0,6,0,2,Damage,0,NA_S1_RR_W1_D2_M2,1,Shikigami
5,3756,0,20,462,0,8,0,2,Damage,0,NA_S1_RR_W1_D2_M2,1,Shikigami
5,5932,1,76,4057,0,9,0,3,Tank,0,NA_S1_RR_W1_D2_M2,1,Shikigami
5,3043,4,9,0,4463,6,0,1,Support,0,NA_S1_RR_W1_D2_M2,1,Shikigami
4,3195,6,34,917,3098,6,0,0,Support,0,NA_S1_RR_W1_D2_M2,1,Shikigami
14,4375,0,44,702,0,3,1,5,Damage,1,NA_S1_RR_W1_D2_M2,1,Rad
27,6195,3,16,0,0,4,0,15,Damage,1,NA_S1_RR_W1_D2_M2,1,Rad
24,8454,4,89,3491,0,0,0,9,Tank,1,NA_S1_RR_W1_D2_M2,1,Rad
15,2149,21,24,1166,4676,1,0,4,Support,1,NA_S1_RR_W1_D2_M2,1,Rad
13,2182,22,13,0,10024,0,0,2,Support,1,NA_S1_RR_W1_D2_M2,1,Rad
13,7515,0,68,0,0,12,0,3,Damage,0,NA_S1_RR_W1_D2_M2,2,Shikigami
15,12010,1,12,244,0,10,1,9,Damage,0,NA_S1_RR_W1_D2_M2,2,Shikigami
12,14691,3,100,17268,0,11,0,4,Tank,0,NA_S1_RR_W1_D2_M2,2,Shikigami
5,6394,12,36,0,14961,10,0,2,Support,0,NA_S1_RR_W1_D2_M2,2,Shikigami
5,6280,8,67,2725,6854,10,0,1,Support,0,NA_S1_RR_W1_D2_M2,2,Shikigami
27,13413,1,50,1232,0,6,0,18,Damage,1,NA_S1_RR_W1_D2_M2,2,Rad
32,7948,0,53,0,0,4,3,14,Damage,1,NA_S1_RR_W1_D2_M2,2,Rad
37,11850,25,100,15895,0,3,1,10,Tank,1,NA_S1_RR_W1_D2_M2,2,Rad
27,7493,29,112,2164,8952,2,0,1,Support,1,NA_S1_RR_W1_D2_M2,2,Rad
24,6958,32,131,0,19304,5,0,9,Support,1,NA_S1_RR_W1_D2_M2,2,Rad
4,4103,0,143,20,0,7,0,2,Damage,0,NA_S1_RR_W1_D2_M2,3,Shikigami
9,6705,0,24,499,0,11,2,7,Damage,0,NA_S1_RR_W1_D2_M2,3,Shikigami
8,8385,1,72,5932,0,7,0,3,Tank,0,NA_S1_RR_W1_D2_M2,3,Shikigami
6,3100,7,9,1681,6527,7,0,1,Support,0,NA_S1_RR_W1_D2_M2,3,Shikigami
4,2157,6,9,0,7757,9,0,0,Support,0,NA_S1_RR_W1_D2_M2,3,Shikigami
24,7516,0,12,1252,0,4,2,15,Damage,1,NA_S1_RR_W1_D2_M2,3,Rad
24,9034,0,22,0,0,3,3,14,Damage,1,NA_S1_RR_W1_D2_M2,3,Rad
22,8737,3,109,5041,0,1,2,7,Tank,1,NA_S1_RR_W1_D2_M2,3,Rad
11,2401,22,66,3996,6775,1,0,4,Support,1,NA_S1_RR_W1_D2_M2,3,Rad
10,2771,16,34,0,10942,4,0,0,Support,1,NA_S1_RR_W1_D2_M2,3,Rad
15,7009,0,34,1910,0,9,0,7,Damage,0,NA_S1_RR_W1_D2_M3,1,Timeless
14,8806,2,12,0,0,7,0,4,Damage,0,NA_S1_RR_W1_D2_M3,1,Timeless
14,7593,1,39,5724,753,8,0,6,Tank,0,NA_S1_RR_W1_D2_M3,1,Timeless
10,4134,11,29,1290,5621,6,0,1,Support,0,NA_S1_RR_W1_D2_M3,1,Timeless
18,6386,17,12,0,10609,5,0,5,Support,0,NA_S1_RR_W1_D2_M3,1,Timeless
20,10217,5,19,24,0,4,0,9,Damage,1,NA_S1_RR_W1_D2_M3,1,NTMR
18,6628,0,21,909,0,5,1,6,Damage,1,NA_S1_RR_W1_D2_M3,1,NTMR
20,8921,2,57,7958,452,6,0,7,Tank,1,NA_S1_RR_W1_D2_M3,1,NTMR
19,4656,14,29,1834,5672,6,1,4,Support,1,NA_S1_RR_W1_D2_M3,1,NTMR
18,4681,21,18,0,12253,2,0,9,Support,1,NA_S1_RR_W1_D2_M3,1,NTMR
23,7784,0,93,0,0,7,0,10,Damage,1,NA_S1_RR_W1_D2_M3,2,Timeless
25,12220,2,42,363,0,7,1,13,Damage,1,NA_S1_RR_W1_D2_M3,2,Timeless
30,9075,6,95,5947,0,3,1,14,Tank,1,NA_S1_RR_W1_D2_M3,2,Timeless
23,9000,32,66,0,10639,1,0,4,Support,1,NA_S1_RR_W1_D2_M3,2,Timeless
15,4865,19,30,1129,10916,6,0,3,Support,1,NA_S1_RR_W1_D2_M3,2,Timeless
12,13463,4,57,367,101,9,0,5,Damage,0,NA_S1_RR_W1_D2_M3,2,NTMR
11,8806,0,76,354,0,9,0,6,Damage,0,NA_S1_RR_W1_D2_M3,2,NTMR
11,9728,0,57,11080,0,10,1,5,Tank,0,NA_S1_RR_W1_D2_M3,2,NTMR
13,5726,13,69,5628,9158,9,0,5,Support,0,NA_S1_RR_W1_D2_M3,2,NTMR
13,5353,12,14,1137,13056,7,0,3,Support,0,NA_S1_RR_W1_D2_M3,2,NTMR
26,10846,0,300,0,0,6,2,13,Damage,1,NA_S1_RR_W1_D2_M3,3,Timeless
25,16612,5,92,0,0,9,0,9,Damage,1,NA_S1_RR_W1_D2_M3,3,Timeless
27,18053,4,189,18248,0,5,1,10,Tank,1,NA_S1_RR_W1_D2_M3,3,Timeless
17,6127,24,151,6478,15461,7,0,5,Support,1,NA_S1_RR_W1_D2_M3,3,Timeless
27,6120,17,96,1782,19122,7,0,9,Support,1,NA_S1_RR_W1_D2_M3,3,Timeless
20,19390,4,32,0,0,8,1,13,Damage,0,NA_S1_RR_W1_D2_M3,3,NTMR
19,8913,0,180,0,0,12,1,9,Damage,0,NA_S1_RR_W1_D2_M3,3,NTMR
22,17669,5,134,20481,0,8,0,8,Tank,0,NA_S1_RR_W1_D2_M3,3,NTMR
12,6321,17,135,5933,14086,8,0,3,Support,0,NA_S1_RR_W1_D2_M3,3,NTMR
12,5871,18,78,1080,19237,10,0,1,Support,0,NA_S1_RR_W1_D2_M3,3,NTMR
19,6972,0,184,1983,0,8,0,5,Damage,0,NA_S1_RR_W1_D2_M3,4,Timeless
24,9073,6,75,0,0,7,0,8,Damage,0,NA_S1_RR_W1_D2_M3,4,Timeless
28,10554,2,184,8201,0,7,1,13,Tank,0,NA_S1_RR_W1_D2_M3,4,Timeless
22,4727,16,70,1805,6669,7,0,8,Support,0,NA_S1_RR_W1_D2_M3,4,Timeless
23,5044,24,67,0,11813,7,1,4,Support,0,NA_S1_RR_W1_D2_M3,4,Timeless
19,9724,1,51,0,0,8,0,6,Damage,1,NA_S1_RR_W1_D2_M3,4,NTMR
24,8192,0,55,3455,0,7,0,14,Damage,1,NA_S1_RR_W1_D2_M3,4,NTMR
20,9340,2,175,6861,0,8,1,10,Tank,1,NA_S1_RR_W1_D2_M3,4,NTMR
17,4140,20,128,1276,7361,8,0,3,Support,1,NA_S1_RR_W1_D2_M3,4,NTMR
16,3557,18,59,0,12524,7,0,3,Support,1,NA_S1_RR_W1_D2_M3,4,NTMR
28,8068,0,108,0,0,7,0,11,Damage,0,NA_S1_RR_W1_D2_M3,5,Timeless
28,9116,3,21,0,0,11,0,8,Damage,0,NA_S1_RR_W1_D2_M3,5,Timeless
28,11485,3,43,11086,0,7,0,11,Tank,0,NA_S1_RR_W1_D2_M3,5,Timeless
14,6096,10,36,732,7486,11,0,7,Support,0,NA_S1_RR_W1_D2_M3,5,Timeless
20,6203,16,35,0,11383,7,1,3,Support,0,NA_S1_RR_W1_D2_M3,5,Timeless
19,10643,3,52,0,0,12,1,6,Damage,1,NA_S1_RR_W1_D2_M3,5,NTMR
28,6981,0,142,0,0,7,2,11,Damage,1,NA_S1_RR_W1_D2_M3,5,NTMR
30,11939,2,139,6452,0,7,1,17,Tank,1,NA_S1_RR_W1_D2_M3,5,NTMR
17,6091,19,200,2323,7846,7,1,5,Support,1,NA_S1_RR_W1_D2_M3,5,NTMR
18,3865,17,116,0,11826,7,0,3,Support,1,NA_S1_RR_W1_D2_M3,5,NTMR
19,9921,4,78,329,75,7,1,8,Damage,0,NA_S1_RR_W1_D3_M1,1,Amplify
13,10547,0,71,0,765,9,1,9,Damage,0,NA_S1_RR_W1_D3_M1,1,Amplify
16,16496,15,143,7317,3103,7,0,5,Tank,0,NA_S1_RR_W1_D3_M1,1,Amplify
11,6599,9,69,2962,7251,11,0,3,Support,0,NA_S1_RR_W1_D3_M1,1,Amplify
11,3581,16,43,0,17143,8,0,0,Support,0,NA_S1_RR_W1_D3_M1,1,Amplify
27,14450,6,50,930,0,4,0,9,Damage,1,NA_S1_RR_W1_D3_M1,1,Shikigami
25,10354,0,99,1477,0,5,2,12,Damage,1,NA_S1_RR_W1_D3_M1,1,Shikigami
29,15184,12,151,8422,3288,5,0,13,Tank,1,NA_S1_RR_W1_D3_M1,1,Shikigami
25,5611,23,44,0,15267,4,0,4,Support,1,NA_S1_RR_W1_D3_M1,1,Shikigami
17,5567,27,63,5229,11226,7,0,3,Support,1,NA_S1_RR_W1_D3_M1,1,Shikigami
34,10909,10,42,0,368,8,1,8,Damage,1,NA_S1_RR_W1_D3_M1,2,Amplify
35,15914,5,57,0,443,6,1,16,Damage,1,NA_S1_RR_W1_D3_M1,2,Amplify
28,19113,17,101,9967,4619,5,1,12,Tank,1,NA_S1_RR_W1_D3_M1,2,Amplify
25,5500,33,99,8766,12040,7,0,6,Support,1,NA_S1_RR_W1_D3_M1,2,Amplify
16,4146,28,67,0,19469,8,0,2,Support,1,NA_S1_RR_W1_D3_M1,2,Amplify
26,16002,3,27,0,793,9,1,12,Damage,0,NA_S1_RR_W1_D3_M1,2,Shikigami
22,8913,1,91,910,72,8,1,6,Damage,0,NA_S1_RR_W1_D3_M1,2,Shikigami
19,16118,14,60,9728,4019,11,0,5,Tank,0,NA_S1_RR_W1_D3_M1,2,Shikigami
22,6448,18,37,0,15214,9,0,4,Support,0,NA_S1_RR_W1_D3_M1,2,Shikigami
19,7766,22,53,5740,11776,8,0,4,Support,0,NA_S1_RR_W1_D3_M1,2,Shikigami
25,10035,15,50,0,200,12,0,8,Damage,0,NA_S1_RR_W1_D3_M1,3,Amplify
24,12019,3,28,0,0,11,1,13,Damage,0,NA_S1_RR_W1_D3_M1,3,Amplify
20,10100,3,155,9975,0,9,0,8,Tank,0,NA_S1_RR_W1_D3_M1,3,Amplify
14,5450,19,99,1721,9123,10,0,3,Support,0,NA_S1_RR_W1_D3_M1,3,Amplify
11,4270,21,88,0,14369,9,0,3,Support,0,NA_S1_RR_W1_D3_M1,3,Amplify
30,11645,3,49,0,0,6,1,10,Damage,1,NA_S1_RR_W1_D3_M1,3,Shikigami
25,10966,0,186,2621,0,5,1,13,Damage,1,NA_S1_RR_W1_D3_M1,3,Shikigami
29,13399,6,137,15663,0,10,1,12,Tank,1,NA_S1_RR_W1_D3_M1,3,Shikigami
22,5251,27,128,3580,10081,8,1,10,Support,1,NA_S1_RR_W1_D3_M1,3,Shikigami
17,4555,22,19,1126,12045,6,1,6,Support,1,NA_S1_RR_W1_D3_M1,3,Shikigami
20,8807,0,82,1862,257,9,1,8,Damage,0,NA_S1_RR_W1_D3_M1,4,Amplify
15,9670,1,34,0,0,6,0,4,Damage,0,NA_S1_RR_W1_D3_M1,4,Amplify
19,13114,9,109,7901,3198,6,0,5,Tank,0,NA_S1_RR_W1_D3_M1,4,Amplify
15,5091,15,77,3355,8955,7,0,4,Support,0,NA_S1_RR_W1_D3_M1,4,Amplify
9,3094,17,31,0,14648,7,0,3,Support,0,NA_S1_RR_W1_D3_M1,4,Amplify
19,13851,1,62,0,0,6,0,8,Damage,1,NA_S1_RR_W1_D3_M1,4,Shikigami
22,9388,0,148,2743,0,5,0,11,Damage,1,NA_S1_RR_W1_D3_M1,4,Shikigami
24,12941,16,126,8534,2110,6,0,5,Tank,1,NA_S1_RR_W1_D3_M1,4,Shikigami
23,6292,17,110,2465,7849,5,0,9,Support,1,NA_S1_RR_W1_D3_M1,4,Shikigami
14,4193,27,42,0,13358,2,0,2,Support,1,NA_S1_RR_W1_D3_M1,4,Shikigami
20,8243,0,45,700,0,1,0,12,Damage,1,NA_S1_RR_W1_D3_M2,1,SpaceStation
17,8982,3,24,381,0,6,0,4,Damage,1,NA_S1_RR_W1_D3_M2,1,SpaceStation
15,8313,4,81,7954,0,1,0,6,Tank,1,NA_S1_RR_W1_D3_M2,1,SpaceStation
9,2682,15,18,0,14073,1,0,2,Support,1,NA_S1_RR_W1_D3_M2,1,SpaceStation
14,4926,13,34,2029,7561,1,0,4,Support,1,NA_S1_RR_W1_D3_M2,1,SpaceStation
3,9250,0,14,137,0,6,0,1,Damage,0,NA_S1_RR_W1_D3_M2,1,Team Liquid
6,5991,0,68,393,0,6,0,3,Damage,0,NA_S1_RR_W1_D3_M2,1,Team Liquid
10,9454,3,71,7401,0,6,1,5,Tank,0,NA_S1_RR_W1_D3_M2,1,Team Liquid
8,3016,8,7,0,10536,3,0,1,Support,0,NA_S1_RR_W1_D3_M2,1,Team Liquid
5,4188,4,57,3061,5673,7,0,0,Support,0,NA_S1_RR_W1_D3_M2,1,Team Liquid
12,10028,0,48,234,0,9,2,10,Damage,0,NA_S1_RR_W1_D3_M2,2,SpaceStation
11,13793,1,25,348,0,10,0,4,Damage,0,NA_S1_RR_W1_D3_M2,2,SpaceStation
13,10834,5,97,19011,0,8,0,1,Tank,0,NA_S1_RR_W1_D3_M2,2,SpaceStation
9,7360,9,30,0,15509,6,0,3,Support,0,NA_S1_RR_W1_D3_M2,2,SpaceStation
7,5833,9,55,2140,9155,7,0,3,Support,0,NA_S1_RR_W1_D3_M2,2,SpaceStation
28,14801,2,46,60,0,6,2,14,Damage,1,NA_S1_RR_W1_D3_M2,2,Team Liquid
26,8538,0,105,0,0,4,1,13,Damage,1,NA_S1_RR_W1_D3_M2,2,Team Liquid
26,10618,13,140,6782,0,2,0,7,Tank,1,NA_S1_RR_W1_D3_M2,2,Team Liquid
13,5415,17,84,734,11157,6,0,2,Support,1,NA_S1_RR_W1_D3_M2,2,Team Liquid
17,8179,23,58,613,9008,3,0,4,Support,1,NA_S1_RR_W1_D3_M2,2,Team Liquid
11,5628,0,60,577,0,6,0,2,Damage,0,NA_S1_RR_W1_D3_M2,3,SpaceStation
5,7945,2,3,272,0,9,0,2,Damage,0,NA_S1_RR_W1_D3_M2,3,SpaceStation
11,8045,1,47,7095,0,6,0,5,Tank,0,NA_S1_RR_W1_D3_M2,3,SpaceStation
7,4534,6,13,0,10470,7,0,2,Support,0,NA_S1_RR_W1_D3_M2,3,SpaceStation
6,4152,6,25,1912,7261,4,0,3,Support,0,NA_S1_RR_W1_D3_M2,3,SpaceStation
21,8556,3,13,0,0,4,0,10,Damage,1,NA_S1_RR_W1_D3_M2,3,Team Liquid
24,7143,0,26,662,0,3,0,6,Damage,1,NA_S1_RR_W1_D3_M2,3,Team Liquid
22,9408,4,57,7963,0,3,0,10,Tank,1,NA_S1_RR_W1_D3_M2,3,Team Liquid
11,3882,21,28,0,9475,2,0,3,Support,1,NA_S1_RR_W1_D3_M2,3,Team Liquid
15,4792,22,39,2158,7165,2,0,1,Support,1,NA_S1_RR_W1_D3_M2,3,Team Liquid
18,4612,0,19,468,0,0,1,11,Damage,1,NA_S1_RR_W1_D3_M2,4,SpaceStation
15,5523,2,10,0,0,1,0,7,Damage,1,NA_S1_RR_W1_D3_M2,4,SpaceStation
12,4490,2,30,1876,0,0,0,2,Tank,1,NA_S1_RR_W1_D3_M2,4,SpaceStation
9,1181,12,10,0,6199,0,0,0,Support,1,NA_S1_RR_W1_D3_M2,4,SpaceStation
10,2162,14,7,1191,4416,0,0,2,Support,1,NA_S1_RR_W1_D3_M2,4,SpaceStation
0,3505,0,9,0,0,5,0,0,Damage,0,NA_S1_RR_W1_D3_M2,4,Team Liquid
0,2816,0,40,530,0,3,0,0,Damage,0,NA_S1_RR_W1_D3_M2,4,Team Liquid
1,4075,0,40,3692,0,3,0,1,Tank,0,NA_S1_RR_W1_D3_M2,4,Team Liquid
1,1819,1,6,223,3151,6,0,0,Support,0,NA_S1_RR_W1_D3_M2,4,Team Liquid
1,1877,1,4,897,2355,5,0,0,Support,0,NA_S1_RR_W1_D3_M2,4,Team Liquid
30,16237,0,116,1729,0,11,1,20,Damage,0,NA_S1_RR_W1_D3_M2,5,SpaceStation
24,16017,1,74,195,0,15,0,10,Damage,0,NA_S1_RR_W1_D3_M2,5,SpaceStation
29,14997,8,177,22530,0,14,0,3,Tank,0,NA_S1_RR_W1_D3_M2,5,SpaceStation
17,9633,29,111,0,20043,8,0,7,Support,0,NA_S1_RR_W1_D3_M2,5,SpaceStation
20,8478,25,147,3704,11459,12,0,4,Support,0,NA_S1_RR_W1_D3_M2,5,SpaceStation
39,19119,5,55,150,0,9,1,15,Damage,1,NA_S1_RR_W1_D3_M2,5,Team Liquid
38,13269,0,147,0,0,9,1,18,Damage,1,NA_S1_RR_W1_D3_M2,5,Team Liquid
43,18450,17,153,11603,0,5,2,15,Tank,1,NA_S1_RR_W1_D3_M2,5,Team Liquid
26,8702,34,74,0,14944,12,0,7,Support,1,NA_S1_RR_W1_D3_M2,5,Team Liquid
26,6252,43,147,8921,13427,9,0,5,Support,1,NA_S1_RR_W1_D3_M2,5,Team Liquid
10,8328,0,27,2634,0,7,0,8,Damage,0,NA_S1_RR_W2_D1_M1,1,Shikigami
6,5717,1,18,246,18,7,0,1,Damage,0,NA_S1_RR_W2_D1_M1,1,Shikigami
6,7924,6,37,5243,612,7,0,0,Tank,0,NA_S1_RR_W2_D1_M1,1,Shikigami
7,2513,7,11,0,7699,4,0,1,Support,0,NA_S1_RR_W2_D1_M1,1,Shikigami
1,2982,6,15,1758,7300,6,0,0,Support,0,NA_S1_RR_W2_D1_M1,1,Shikigami
26,9540,3,28,793,0,1,0,10,Damage,1,NA_S1_RR_W2_D1_M1,1,Timeless
17,6990,4,6,10,0,5,1,9,Damage,1,NA_S1_RR_W2_D1_M1,1,Timeless
22,8240,7,43,5499,0,2,0,4,Tank,1,NA_S1_RR_W2_D1_M1,1,Timeless
16,3400,14,26,1397,5798,2,0,4,Support,1,NA_S1_RR_W2_D1_M1,1,Timeless
14,3349,20,5,560,12838,1,0,2,Support,1,NA_S1_RR_W2_D1_M1,1,Timeless
4,5750,0,23,677,0,10,0,0,Damage,0,NA_S1_RR_W2_D1_M1,2,Shikigami
5,8286,0,13,932,0,8,1,3,Damage,0,NA_S1_RR_W2_D1_M1,2,Shikigami
5,9404,1,75,15614,305,8,1,3,Tank,0,NA_S1_RR_W2_D1_M1,2,Shikigami
6,3591,5,77,5588,8715,6,0,3,Support,0,NA_S1_RR_W2_D1_M1,2,Shikigami
4,3464,5,27,797,10055,8,0,2,Support,0,NA_S1_RR_W2_D1_M1,2,Shikigami
18,9155,1,42,678,0,4,1,7,Damage,1,NA_S1_RR_W2_D1_M1,2,Timeless
29,12697,3,20,0,0,3,1,15,Damage,1,NA_S1_RR_W2_D1_M1,2,Timeless
26,7390,11,83,11276,347,1,0,5,Tank,1,NA_S1_RR_W2_D1_M1,2,Timeless
20,5768,11,112,1147,6906,1,2,7,Support,1,NA_S1_RR_W2_D1_M1,2,Timeless
18,5092,18,89,0,12500,2,1,5,Support,1,NA_S1_RR_W2_D1_M1,2,Timeless
15,10226,5,66,2149,13,7,0,7,Damage,0,NA_S1_RR_W2_D1_M1,3,Shikigami
11,7851,1,44,1042,0,8,1,3,Damage,0,NA_S1_RR_W2_D1_M1,3,Shikigami
13,13259,6,154,6787,2726,4,0,6,Tank,0,NA_S1_RR_W2_D1_M1,3,Shikigami
9,4692,12,34,0,12311,7,0,1,Support,0,NA_S1_RR_W2_D1_M1,3,Shikigami
7,2437,10,42,3179,8996,7,0,2,Support,0,NA_S1_RR_W2_D1_M1,3,Shikigami
21,8488,0,107,329,0,6,0,7,Damage,1,NA_S1_RR_W2_D1_M1,3,Timeless
15,11339,1,101,684,0,4,1,8,Damage,1,NA_S1_RR_W2_D1_M1,3,Timeless
22,11081,5,199,6872,0,3,0,7,Tank,1,NA_S1_RR_W2_D1_M1,3,Timeless
19,5300,13,86,3061,6962,3,0,7,Support,1,NA_S1_RR_W2_D1_M1,3,Timeless
22,5164,21,73,0,16005,3,0,4,Support,1,NA_S1_RR_W2_D1_M1,3,Timeless
6,5488,0,21,704,0,3,0,4,Damage,0,NA_S1_RR_W2_D1_M2,1,Amplify
8,7137,2,13,1278,0,8,0,2,Damage,0,NA_S1_RR_W2_D1_M2,1,Amplify
6,6046,7,35,3852,1928,8,0,1,Tank,0,NA_S1_RR_W2_D1_M2,1,Amplify
5,2809,5,22,2345,4848,9,0,1,Support,0,NA_S1_RR_W2_D1_M2,1,Amplify
2,2036,8,14,0,8942,6,0,0,Support,0,NA_S1_RR_W2_D1_M2,1,Amplify
29,10086,0,27,2789,0,2,2,11,Damage,1,NA_S1_RR_W2_D1_M2,1,SpaceStation
28,10373,4,13,0,0,3,1,12,Damage,1,NA_S1_RR_W2_D1_M2,1,SpaceStation
20,5966,13,16,3803,777,2,0,5,Tank,1,NA_S1_RR_W2_D1_M2,1,SpaceStation
19,4691,18,39,1071,4441,1,0,1,Support,1,NA_S1_RR_W2_D1_M2,1,SpaceStation
17,3416,19,32,0,10603,0,0,2,Support,1,NA_S1_RR_W2_D1_M2,1,SpaceStation
27,12523,3,38,1486,0,9,0,13,Damage,1,NA_S1_RR_W2_D1_M2,2,Amplify
32,11352,14,50,0,308,11,1,7,Damage,1,NA_S1_RR_W2_D1_M2,2,Amplify
31,17485,9,143,15536,707,7,0,11,Tank,1,NA_S1_RR_W2_D1_M2,2,Amplify
21,7720,23,57,4079,8404,10,0,4,Support,1,NA_S1_RR_W2_D1_M2,2,Amplify
21,4128,24,27,0,24048,8,0,4,Support,1,NA_S1_RR_W2_D1_M2,2,Amplify
29,11187,0,58,1949,0,11,3,11,Damage,0,NA_S1_RR_W2_D1_M2,2,SpaceStation
28,16128,1,48,348,0,10,2,15,Damage,0,NA_S1_RR_W2_D1_M2,2,SpaceStation
23,18107,10,111,22692,471,7,0,4,Tank,0,NA_S1_RR_W2_D1_M2,2,SpaceStation
16,6381,19,53,6139,11056,6,0,7,Support,0,NA_S1_RR_W2_D1_M2,2,SpaceStation
31,8776,21,30,171,18409,8,0,8,Support,0,NA_S1_RR_W2_D1_M2,2,SpaceStation
2,2060,0,54,260,0,3,0,1,Damage,0,NA_S1_RR_W2_D1_M2,3,Amplify
4,4388,0,18,1261,0,4,2,3,Damage,0,NA_S1_RR_W2_D1_M2,3,Amplify
1,4847,0,107,2332,0,3,0,1,Tank,0,NA_S1_RR_W2_D1_M2,3,Amplify
1,1224,3,0,0,7212,3,0,0,Support,0,NA_S1_RR_W2_D1_M2,3,Amplify
1,1293,1,6,402,7960,5,0,0,Support,0,NA_S1_RR_W2_D1_M2,3,Amplify
10,4411,0,24,0,0,1,0,5,Damage,1,NA_S1_RR_W2_D1_M2,3,SpaceStation
9,8260,3,25,0,0,1,0,3,Damage,1,NA_S1_RR_W2_D1_M2,3,SpaceStation
9,7322,0,58,7150,0,1,0,6,Tank,1,NA_S1_RR_W2_D1_M2,3,SpaceStation
8,2936,4,17,628,2193,1,0,3,Support,1,NA_S1_RR_W2_D1_M2,3,SpaceStation
4,2532,6,3,984,5960,1,1,1,Support,1,NA_S1_RR_W2_D1_M2,3,SpaceStation
2,3678,0,41,180,0,6,0,0,Damage,0,NA_S1_RR_W2_D1_M2,4,Amplify
2,4095,1,45,1296,287,6,0,1,Damage,0,NA_S1_RR_W2_D1_M2,4,Amplify
3,4469,1,60,5162,412,6,0,2,Tank,0,NA_S1_RR_W2_D1_M2,4,Amplify
0,1999,2,38,0,6306,6,0,0,Support,0,NA_S1_RR_W2_D1_M2,4,Amplify
0,2404,2,40,1012,3810,6,0,0,Support,0,NA_S1_RR_W2_D1_M2,4,Amplify
20,4705,0,27,0,0,0,0,5,Damage,1,NA_S1_RR_W2_D1_M2,4,SpaceStation
23,7835,3,15,0,0,1,0,13,Damage,1,NA_S1_RR_W2_D1_M2,4,SpaceStation
19,5533,7,18,5873,0,1,0,1,Tank,1,NA_S1_RR_W2_D1_M2,4,SpaceStation
16,3169,14,18,957,2667,1,0,7,Support,1,NA_S1_RR_W2_D1_M2,4,SpaceStation
17,3282,13,6,0,6892,0,0,4,Support,1,NA_S1_RR_W2_D1_M2,4,SpaceStation
9,4394,1,17,394,0,8,2,6,Damage,0,NA_S1_RR_W2_D2_M1,1,Amplify
8,5604,0,25,1316,570,8,0,4,Damage,0,NA_S1_RR_W2_D2_M1,1,Amplify
8,7576,1,68,7482,300,7,0,1,Tank,0,NA_S1_RR_W2_D2_M1,1,Amplify
5,3008,6,30,1774,4781,8,0,1,Support,0,NA_S1_RR_W2_D2_M1,1,Amplify
4,1538,6,9,0,10142,7,0,0,Support,0,NA_S1_RR_W2_D2_M1,1,Amplify
22,9960,2,18,0,0,3,0,9,Damage,1,NA_S1_RR_W2_D2_M1,1,NTMR
24,9580,2,22,492,0,3,0,13,Damage,1,NA_S1_RR_W2_D2_M1,1,NTMR
24,8304,8,58,6140,0,2,2,6,Tank,1,NA_S1_RR_W2_D2_M1,1,NTMR
16,3895,15,52,1678,3894,2,0,5,Support,1,NA_S1_RR_W2_D2_M1,1,NTMR
18,3370,15,17,0,8372,3,0,4,Support,1,NA_S1_RR_W2_D2_M1,1,NTMR
28,11066,4,64,326,0,16,3,10,Damage,0,NA_S1_RR_W2_D2_M1,2,Amplify
24,11437,0,181,2934,109,15,1,13,Damage,0,NA_S1_RR_W2_D2_M1,2,Amplify
32,18722,17,310,10150,2521,11,2,13,Tank,0,NA_S1_RR_W2_D2_M1,2,Amplify
31,7107,26,213,2385,10944,13,0,5,Support,0,NA_S1_RR_W2_D2_M1,2,Amplify
18,3223,23,146,0,21434,13,0,6,Support,0,NA_S1_RR_W2_D2_M1,2,Amplify
46,20382,7,46,0,0,9,3,19,Damage,1,NA_S1_RR_W2_D2_M1,2,NTMR
43,15683,0,154,2887,0,9,0,22,Damage,1,NA_S1_RR_W2_D2_M1,2,NTMR
41,20197,7,274,25899,0,9,1,16,Tank,1,NA_S1_RR_W2_D2_M1,2,NTMR
33,6472,29,265,2127,9526,10,0,8,Support,1,NA_S1_RR_W2_D2_M1,2,NTMR
30,8629,33,95,1615,18014,10,0,3,Support,1,NA_S1_RR_W2_D2_M1,2,NTMR
21,11147,0,27,1413,0,9,1,14,Damage,0,NA_S1_RR_W2_D2_M1,3,Amplify
27,9399,10,32,0,387,9,2,10,Damage,0,NA_S1_RR_W2_D2_M1,3,Amplify
25,10972,15,70,4131,2488,8,0,8,Tank,0,NA_S1_RR_W2_D2_M1,3,Amplify
14,4079,21,33,2072,5347,9,0,2,Support,0,NA_S1_RR_W2_D2_M1,3,Amplify
18,2738,19,15,0,11236,10,0,1,Support,0,NA_S1_RR_W2_D2_M1,3,Amplify
29,11143,15,11,0,526,7,2,10,Damage,1,NA_S1_RR_W2_D2_M1,3,NTMR
26,11221,3,53,1076,763,7,2,13,Damage,1,NA_S1_RR_W2_D2_M1,3,NTMR
27,9310,4,49,7102,600,9,0,10,Tank,1,NA_S1_RR_W2_D2_M1,3,NTMR
24,5975,17,53,2437,4858,7,1,9,Support,1,NA_S1_RR_W2_D2_M1,3,NTMR
13,4810,20,14,2012,10253,5,0,1,Support,1,NA_S1_RR_W2_D2_M1,3,NTMR
27,13350,5,94,13140,0,13,0,8,Damage,0,NA_S1_RR_W2_D2_M2,1,Avidity
28,17935,0,104,1044,976,12,0,10,Damage,0,NA_S1_RR_W2_D2_M2,1,Avidity
27,13480,20,115,9369,3286,15,1,7,Tank,0,NA_S1_RR_W2_D2_M2,1,Avidity
25,6949,20,70,0,21660,10,0,8,Support,0,NA_S1_RR_W2_D2_M2,1,Avidity
23,9679,24,126,3456,9915,10,0,5,Support,0,NA_S1_RR_W2_D2_M2,1,Avidity
39,16533,4,87,2050,0,10,1,17,Damage,1,NA_S1_RR_W2_D2_M2,1,SpaceStation
45,17402,18,129,5900,197,8,2,9,Damage,1,NA_S1_RR_W2_D2_M2,1,SpaceStation
41,19016,14,184,12961,1949,7,0,18,Tank,1,NA_S1_RR_W2_D2_M2,1,SpaceStation
34,10110,32,119,3425,9247,8,1,5,Support,1,NA_S1_RR_W2_D2_M2,1,SpaceStation
33,8210,37,64,693,20365,8,1,3,Support,1,NA_S1_RR_W2_D2_M2,1,SpaceStation
22,10159,0,30,3311,0,13,0,10,Damage,0,NA_S1_RR_W2_D2_M2,2,Avidity
20,15186,0,23,1192,0,10,1,10,Damage,0,NA_S1_RR_W2_D2_M2,2,Avidity
24,9230,9,82,7919,0,7,1,6,Tank,0,NA_S1_RR_W2_D2_M2,2,Avidity
16,7440,19,63,0,8936,11,0,4,Support,0,NA_S1_RR_W2_D2_M2,2,Avidity
17,7748,12,59,2574,7292,8,1,7,Support,0,NA_S1_RR_W2_D2_M2,2,Avidity
29,15790,0,54,936,0,8,1,12,Damage,1,NA_S1_RR_W2_D2_M2,2,SpaceStation
22,10429,3,37,5236,177,12,0,5,Damage,1,NA_S1_RR_W2_D2_M2,2,SpaceStation
28,12888,8,99,6152,0,3,2,13,Tank,1,NA_S1_RR_W2_D2_M2,2,SpaceStation
26,7512,22,47,2480,6360,8,0,8,Support,1,NA_S1_RR_W2_D2_M2,2,SpaceStation
26,8225,19,21,821,10489,7,1,10,Support,1,NA_S1_RR_W2_D2_M2,2,SpaceStation
4,3785,0,40,1755,0,5,0,4,Damage,0,NA_S1_RR_W2_D2_M2,3,Avidity
6,4698,1,32,43,0,6,0,2,Damage,0,NA_S1_RR_W2_D2_M2,3,Avidity
6,4354,2,49,6612,806,6,0,3,Tank,0,NA_S1_RR_W2_D2_M2,3,Avidity
6,3073,5,44,0,8442,5,0,1,Support,0,NA_S1_RR_W2_D2_M2,3,Avidity
5,3230,4,48,802,4401,6,0,2,Support,0,NA_S1_RR_W2_D2_M2,3,Avidity
20,7035,0,7,1235,0,1,1,11,Damage,1,NA_S1_RR_W2_D2_M2,3,SpaceStation
14,5638,2,27,0,0,3,1,3,Damage,1,NA_S1_RR_W2_D2_M2,3,SpaceStation
15,8391,6,24,5006,0,2,1,6,Tank,1,NA_S1_RR_W2_D2_M2,3,SpaceStation
13,3089,11,10,658,3199,2,0,4,Support,1,NA_S1_RR_W2_D2_M2,3,SpaceStation
13,2510,15,12,0,8291,4,0,4,Support,1,NA_S1_RR_W2_D2_M2,3,SpaceStation
10,6836,2,36,563,0,6,2,4,Damage,0,NA_S1_RR_W2_D2_M3,1,Rad
6,7116,2,24,0,0,7,0,1,Damage,0,NA_S1_RR_W2_D2_M3,1,Rad
9,7028,1,84,7122,0,7,0,6,Tank,0,NA_S1_RR_W2_D2_M3,1,Rad
7,3200,5,32,830,4180,5,0,2,Support,0,NA_S1_RR_W2_D2_M3,1,Rad
6,2984,11,25,0,8420,6,0,1,Support,0,NA_S1_RR_W2_D2_M3,1,Rad
17,7745,1,28,1081,0,6,0,5,Damage,1,NA_S1_RR_W2_D2_M3,1,Team Liquid
20,4978,0,30,38,0,4,1,6,Damage,1,NA_S1_RR_W2_D2_M3,1,Team Liquid
23,6506,8,75,4009,0,1,0,6,Tank,1,NA_S1_RR_W2_D2_M3,1,Team Liquid
13,3547,10,4,1394,6695,2,0,6,Support,1,NA_S1_RR_W2_D2_M3,1,Team Liquid
14,3301,10,41,408,3239,4,1,3,Support,1,NA_S1_RR_W2_D2_M3,1,Team Liquid
25,13449,2,64,1637,9,13,3,13,Damage,0,NA_S1_RR_W2_D2_M3,2,Rad
26,16289,4,52,144,0,15,2,14,Damage,0,NA_S1_RR_W2_D2_M3,2,Rad
27,15104,10,248,12657,1021,10,0,10,Tank,0,NA_S1_RR_W2_D2_M3,2,Rad
18,8092,16,127,3013,7795,13,1,6,Support,0,NA_S1_RR_W2_D2_M3,2,Rad
18,7175,26,76,0,17994,12,0,2,Support,0,NA_S1_RR_W2_D2_M3,2,Rad
38,16150,4,75,992,222,11,2,15,Damage,1,NA_S1_RR_W2_D2_M3,2,Team Liquid
39,11671,0,107,198,347,11,2,19,Damage,1,NA_S1_RR_W2_D2_M3,2,Team Liquid
46,17095,20,219,8792,1259,7,0,17,Tank,1,NA_S1_RR_W2_D2_M3,2,Team Liquid
18,6952,37,129,246,14385,8,0,4,Support,1,NA_S1_RR_W2_D2_M3,2,Team Liquid
27,7389,24,95,1193,8742,10,0,7,Support,1,NA_S1_RR_W2_D2_M3,2,Team Liquid
7,8095,1,25,2279,0,7,0,5,Damage,0,NA_S1_RR_W2_D2_M3,3,Rad
6,7436,1,4,0,0,9,4,5,Damage,0,NA_S1_RR_W2_D2_M3,3,Rad
5,5897,1,95,9908,156,8,0,1,Tank,0,NA_S1_RR_W2_D2_M3,3,Rad
2,3133,6,7,3882,8448,9,0,1,Support,0,NA_S1_RR_W2_D2_M3,3,Rad
2,2763,3,5,474,10376,8,0,0,Support,0,NA_S1_RR_W2_D2_M3,3,Rad
19,10076,1,117,900,0,2,0,8,Damage,1,NA_S1_RR_W2_D2_M3,3,Team Liquid
22,8848,0,171,754,0,3,1,12,Damage,1,NA_S1_RR_W2_D2_M3,3,Team Liquid
22,9084,6,66,3221,0,2,4,11,Tank,1,NA_S1_RR_W2_D2_M3,3,Team Liquid
15,3385,14,37,862,7338,3,0,3,Support,1,NA_S1_RR_W2_D2_M3,3,Team Liquid
14,5599,23,26,385,5756,2,1,7,Support,1,NA_S1_RR_W2_D2_M3,3,Team Liquid
10,6481,0,61,355,0,6,1,5,Damage,0,NA_S1_RR_W2_D3_M1,1,Rad
13,6748,0,42,0,0,6,0,6,Damage,0,NA_S1_RR_W2_D3_M1,1,Rad
13,7859,4,107,5500,1305,6,0,4,Tank,0,NA_S1_RR_W2_D3_M1,1,Rad
10,3792,10,35,1364,5840,4,0,4,Support,0,NA_S1_RR_W2_D3_M1,1,Rad
12,1915,10,39,0,6983,6,0,1,Support,0,NA_S1_RR_W2_D3_M1,1,Rad
15,6415,0,39,0,0,5,0,6,Damage,1,NA_S1_RR_W2_D3_M1,1,Avidity
18,6680,2,44,0,0,4,0,7,Damage,1,NA_S1_RR_W2_D3_M1,1,Avidity
16,6863,2,54,8820,0,5,0,9,Tank,1,NA_S1_RR_W2_D3_M1,1,Avidity
12,3945,16,58,0,10643,4,0,1,Support,1,NA_S1_RR_W2_D3_M1,1,Avidity
13,5633,8,80,751,3179,2,0,5,Support,1,NA_S1_RR_W2_D3_M1,1,Avidity
14,11244,1,34,1839,0,7,0,6,Damage,0,NA_S1_RR_W2_D3_M1,2,Rad
15,8820,2,27,549,0,11,1,9,Damage,0,NA_S1_RR_W2_D3_M1,2,Rad
14,9193,8,140,8356,262,7,1,2,Tank,0,NA_S1_RR_W2_D3_M1,2,Rad
7,4115,11,34,2289,5236,11,0,3,Support,0,NA_S1_RR_W2_D3_M1,2,Rad
7,5464,12,33,0,10707,8,0,4,Support,0,NA_S1_RR_W2_D3_M1,2,Rad
17,7126,3,29,6050,0,9,0,6,Damage,1,NA_S1_RR_W2_D3_M1,2,Avidity
23,11998,3,53,861,0,5,0,7,Damage,1,NA_S1_RR_W2_D3_M1,2,Avidity
34,9641,7,53,4985,0,2,0,13,Tank,1,NA_S1_RR_W2_D3_M1,2,Avidity
23,6655,28,71,179,8458,3,0,6,Support,1,NA_S1_RR_W2_D3_M1,2,Avidity
23,6024,17,82,890,5102,5,0,9,Support,1,NA_S1_RR_W2_D3_M1,2,Avidity
20,12712,9,38,303,0,9,0,10,Damage,0,NA_S1_RR_W2_D3_M1,3,Rad
25,8657,1,53,453,103,9,0,9,Damage,0,NA_S1_RR_W2_D3_M1,3,Rad
25,11885,9,159,9946,1846,7,0,10,Tank,0,NA_S1_RR_W2_D3_M1,3,Rad
15,4016,17,46,733,6973,9,0,4,Support,0,NA_S1_RR_W2_D3_M1,3,Rad
14,4386,23,89,426,13968,8,0,2,Support,0,NA_S1_RR_W2_D3_M1,3,Rad
29,8944,1,97,6056,7,7,0,12,Damage,1,NA_S1_RR_W2_D3_M1,3,Avidity
26,12359,4,64,968,0,7,1,11,Damage,1,NA_S1_RR_W2_D3_M1,3,Avidity
26,12153,17,124,5130,1576,7,0,7,Tank,1,NA_S1_RR_W2_D3_M1,3,Avidity
21,4351,23,75,0,13338,7,0,7,Support,1,NA_S1_RR_W2_D3_M1,3,Avidity
21,6392,22,164,1259,5602,7,0,5,Support,1,NA_S1_RR_W2_D3_M1,3,Avidity
21,5871,0,23,339,0,3,0,13,Damage,1,NA_S1_RR_W2_D3_M2,1,Team Liquid
16,5333,7,18,177,2,3,3,5,Damage,1,NA_S1_RR_W2_D3_M2,1,Team Liquid
23,6400,11,32,2339,0,1,1,6,Tank,1,NA_S1_RR_W2_D3_M2,1,Team Liquid
15,3973,7,3,109,2680,1,2,6,Support,1,NA_S1_RR_W2_D3_M2,1,Team Liquid
14,3008,10,20,205,2456,1,0,2,Support,1,NA_S1_RR_W2_D3_M2,1,Team Liquid
4,3181,0,5,426,0,7,2,3,Damage,0,NA_S1_RR_W2_D3_M2,1,Shikigami
3,4146,0,16,200,0,8,2,1,Damage,0,NA_S1_RR_W2_D3_M2,1,Shikigami
5,3933,1,41,3049,0,6,0,1,Tank,0,NA_S1_RR_W2_D3_M2,1,Shikigami
2,2382,2,9,266,2485,6,0,0,Support,0,NA_S1_RR_W2_D3_M2,1,Shikigami
2,3245,2,6,171,4893,7,0,1,Support,0,NA_S1_RR_W2_D3_M2,1,Shikigami
24,6824,2,14,878,27,5,0,12,Damage,1,NA_S1_RR_W2_D3_M2,2,Team Liquid
26,7384,0,35,737,1,3,0,12,Damage,1,NA_S1_RR_W2_D3_M2,2,Team Liquid
23,6496,7,53,4485,0,0,0,8,Tank,1,NA_S1_RR_W2_D3_M2,2,Team Liquid
11,3831,20,3,1044,6417,3,0,1,Support,1,NA_S1_RR_W2_D3_M2,2,Team Liquid
16,5068,16,33,1764,4199,1,0,4,Support,1,NA_S1_RR_W2_D3_M2,2,Team Liquid
9,6501,1,12,76,417,10,0,4,Damage,0,NA_S1_RR_W2_D3_M2,2,Shikigami
5,5435,0,40,595,0,8,0,1,Damage,0,NA_S1_RR_W2_D3_M2,2,Shikigami
12,8179,2,29,3825,1046,6,0,6,Tank,0,NA_S1_RR_W2_D3_M2,2,Shikigami
7,3825,5,31,0,5360,7,0,0,Support,0,NA_S1_RR_W2_D3_M2,2,Shikigami
5,3529,9,14,3098,6694,7,0,0,Support,0,NA_S1_RR_W2_D3_M2,2,Shikigami
12,4912,0,12,449,0,4,0,4,Damage,1,NA_S1_RR_W2_D3_M2,3,Team Liquid
16,5062,5,19,1018,41,1,0,5,Damage,1,NA_S1_RR_W2_D3_M2,3,Team Liquid
14,5965,5,36,2631,0,1,0,5,Tank,1,NA_S1_RR_W2_D3_M2,3,Team Liquid
15,2653,8,15,442,6877,1,0,7,Support,1,NA_S1_RR_W2_D3_M2,3,Team Liquid
11,2891,10,20,470,3060,0,0,0,Support,1,NA_S1_RR_W2_D3_M2,3,Team Liquid
6,4527,2,26,0,0,5,0,3,Damage,0,NA_S1_RR_W2_D3_M2,3,Shikigami
2,2943,0,61,411,0,4,0,0,Damage,0,NA_S1_RR_W2_D3_M2,3,Shikigami
4,4430,2,43,4364,236,4,0,1,Tank,0,NA_S1_RR_W2_D3_M2,3,Shikigami
3,1869,1,43,1015,2751,4,0,2,Support,0,NA_S1_RR_W2_D3_M2,3,Shikigami
5,2021,5,20,0,6863,4,0,1,Support,0,NA_S1_RR_W2_D3_M2,3,Shikigami
4,5125,0,15,0,0,6,0,2,Damage,0,NA_S1_RR_W4_D2_M1,1,Avidity
6,6666,0,40,0,0,6,0,4,Damage,0,NA_S1_RR_W4_D2_M1,1,Avidity
7,6599,1,24,4309,200,9,1,1,Tank,0,NA_S1_RR_W4_D2_M1,1,Avidity
7,3604,3,3,254,4221,6,0,1,Support,0,NA_S1_RR_W4_D2_M1,1,Avidity
5,3994,4,27,453,4034,5,0,0,Support,0,NA_S1_RR_W4_D2_M1,1,Avidity
19,9509,0,16,0,0,2,2,10,Damage,1,NA_S1_RR_W4_D2_M1,1,Team Liquid
19,7570,0,39,0,0,0,1,8,Damage,1,NA_S1_RR_W4_D2_M1,1,Team Liquid
16,6141,6,31,3482,0,3,1,5,Tank,1,NA_S1_RR_W4_D2_M1,1,Team Liquid
12,3997,10,3,319,6442,3,0,2,Support,1,NA_S1_RR_W4_D2_M1,1,Team Liquid
13,3964,7,39,179,3324,3,0,4,Support,1,NA_S1_RR_W4_D2_M1,1,Team Liquid
9,7270,0,22,845,0,4,1,5,Damage,0,NA_S1_RR_W4_D2_M1,2,Avidity
7,8673,1,45,1023,48,5,0,2,Damage,0,NA_S1_RR_W4_D2_M1,2,Avidity
10,8607,2,119,14396,1046,5,1,8,Tank,0,NA_S1_RR_W4_D2_M1,2,Avidity
7,5184,10,22,0,13918,5,2,4,Support,0,NA_S1_RR_W4_D2_M1,2,Avidity
4,4850,6,28,2220,7428,3,0,0,Support,0,NA_S1_RR_W4_D2_M1,2,Avidity
11,11116,0,40,614,0,3,0,5,Damage,1,NA_S1_RR_W4_D2_M1,2,Team Liquid
12,8262,0,111,0,0,4,0,5,Damage,1,NA_S1_RR_W4_D2_M1,2,Team Liquid
17,11756,3,137,12926,789,4,0,8,Tank,1,NA_S1_RR_W4_D2_M1,2,Team Liquid
6,4133,11,41,1748,13597,4,0,3,Support,1,NA_S1_RR_W4_D2_M1,2,Team Liquid
9,4071,13,73,816,5484,4,0,1,Support,1,NA_S1_RR_W4_D2_M1,2,Team Liquid
31,18148,0,63,449,0,19,4,17,Damage,0,NA_S1_RR_W4_D2_M1,3,Avidity
36,16631,0,131,0,0,15,1,18,Damage,0,NA_S1_RR_W4_D2_M1,3,Avidity
32,18499,6,287,31340,420,16,2,11,Tank,0,NA_S1_RR_W4_D2_M1,3,Avidity
26,11212,27,88,0,22045,16,0,10,Support,0,NA_S1_RR_W4_D2_M1,3,Avidity
23,9979,24,215,2934,11489,16,0,2,Support,0,NA_S1_RR_W4_D2_M1,3,Avidity
50,19549,2,58,423,0,13,1,17,Damage,1,NA_S1_RR_W4_D2_M1,3,Team Liquid
47,19130,1,221,2397,230,13,1,26,Damage,1,NA_S1_RR_W4_D2_M1,3,Team Liquid
53,21534,17,300,14026,0,11,2,21,Tank,1,NA_S1_RR_W4_D2_M1,3,Team Liquid
26,6964,37,135,863,18873,11,1,5,Support,1,NA_S1_RR_W4_D2_M1,3,Team Liquid
38,10692,36,243,1568,12688,10,1,12,Support,1,NA_S1_RR_W4_D2_M1,3,Team Liquid
23,6803,0,73,0,0,4,0,11,Damage,1,NA_S1_PO_LBSF_M1,1,NTMR
19,8937,1,31,0,0,4,2,7,Damage,1,NA_S1_PO_LBSF_M1,1,NTMR
28,9707,2,77,10985,0,4,3,11,Tank,1,NA_S1_PO_LBSF_M1,1,NTMR
12,3766,13,85,476,4105,3,0,4,Support,1,NA_S1_PO_LBSF_M1,1,NTMR
10,3045,14,33,507,7128,3,0,1,Support,1,NA_S1_PO_LBSF_M1,1,NTMR
14,6512,0,46,0,0,7,2,5,Damage,0,NA_S1_PO_LBSF_M1,1,Timeless
7,4861,0,29,0,0,9,0,5,Damage,0,NA_S1_PO_LBSF_M1,1,Timeless
5,4359,1,143,5689,200,7,0,3,Tank,0,NA_S1_PO_LBSF_M1,1,Timeless
10,5051,10,47,0,5761,5,0,3,Support,0,NA_S1_PO_LBSF_M1,1,Timeless
6,3213,5,7,445,6260,7,0,2,Support,0,NA_S1_PO_LBSF_M1,1,Timeless
31,14960,0,104,0,0,2,3,17,Damage,1,NA_S1_PO_LBSF_M1,2,NTMR
22,14279,5,10,0,0,6,1,12,Damage,1,NA_S1_PO_LBSF_M1,2,NTMR
23,16714,4,95,16153,0,6,1,9,Tank,1,NA_S1_PO_LBSF_M1,2,NTMR
19,6583,25,254,3197,10841,5,0,3,Support,1,NA_S1_PO_LBSF_M1,2,NTMR
22,8349,21,46,0,11746,6,0,5,Support,1,NA_S1_PO_LBSF_M1,2,NTMR
15,8221,0,166,0,0,8,0,3,Damage,0,NA_S1_PO_LBSF_M1,2,Timeless
20,9499,0,92,1011,42,10,0,13,Damage,0,NA_S1_PO_LBSF_M1,2,Timeless
16,10890,1,109,18281,2662,11,0,5,Tank,0,NA_S1_PO_LBSF_M1,2,Timeless
8,6944,16,134,1492,14914,8,2,2,Support,0,NA_S1_PO_LBSF_M1,2,Timeless
11,8013,13,80,274,14832,9,0,2,Support,0,NA_S1_PO_LBSF_M1,2,Timeless
34,9902,0,72,0,0,5,2,9,Damage,0,NA_S1_PO_LBSF_M1,3,NTMR
30,14427,0,23,0,0,8,0,9,Damage,0,NA_S1_PO_LBSF_M1,3,NTMR
27,12271,7,59,12289,0,11,0,8,Tank,0,NA_S1_PO_LBSF_M1,3,NTMR
22,5572,21,62,1909,6504,9,0,8,Support,0,NA_S1_PO_LBSF_M1,3,NTMR
21,6624,18,16,1711,8582,8,0,12,Support,0,NA_S1_PO_LBSF_M1,3,NTMR
22,8562,0,47,16,0,8,2,5,Damage,1,NA_S1_PO_LBSF_M1,3,Timeless
27,8739,0,37,0,0,10,0,18,Damage,1,NA_S1_PO_LBSF_M1,3,Timeless
28,11939,19,152,5270,3272,8,0,9,Tank,1,NA_S1_PO_LBSF_M1,3,Timeless
14,4928,14,49,1973,8156,12,0,3,Support,1,NA_S1_PO_LBSF_M1,3,Timeless
16,5351,26,40,0,12628,9,1,4,Support,1,NA_S1_PO_LBSF_M1,3,Timeless
13,6888,0,155,0,0,6,0,5,Damage,1,NA_S1_PO_LBSF_M1,4,NTMR
14,10875,0,52,0,0,5,1,7,Damage,1,NA_S1_PO_LBSF_M1,4,NTMR
10,9028,2,88,15837,0,6,1,4,Tank,1,NA_S1_PO_LBSF_M1,4,NTMR
13,3707,14,131,3831,7254,3,0,5,Support,1,NA_S1_PO_LBSF_M1,4,NTMR
11,5589,11,41,1086,9701,3,0,3,Support,1,NA_S1_PO_LBSF_M1,4,NTMR
16,7124,0,86,0,0,4,1,4,Damage,0,NA_S1_PO_LBSF_M1,4,Timeless
15,9147,0,33,0,0,4,0,9,Damage,0,NA_S1_PO_LBSF_M1,4,Timeless
9,6256,3,45,3805,200,6,1,5,Tank,0,NA_S1_PO_LBSF_M1,4,Timeless
9,4094,13,23,0,7566,5,0,3,Support,0,NA_S1_PO_LBSF_M1,4,Timeless
9,3314,9,25,746,8772,5,0,2,Support,0,NA_S1_PO_LBSF_M1,4,Timeless
27,7270,0,49,0,0,4,0,11,Damage,1,NA_S1_PO_UBF_M1,1,SpaceStation
14,9796,0,29,0,0,5,0,8,Damage,1,NA_S1_PO_UBF_M1,1,SpaceStation
19,10819,5,57,10458,0,3,0,7,Tank,1,NA_S1_PO_UBF_M1,1,SpaceStation
14,4139,15,24,1658,10487,4,0,2,Support,1,NA_S1_PO_UBF_M1,1,SpaceStation
17,4824,15,45,1498,3518,2,0,3,Support,1,NA_S1_PO_UBF_M1,1,SpaceStation
14,7975,0,19,0,0,5,1,6,Damage,0,NA_S1_PO_UBF_M1,1,Team Liquid
12,5245,0,40,0,0,8,0,7,Damage,0,NA_S1_PO_UBF_M1,1,Team Liquid
13,8118,9,80,4314,594,5,0,4,Tank,0,NA_S1_PO_UBF_M1,1,Team Liquid
8,2745,12,14,356,9338,5,0,1,Support,0,NA_S1_PO_UBF_M1,1,Team Liquid
2,2600,6,15,3397,6311,8,0,0,Support,0,NA_S1_PO_UBF_M1,1,Team Liquid
23,13212,0,72,2446,634,11,2,13,Damage,1,NA_S1_PO_UBF_M1,2,SpaceStation
20,13973,0,43,120,0,12,1,11,Damage,1,NA_S1_PO_UBF_M1,2,SpaceStation
17,15423,1,49,21958,0,8,1,6,Tank,1,NA_S1_PO_UBF_M1,2,SpaceStation
11,5038,17,16,1021,16186,11,0,4,Support,1,NA_S1_PO_UBF_M1,2,SpaceStation
14,5555,19,57,5117,8897,9,0,2,Support,1,NA_S1_PO_UBF_M1,2,SpaceStation
29,16027,0,19,0,0,8,0,11,Damage,0,NA_S1_PO_UBF_M1,2,Team Liquid
27,12358,2,14,40,0,11,3,16,Damage,0,NA_S1_PO_UBF_M1,2,Team Liquid
37,12566,10,93,6242,0,3,1,15,Tank,0,NA_S1_PO_UBF_M1,2,Team Liquid
25,7235,25,20,1037,12356,7,0,4,Support,0,NA_S1_PO_UBF_M1,2,Team Liquid
22,6077,22,53,2832,9925,8,0,5,Support,0,NA_S1_PO_UBF_M1,2,Team Liquid
43,17373,0,147,2695,361,9,1,25,Damage,0,NA_S1_PO_UBF_M1,3,SpaceStation
33,17335,0,74,0,0,12,0,10,Damage,0,NA_S1_PO_UBF_M1,3,SpaceStation
33,18672,27,292,10108,4894,10,0,6,Tank,0,NA_S1_PO_UBF_M1,3,SpaceStation
28,5951,36,119,0,21064,10,0,5,Support,0,NA_S1_PO_UBF_M1,3,SpaceStation
26,5593,43,130,7860,11687,12,0,6,Support,0,NA_S1_PO_UBF_M1,3,SpaceStation
36,16653,0,96,0,0,12,1,12,Damage,1,NA_S1_PO_UBF_M1,3,Team Liquid
33,17882,0,146,2794,467,8,1,20,Damage,1,NA_S1_PO_UBF_M1,3,Team Liquid
31,18811,22,365,12669,4881,10,0,11,Tank,1,NA_S1_PO_UBF_M1,3,Team Liquid
26,5976,30,137,0,18006,9,0,5,Support,1,NA_S1_PO_UBF_M1,3,Team Liquid
20,6423,40,174,6874,12899,13,1,4,Support,1,NA_S1_PO_UBF_M1,3,Team Liquid
17,6802,0,190,0,0,6,3,11,Damage,0,NA_S1_PO_UBF_M1,4,SpaceStation
17,10282,0,22,0,0,8,0,5,Damage,0,NA_S1_PO_UBF_M1,4,SpaceStation
16,11874,5,138,13420,0,5,0,6,Tank,0,NA_S1_PO_UBF_M1,4,SpaceStation
6,4502,6,19,1955,9311,9,1,4,Support,0,NA_S1_PO_UBF_M1,4,SpaceStation
15,3761,12,38,1541,5121,7,0,2,Support,0,NA_S1_PO_UBF_M1,4,SpaceStation
14,7912,0,21,0,0,8,1,6,Damage,1,NA_S1_PO_UBF_M1,4,Team Liquid
18,7342,0,37,0,0,6,1,7,Damage,1,NA_S1_PO_UBF_M1,4,Team Liquid
26,11166,13,174,6316,3032,5,3,14,Tank,1,NA_S1_PO_UBF_M1,4,Team Liquid
14,4242,19,33,0,9972,4,1,4,Support,1,NA_S1_PO_UBF_M1,4,Team Liquid
9,3161,11,28,2084,7285,5,0,3,Support,1,NA_S1_PO_UBF_M1,4,Team Liquid
14,4307,0,117,0,0,2,0,2,Damage,1,NA_S1_PO_UBF_M1,5,SpaceStation
16,6624,0,12,0,0,3,0,8,Damage,1,NA_S1_PO_UBF_M1,5,SpaceStation
13,8215,2,37,8787,0,3,3,9,Tank,1,NA_S1_PO_UBF_M1,5,SpaceStation
8,2470,8,34,256,6625,2,0,3,Support,1,NA_S1_PO_UBF_M1,5,SpaceStation
8,2444,14,60,3198,5307,2,0,1,Support,1,NA_S1_PO_UBF_M1,5,SpaceStation
6,4539,0,5,0,0,5,0,1,Damage,0,NA_S1_PO_UBF_M1,5,Team Liquid
3,4043,0,103,0,0,5,0,3,Damage,0,NA_S1_PO_UBF_M1,5,Team Liquid
8,7232,2,67,6548,0,4,1,6,Tank,0,NA_S1_PO_UBF_M1,5,Team Liquid
5,3370,9,21,716,7170,5,0,0,Support,0,NA_S1_PO_UBF_M1,5,Team Liquid
4,2504,5,52,2611,5251,4,0,2,Support,0,NA_S1_PO_UBF_M1,5,Team Liquid
31,6154,4,25,1183,490,2,0,8,Damage,1,NA_S1_PO_LBQF_M1,1,Timeless
27,9190,0,34,0,440,1,0,8,Damage,1,NA_S1_PO_LBQF_M1,1,Timeless
33,9546,16,67,4729,2970,1,0,15,Tank,1,NA_S1_PO_LBQF_M1,1,Timeless
18,3203,29,9,3627,7467,3,1,3,Support,1,NA_S1_PO_LBQF_M1,1,Timeless
24,3775,18,24,0,7878,2,0,7,Support,1,NA_S1_PO_LBQF_M1,1,Timeless
8,7374,0,6,0,0,8,0,2,Damage,0,NA_S1_PO_LBQF_M1,1,Avidity
4,5367,2,32,932,0,8,0,1,Damage,0,NA_S1_PO_LBQF_M1,1,Avidity
5,10101,3,50,6989,2176,9,1,4,Tank,0,NA_S1_PO_LBQF_M1,1,Avidity
3,3102,5,22,0,7045,8,0,2,Support,0,NA_S1_PO_LBQF_M1,1,Avidity
1,2363,5,9,2838,3895,9,0,0,Support,0,NA_S1_PO_LBQF_M1,1,Avidity
23,6304,1,25,177,356,1,1,11,Damage,1,NA_S1_PO_LBQF_M1,2,Timeless
21,6409,0,8,0,0,3,1,7,Damage,1,NA_S1_PO_LBQF_M1,2,Timeless
23,8225,13,62,4191,2301,2,0,6,Tank,1,NA_S1_PO_LBQF_M1,2,Timeless
9,2003,15,32,220,5804,1,0,2,Support,1,NA_S1_PO_LBQF_M1,2,Timeless
13,2031,15,45,0,6133,1,0,5,Support,1,NA_S1_PO_LBQF_M1,2,Timeless
5,4788,0,20,0,0,7,0,3,Damage,0,NA_S1_PO_LBQF_M1,2,Avidity
5,4841,1,25,1249,29,5,0,1,Damage,0,NA_S1_PO_LBQF_M1,2,Avidity
4,6576,3,80,7144,678,6,0,1,Tank,0,NA_S1_PO_LBQF_M1,2,Avidity
4,3005,4,25,0,5698,6,0,3,Support,0,NA_S1_PO_LBQF_M1,2,Avidity
2,1590,4,60,1725,3445,7,0,0,Support,0,NA_S1_PO_LBQF_M1,2,Avidity
16,8868,2,56,330,232,10,0,7,Damage,0,NA_S1_PO_LBQF_M1,3,Timeless
22,10512,0,35,0,0,9,0,7,Damage,0,NA_S1_PO_LBQF_M1,3,Timeless
16,12659,11,249,6572,3880,8,0,4,Tank,0,NA_S1_PO_LBQF_M1,3,Timeless
13,6934,23,50,0,7243,9,0,3,Support,0,NA_S1_PO_LBQF_M1,3,Timeless
21,5622,14,135,0,8466,7,1,7,Support,0,NA_S1_PO_LBQF_M1,3,Timeless
29,8987,0,30,0,0,7,2,14,Damage,1,NA_S1_PO_LBQF_M1,3,Avidity
28,9988,0,37,2090,281,5,0,18,Damage,1,NA_S1_PO_LBQF_M1,3,Avidity
21,12651,20,125,6822,3963,5,1,5,Tank,1,NA_S1_PO_LBQF_M1,3,Avidity
19,4126,15,30,0,14754,5,0,4,Support,1,NA_S1_PO_LBQF_M1,3,Avidity
13,3364,20,33,6252,8164,6,0,2,Support,1,NA_S1_PO_LBQF_M1,3,Avidity
29,6424,0,35,0,0,0,0,14,Damage,1,NA_S1_PO_LBQF_M1,4,Timeless
19,5406,0,15,0,0,4,1,4,Damage,1,NA_S1_PO_LBQF_M1,4,Timeless
24,6664,4,50,5271,100,3,2,12,Tank,1,NA_S1_PO_LBQF_M1,4,Timeless
13,5278,25,22,0,5870,2,1,5,Support,1,NA_S1_PO_LBQF_M1,4,Timeless
12,4400,21,17,1679,6198,3,1,4,Support,1,NA_S1_PO_LBQF_M1,4,Timeless
9,6705,3,8,0,123,9,0,1,Damage,0,NA_S1_PO_LBQF_M1,4,Avidity
8,5112,0,15,0,0,7,0,5,Damage,0,NA_S1_PO_LBQF_M1,4,Avidity
9,7209,3,51,9389,480,6,0,6,Tank,0,NA_S1_PO_LBQF_M1,4,Avidity
7,3763,10,20,0,6825,8,0,0,Support,0,NA_S1_PO_LBQF_M1,4,Avidity
5,4406,6,19,586,2603,10,0,0,Support,0,NA_S1_PO_LBQF_M1,4,Avidity
24,9194,0,62,1898,459,7,1,16,Damage,1,NA_S1_PO_LBQF_M2,1,NTMR
25,11582,0,11,0,0,10,2,7,Damage,1,NA_S1_PO_LBQF_M2,1,NTMR
16,11612,5,44,14343,300,10,0,5,Tank,1,NA_S1_PO_LBQF_M2,1,NTMR
14,5579,14,6,2456,12333,9,0,7,Support,1,NA_S1_PO_LBQF_M2,1,NTMR
23,6373,24,78,2380,7303,6,0,5,Support,1,NA_S1_PO_LBQF_M2,1,NTMR
21,10569,0,35,0,0,9,2,7,Damage,0,NA_S1_PO_LBQF_M2,1,Rad
23,11336,1,54,1308,42,7,0,11,Damage,0,NA_S1_PO_LBQF_M2,1,Rad
30,13119,5,88,7582,0,7,2,15,Tank,0,NA_S1_PO_LBQF_M2,1,Rad
19,5592,17,32,1285,6867,10,1,3,Support,0,NA_S1_PO_LBQF_M2,1,Rad
12,5373,27,40,0,16151,8,0,5,Support,0,NA_S1_PO_LBQF_M2,1,Rad
27,7541,0,22,3301,268,4,1,16,Damage,1,NA_S1_PO_LBQF_M2,2,NTMR
23,6316,5,15,0,566,4,1,10,Damage,1,NA_S1_PO_LBQF_M2,2,NTMR
25,6703,4,39,4712,0,1,1,10,Tank,1,NA_S1_PO_LBQF_M2,2,NTMR
16,2953,18,20,0,7108,4,0,0,Support,1,NA_S1_PO_LBQF_M2,2,NTMR
16,3113,27,42,2033,5268,2,0,2,Support,1,NA_S1_PO_LBQF_M2,2,NTMR
8,4804,0,15,0,0,8,0,2,Damage,0,NA_S1_PO_LBQF_M2,2,Rad
14,5353,0,18,2527,122,8,1,8,Damage,0,NA_S1_PO_LBQF_M2,2,Rad
10,6988,5,44,4839,1310,6,0,4,Tank,0,NA_S1_PO_LBQF_M2,2,Rad
4,1849,5,7,807,2413,8,0,1,Support,0,NA_S1_PO_LBQF_M2,2,Rad
3,1439,5,15,0,8132,8,0,0,Support,0,NA_S1_PO_LBQF_M2,2,Rad
28,11864,0,88,2085,317,8,2,16,Damage,1,NA_S1_PO_LBQF_M2,3,NTMR
35,13460,0,24,0,0,7,2,14,Damage,1,NA_S1_PO_LBQF_M2,3,NTMR
32,18556,6,142,18167,600,5,1,12,Tank,1,NA_S1_PO_LBQF_M2,3,NTMR
18,6928,25,84,1539,12754,7,0,5,Support,1,NA_S1_PO_LBQF_M2,3,NTMR
23,7361,26,201,1369,9285,4,0,7,Support,1,NA_S1_PO_LBQF_M2,3,NTMR
19,9541,0,27,0,0,12,0,10,Damage,0,NA_S1_PO_LBQF_M2,3,Rad
22,10720,0,30,1971,195,14,1,13,Damage,0,NA_S1_PO_LBQF_M2,3,Rad
13,13326,4,289,21066,852,9,0,3,Tank,0,NA_S1_PO_LBQF_M2,3,Rad
15,5849,16,69,1498,7952,9,0,5,Support,0,NA_S1_PO_LBQF_M2,3,Rad
9,5419,16,101,0,19310,10,0,0,Support,0,NA_S1_PO_LBQF_M2,3,Rad
13,10046,0,46,1561,396,8,0,7,Damage,0,NA_S1_PO_UBSF_M2,1,NTMR
13,11569,0,18,0,0,8,2,5,Damage,0,NA_S1_PO_UBSF_M2,1,NTMR
12,13774,7,71,8655,3328,6,0,5,Tank,0,NA_S1_PO_UBSF_M2,1,NTMR
12,4634,13,47,3912,8445,6,0,3,Support,0,NA_S1_PO_UBSF_M2,1,NTMR
9,2936,12,13,0,14504,4,0,1,Support,0,NA_S1_PO_UBSF_M2,1,NTMR
24,10949,0,32,0,0,5,0,8,Damage,1,NA_S1_PO_UBSF_M2,1,Team Liquid
24,10540,3,49,1613,368,4,1,12,Damage,1,NA_S1_PO_UBSF_M2,1,Team Liquid
23,16067,17,142,8595,3688,3,0,7,Tank,1,NA_S1_PO_UBSF_M2,1,Team Liquid
15,2606,18,19,0,14798,4,0,1,Support,1,NA_S1_PO_UBSF_M2,1,Team Liquid
16,4187,22,36,4490,8761,5,0,3,Support,1,NA_S1_PO_UBSF_M2,1,Team Liquid
13,6687,0,48,145,0,3,0,5,Damage,1,NA_S1_PO_UBSF_M2,2,NTMR
12,8902,4,22,30,0,4,0,6,Damage,1,NA_S1_PO_UBSF_M2,2,NTMR
16,10535,4,30,12999,0,4,0,8,Tank,1,NA_S1_PO_UBSF_M2,2,NTMR
9,4504,10,35,1181,4433,4,0,3,Support,1,NA_S1_PO_UBSF_M2,2,NTMR
12,4574,10,6,555,9928,5,0,2,Support,1,NA_S1_PO_UBSF_M2,2,NTMR
13,8361,0,20,1029,0,6,0,2,Damage,0,NA_S1_PO_UBSF_M2,2,Team Liquid
14,7443,0,17,0,0,6,1,7,Damage,0,NA_S1_PO_UBSF_M2,2,Team Liquid
15,7430,2,54,9393,25,4,0,6,Tank,0,NA_S1_PO_UBSF_M2,2,Team Liquid
6,2745,9,9,970,9207,4,0,2,Support,0,NA_S1_PO_UBSF_M2,2,Team Liquid
9,3548,7,4,1603,6140,4,0,3,Support,0,NA_S1_PO_UBSF_M2,2,Team Liquid
26,9818,0,122,0,0,5,0,9,Damage,0,NA_S1_PO_UBSF_M2,3,NTMR
24,10783,1,41,0,0,8,2,11,Damage,0,NA_S1_PO_UBSF_M2,3,NTMR
23,15125,4,119,23092,0,10,1,8,Tank,0,NA_S1_PO_UBSF_M2,3,NTMR
21,6947,20,219,1110,7442,7,0,9,Support,0,NA_S1_PO_UBSF_M2,3,NTMR
25,6354,18,78,1584,14506,7,0,6,Support,0,NA_S1_PO_UBSF_M2,3,NTMR
21,10804,1,46,0,0,9,1,13,Damage,1,NA_S1_PO_UBSF_M2,3,Team Liquid
24,11541,0,81,656,0,10,0,9,Damage,1,NA_S1_PO_UBSF_M2,3,Team Liquid
24,13197,7,203,20067,242,7,0,9,Tank,1,NA_S1_PO_UBSF_M2,3,Team Liquid
16,5922,17,97,954,13483,10,0,2,Support,1,NA_S1_PO_UBSF_M2,3,Team Liquid
14,6014,23,40,0,8769,7,0,4,Support,1,NA_S1_PO_UBSF_M2,3,Team Liquid
22,8473,0,66,1780,246,8,0,13,Damage,0,NA_S1_PO_UBSF_M2,4,NTMR
16,9140,0,16,0,0,7,0,6,Damage,0,NA_S1_PO_UBSF_M2,4,NTMR
13,7012,0,69,8203,0,8,1,4,Tank,0,NA_S1_PO_UBSF_M2,4,NTMR
12,3821,8,58,1487,5291,8,0,3,Support,0,NA_S1_PO_UBSF_M2,4,NTMR
13,3938,15,54,1167,10884,8,1,3,Support,0,NA_S1_PO_UBSF_M2,4,NTMR
31,9662,0,112,0,0,6,1,14,Damage,1,NA_S1_PO_UBSF_M2,4,Team Liquid
20,7527,9,47,0,187,8,0,5,Damage,1,NA_S1_PO_UBSF_M2,4,Team Liquid
22,9491,15,349,4825,2173,5,0,8,Tank,1,NA_S1_PO_UBSF_M2,4,Team Liquid
20,3609,25,131,0,9898,4,0,7,Support,1,NA_S1_PO_UBSF_M2,4,Team Liquid
22,4014,26,164,1670,5071,6,0,5,Support,1,NA_S1_PO_UBSF_M2,4,Team Liquid
19,8867,2,38,996,591,2,1,9,Damage,1,NA_S1_PO_UBSF_M1,1,SpaceStation
25,10260,0,24,0,0,3,0,9,Damage,1,NA_S1_PO_UBSF_M1,1,SpaceStation
19,10119,10,87,3048,2314,2,1,9,Tank,1,NA_S1_PO_UBSF_M1,1,SpaceStation
18,2799,19,37,0,10285,1,0,4,Support,1,NA_S1_PO_UBSF_M1,1,SpaceStation
12,2564,23,36,2974,6724,1,0,1,Support,1,NA_S1_PO_UBSF_M1,1,SpaceStation
4,8610,1,37,0,0,7,0,1,Damage,0,NA_S1_PO_UBSF_M1,1,Timeless
8,8207,0,23,0,0,7,0,8,Damage,0,NA_S1_PO_UBSF_M1,1,Timeless
3,8036,5,64,4880,2357,7,0,0,Tank,0,NA_S1_PO_UBSF_M1,1,Timeless
3,3044,7,12,0,9093,6,0,0,Support,0,NA_S1_PO_UBSF_M1,1,Timeless
3,2094,8,34,5229,7684,6,0,0,Support,0,NA_S1_PO_UBSF_M1,1,Timeless
21,10332,3,17,276,275,6,0,6,Damage,1,NA_S1_PO_UBSF_M1,2,SpaceStation
22,14526,0,25,0,0,4,0,11,Damage,1,NA_S1_PO_UBSF_M1,2,SpaceStation
26,15268,18,84,8098,2976,2,1,8,Tank,1,NA_S1_PO_UBSF_M1,2,SpaceStation
16,3601,20,31,0,14283,4,0,2,Support,1,NA_S1_PO_UBSF_M1,2,SpaceStation
15,2949,21,21,4297,8505,3,0,4,Support,1,NA_S1_PO_UBSF_M1,2,SpaceStation
10,8721,2,40,742,342,6,1,4,Damage,0,NA_S1_PO_UBSF_M1,2,Timeless
12,12102,0,25,0,0,5,0,7,Damage,0,NA_S1_PO_UBSF_M1,2,Timeless
6,12856,7,84,7979,2876,6,0,2,Tank,0,NA_S1_PO_UBSF_M1,2,Timeless
14,3109,14,18,0,15831,7,0,2,Support,0,NA_S1_PO_UBSF_M1,2,Timeless
7,2690,12,32,6832,9053,7,0,3,Support,0,NA_S1_PO_UBSF_M1,2,Timeless
27,12677,4,66,2975,291,5,0,13,Damage,1,NA_S1_PO_UBSF_M1,3,SpaceStation
32,13695,0,59,0,0,7,2,18,Damage,1,NA_S1_PO_UBSF_M1,3,SpaceStation
29,17658,22,198,8750,4813,5,0,4,Tank,1,NA_S1_PO_UBSF_M1,3,SpaceStation
25,5346,25,30,0,10261,4,0,2,Support,1,NA_S1_PO_UBSF_M1,3,SpaceStation
15,3932,26,58,5121,8518,7,1,4,Support,1,NA_S1_PO_UBSF_M1,3,SpaceStation
20,9084,0,95,1461,713,9,1,10,Damage,0,NA_S1_PO_UBSF_M1,3,Timeless
20,10654,0,86,0,0,9,0,8,Damage,0,NA_S1_PO_UBSF_M1,3,Timeless
16,13278,15,342,8197,5421,9,0,1,Tank,0,NA_S1_PO_UBSF_M1,3,Timeless
15,3804,16,105,0,13709,8,1,5,Support,0,NA_S1_PO_UBSF_M1,3,Timeless
11,5856,22,137,1495,11600,6,0,4,Support,0,NA_S1_PO_UBSF_M1,3,Timeless
17,8012,0,33,1311,238,7,1,12,Damage,0,NA_S1_PO_LBF_M1,1,NTMR
19,11051,0,9,0,0,8,2,7,Damage,0,NA_S1_PO_LBF_M1,1,NTMR
21,11645,2,53,14318,600,7,1,8,Tank,0,NA_S1_PO_LBF_M1,1,NTMR
14,3587,14,21,1975,9569,7,1,1,Support,0,NA_S1_PO_LBF_M1,1,NTMR
13,4897,14,40,1600,3834,7,0,3,Support,0,NA_S1_PO_LBF_M1,1,NTMR
22,8754,0,16,0,0,8,0,10,Damage,1,NA_S1_PO_LBF_M1,1,Team Liquid
21,8843,0,37,1602,146,7,1,10,Damage,1,NA_S1_PO_LBF_M1,1,Team Liquid
20,10712,13,73,4894,1517,5,0,6,Tank,1,NA_S1_PO_LBF_M1,1,Team Liquid
13,3004,19,15,0,11927,9,0,3,Support,1,NA_S1_PO_LBF_M1,1,Team Liquid
17,3274,22,21,5481,8307,6,1,6,Support,1,NA_S1_PO_LBF_M1,1,Team Liquid
19,7312,0,19,0,0,5,1,10,Damage,1,NA_S1_PO_LBF_M1,2,NTMR
17,8596,4,12,0,467,2,1,7,Damage,1,NA_S1_PO_LBF_M1,2,NTMR
23,9180,5,20,6580,0,4,1,10,Tank,1,NA_S1_PO_LBF_M1,2,NTMR
13,4122,13,23,822,8591,2,0,4,Support,1,NA_S1_PO_LBF_M1,2,NTMR
13,3545,17,41,1166,4925,4,0,1,Support,1,NA_S1_PO_LBF_M1,2,NTMR
9,7698,0,11,1140,0,7,1,3,Damage,0,NA_S1_PO_LBF_M1,2,Team Liquid
9,6265,0,35,0,0,4,0,2,Damage,0,NA_S1_PO_LBF_M1,2,Team Liquid
10,5101,4,35,3329,0,5,0,5,Tank,0,NA_S1_PO_LBF_M1,2,Team Liquid
7,2741,6,3,452,7728,7,0,2,Support,0,NA_S1_PO_LBF_M1,2,Team Liquid
12,3029,7,2,231,3874,9,0,5,Support,0,NA_S1_PO_LBF_M1,2,Team Liquid
17,6886,0,72,1253,40,3,2,7,Damage,1,NA_S1_PO_LBF_M1,3,NTMR
22,8678,1,0,0,0,2,0,14,Damage,1,NA_S1_PO_LBF_M1,3,NTMR
18,7766,3,64,4647,0,5,0,5,Tank,1,NA_S1_PO_LBF_M1,3,NTMR
13,4146,16,38,747,8170,4,0,2,Support,1,NA_S1_PO_LBF_M1,3,NTMR
10,2974,16,67,1677,6871,4,0,4,Support,1,NA_S1_PO_LBF_M1,3,NTMR
12,5769,0,16,0,0,9,1,6,Damage,0,NA_S1_PO_LBF_M1,3,Team Liquid
10,4985,1,16,1508,0,7,0,2,Damage,0,NA_S1_PO_LBF_M1,3,Team Liquid
14,10338,5,144,4106,1181,6,0,7,Tank,0,NA_S1_PO_LBF_M1,3,Team Liquid
8,1790,12,6,0,8128,5,0,1,Support,0,NA_S1_PO_LBF_M1,3,Team Liquid
6,2139,13,38,263,6335,5,0,2,Support,0,NA_S1_PO_LBF_M1,3,Team Liquid
18,6314,0,133,0,0,6,0,7,Damage,0,NA_S1_PO_LBF_M1,4,NTMR
16,7907,0,24,0,0,8,2,7,Damage,0,NA_S1_PO_LBF_M1,4,NTMR
17,7595,1,114,6537,0,8,0,10,Tank,0,NA_S1_PO_LBF_M1,4,NTMR
14,3140,12,46,1311,6900,9,0,2,Support,0,NA_S1_PO_LBF_M1,4,NTMR
6,4083,10,61,1253,4353,8,0,1,Support,0,NA_S1_PO_LBF_M1,4,NTMR
18,6374,0,21,0,0,7,0,9,Damage,1,NA_S1_PO_LBF_M1,4,Team Liquid
24,6764,0,56,0,0,3,2,13,Damage,1,NA_S1_PO_LBF_M1,4,Team Liquid
28,10288,18,139,5200,1062,5,1,7,Tank,1,NA_S1_PO_LBF_M1,4,Team Liquid
11,2917,19,32,0,7946,5,1,3,Support,1,NA_S1_PO_LBF_M1,4,Team Liquid
17,2815,15,34,919,5097,7,1,7,Support,1,NA_S1_PO_LBF_M1,4,Team Liquid
21,5989,0,58,613,23,2,0,8,Damage,1,NA_S1_PO_LBF_M1,5,NTMR
22,9180,2,12,0,0,1,1,9,Damage,1,NA_S1_PO_LBF_M1,5,NTMR
18,10978,4,48,12485,0,2,0,6,Tank,1,NA_S1_PO_LBF_M1,5,NTMR
12,1658,14,19,0,9794,4,0,4,Support,1,NA_S1_PO_LBF_M1,5,NTMR
16,4103,14,55,1415,4950,2,0,1,Support,1,NA_S1_PO_LBF_M1,5,NTMR
7,6576,0,19,0,0,8,0,1,Damage,0,NA_S1_PO_LBF_M1,5,Team Liquid
6,4737,0,38,1090,104,7,1,2,Damage,0,NA_S1_PO_LBF_M1,5,Team Liquid
5,10239,1,49,7951,326,8,0,3,Tank,0,NA_S1_PO_LBF_M1,5,Team Liquid
6,1850,7,5,0,8939,4,0,1,Support,0,NA_S1_PO_LBF_M1,5,Team Liquid
7,3168,3,31,1722,4407,7,0,4,Support,0,NA_S1_PO_LBF_M1,5,Team Liquid
33,10009,0,94,0,0,6,1,14,Damage,1,NA_S1_PO_GF_M1,1,SpaceStation
25,14672,0,26,0,0,10,3,11,Damage,1,NA_S1_PO_GF_M1,1,SpaceStation
31,16596,3,65,17845,0,6,0,14,Tank,1,NA_S1_PO_GF_M1,1,SpaceStation
20,6930,23,12,1265,17392,8,0,3,Support,1,NA_S1_PO_GF_M1,1,SpaceStation
26,6531,18,39,1338,5917,10,0,8,Support,1,NA_S1_PO_GF_M1,1,SpaceStation
23,10116,0,68,0,0,9,1,10,Damage,0,NA_S1_PO_GF_M1,1,NTMR
15,13854,4,18,0,0,11,0,7,Damage,0,NA_S1_PO_GF_M1,1,NTMR
19,14974,4,59,16564,397,13,1,13,Tank,0,NA_S1_PO_GF_M1,1,NTMR
17,6620,18,3,1048,11933,10,1,4,Support,0,NA_S1_PO_GF_M1,1,NTMR
13,7268,17,64,2307,9562,9,0,4,Support,0,NA_S1_PO_GF_M1,1,NTMR
28,9833,0,91,2544,141,9,1,13,Damage,0,NA_S1_PO_GF_M1,2,SpaceStation
19,11145,0,47,0,0,15,1,4,Damage,0,NA_S1_PO_GF_M1,2,SpaceStation
21,15656,9,382,6495,1935,8,0,13,Tank,0,NA_S1_PO_GF_M1,2,SpaceStation
18,3853,18,48,0,17060,12,1,7,Support,0,NA_S1_PO_GF_M1,2,SpaceStation
20,4992,22,94,2580,8206,10,0,2,Support,0,NA_S1_PO_GF_M1,2,SpaceStation
34,12481,0,64,3006,425,7,0,17,Damage,1,NA_S1_PO_GF_M1,2,NTMR
23,14866,6,33,0,0,11,0,7,Damage,1,NA_S1_PO_GF_M1,2,NTMR
29,15085,8,93,16124,600,8,1,10,Tank,1,NA_S1_PO_GF_M1,2,NTMR
27,5777,26,82,0,14290,7,0,11,Support,1,NA_S1_PO_GF_M1,2,NTMR
23,7744,24,204,2271,6986,6,1,9,Support,1,NA_S1_PO_GF_M1,2,NTMR
7,3959,0,16,604,66,6,0,6,Damage,0,NA_S1_PO_GF_M1,3,SpaceStation
10,4197,0,13,0,0,8,0,4,Damage,0,NA_S1_PO_GF_M1,3,SpaceStation
8,8196,0,22,7075,0,5,1,3,Tank,0,NA_S1_PO_GF_M1,3,SpaceStation
6,3146,10,8,465,5634,6,0,1,Support,0,NA_S1_PO_GF_M1,3,SpaceStation
7,2632,4,22,1039,3603,7,0,3,Support,0,NA_S1_PO_GF_M1,3,SpaceStation
12,5318,0,6,849,61,4,1,8,Damage,1,NA_S1_PO_GF_M1,3,NTMR
13,7706,2,21,0,0,4,2,7,Damage,1,NA_S1_PO_GF_M1,3,NTMR
17,8083,1,31,8174,0,3,3,14,Tank,1,NA_S1_PO_GF_M1,3,NTMR
9,3580,13,6,497,5902,4,0,2,Support,1,NA_S1_PO_GF_M1,3,NTMR
10,2403,17,34,461,3578,3,0,1,Support,1,NA_S1_PO_GF_M1,3,NTMR
29,7112,0,111,0,0,2,1,16,Damage,1,NA_S1_PO_GF_M1,4,SpaceStation
18,6057,0,84,0,0,8,0,3,Damage,1,NA_S1_PO_GF_M1,4,SpaceStation
36,11156,8,120,8248,0,3,0,15,Tank,1,NA_S1_PO_GF_M1,4,SpaceStation
7,2309,19,23,941,8128,8,0,1,Support,1,NA_S1_PO_GF_M1,4,SpaceStation
20,5475,22,69,1388,4853,5,1,5,Support,1,NA_S1_PO_GF_M1,4,SpaceStation
19,6084,0,51,0,0,5,1,11,Damage,0,NA_S1_PO_GF_M1,4,NTMR
14,8266,2,11,0,0,13,0,3,Damage,0,NA_S1_PO_GF_M1,4,NTMR
19,8651,1,76,11579,0,6,0,7,Tank,0,NA_S1_PO_GF_M1,4,NTMR
6,3472,13,18,781,7280,10,0,1,Support,0,NA_S1_PO_GF_M1,4,NTMR
5,3417,7,26,827,5124,7,0,4,Support,0,NA_S1_PO_GF_M1,4,NTMR
23,8558,5,88,1367,0,5,0,5,Damage,0,NA_S1_PO_GF_M1,5,SpaceStation
17,10348,1,32,619,96,9,1,8,Damage,0,NA_S1_PO_GF_M1,5,SpaceStation
22,12300,2,103,7520,0,5,2,13,Tank,0,NA_S1_PO_GF_M1,5,SpaceStation
11,3706,13,15,851,12556,6,0,1,Support,0,NA_S1_PO_GF_M1,5,SpaceStation
10,5014,9,51,816,3791,6,0,3,Support,0,NA_S1_PO_GF_M1,5,SpaceStation
14,7582,0,78,1485,87,6,1,6,Damage,1,NA_S1_PO_GF_M1,5,NTMR
17,9578,1,7,129,0,8,1,8,Damage,1,NA_S1_PO_GF_M1,5,NTMR
20,11990,1,71,12702,300,6,1,10,Tank,1,NA_S1_PO_GF_M1,5,NTMR
16,3628,14,28,0,11995,5,0,5,Support,1,NA_S1_PO_GF_M1,5,NTMR
15,4678,16,90,2151,6331,6,0,2,Support,1,NA_S1_PO_GF_M1,5,NTMR
21,6941,0,156,0,0,6,0,14,Damage,0,NA_S1_PO_GF_M1,6,SpaceStation
19,6431,2,44,0,0,9,2,8,Damage,0,NA_S1_PO_GF_M1,6,SpaceStation
20,10585,6,111,9562,0,5,0,8,Tank,0,NA_S1_PO_GF_M1,6,SpaceStation
7,2511,11,23,1145,7033,10,0,2,Support,0,NA_S1_PO_GF_M1,6,SpaceStation
15,4499,17,68,1011,4458,7,0,3,Support,0,NA_S1_PO_GF_M1,6,SpaceStation
25,7005,0,79,0,0,7,4,9,Damage,1,NA_S1_PO_GF_M1,6,NTMR
20,10013,0,9,0,0,7,1,11,Damage,1,NA_S1_PO_GF_M1,6,NTMR
20,7912,1,73,10693,0,7,0,10,Tank,1,NA_S1_PO_GF_M1,6,NTMR
11,3703,15,26,460,6745,9,1,4,Support,1,NA_S1_PO_GF_M1,6,NTMR
11,4422,14,86,1069,5793,5,0,3,Support,1,NA_S1_PO_GF_M1,6,NTMR
15,10038,6,38,0,1164,7,0,5,Damage,0,NA_S2_RR_W4_D1_M2,1,Geekay Esports
13,8664,0,45,0,0,5,0,4,Damage,0,NA_S2_RR_W4_D1_M2,1,Geekay Esports
11,12425,3,126,9413,0,7,0,4,Tank,0,NA_S2_RR_W4_D1_M2,1,Geekay Esports
12,5846,9,87,999,7611,8,0,4,Support,0,NA_S2_RR_W4_D1_M2,1,Geekay Esports
8,6730,6,48,0,10879,4,0,4,Support,0,NA_S2_RR_W4_D1_M2,1,Geekay Esports
20,9772,0,24,0,0,3,0,9,Damage,1,NA_S2_RR_W4_D1_M2,1,Team Liquid
19,7525,0,95,0,0,3,0,6,Damage,1,NA_S2_RR_W4_D1_M2,1,Team Liquid
21,10577,5,119,7610,0,5,0,9,Tank,1,NA_S2_RR_W4_D1_M2,1,Team Liquid
15,4067,15,31,1031,7015,6,0,4,Support,1,NA_S2_RR_W4_D1_M2,1,Team Liquid
12,6779,18,39,0,7594,4,1,2,Support,1,NA_S2_RR_W4_D1_M2,1,Team Liquid
17,11854,2,27,268,0,3,2,11,Damage,1,NA_S2_RR_W4_D1_M2,2,Geekay Esports
22,6503,10,35,602,478,2,1,9,Damage,1,NA_S2_RR_W4_D1_M2,2,Geekay Esports
15,6447,4,114,6731,0,5,0,4,Tank,1,NA_S2_RR_W4_D1_M2,2,Geekay Esports
10,1594,16,15,847,9662,1,0,3,Support,1,NA_S2_RR_W4_D1_M2,2,Geekay Esports
14,6655,8,25,233,9107,1,0,4,Support,1,NA_S2_RR_W4_D1_M2,2,Geekay Esports
9,6981,0,32,0,0,5,1,1,Damage,0,NA_S2_RR_W4_D1_M2,2,Team Liquid
6,4762,0,35,1009,0,9,0,3,Damage,0,NA_S2_RR_W4_D1_M2,2,Team Liquid
9,11448,2,79,8189,0,6,0,6,Tank,0,NA_S2_RR_W4_D1_M2,2,Team Liquid
8,3769,7,31,0,8748,6,0,1,Support,0,NA_S2_RR_W4_D1_M2,2,Team Liquid
5,1925,7,19,228,9694,5,0,1,Support,0,NA_S2_RR_W4_D1_M2,2,Team Liquid
16,8699,0,79,0,0,7,0,6,Damage,0,NA_S2_RR_W4_D1_M2,3,Geekay Esports
17,7007,1,69,1241,302,6,0,8,Damage,0,NA_S2_RR_W4_D1_M2,3,Geekay Esports
22,9577,7,143,14918,855,3,3,8,Tank,0,NA_S2_RR_W4_D1_M2,3,Geekay Esports
16,5376,15,210,1465,5443,6,0,3,Support,0,NA_S2_RR_W4_D1_M2,3,Geekay Esports
12,4539,18,159,0,6256,7,0,5,Support,0,NA_S2_RR_W4_D1_M2,3,Geekay Esports
20,6802,0,18,0,0,6,0,10,Damage,1,NA_S2_RR_W4_D1_M2,3,Team Liquid
18,5840,0,29,1248,403,6,0,4,Damage,1,NA_S2_RR_W4_D1_M2,3,Team Liquid
16,7600,5,107,6939,0,6,0,6,Tank,1,NA_S2_RR_W4_D1_M2,3,Team Liquid
15,4245,16,42,1972,6499,6,0,4,Support,1,NA_S2_RR_W4_D1_M2,3,Team Liquid
13,4049,21,24,0,10462,6,0,5,Support,1,NA_S2_RR_W4_D1_M2,3,Team Liquid
20,13650,2,44,0,0,5,1,10,Damage,1,NA_S2_RR_W4_D1_M2,4,Geekay Esports
23,9469,0,51,0,509,6,3,6,Damage,1,NA_S2_RR_W4_D1_M2,4,Geekay Esports
26,13334,3,91,16286,307,4,0,9,Tank,1,NA_S2_RR_W4_D1_M2,4,Geekay Esports
8,3089,18,121,2027,15072,5,0,1,Support,1,NA_S2_RR_W4_D1_M2,4,Geekay Esports
22,9358,9,71,1455,14258,3,0,12,Support,1,NA_S2_RR_W4_D1_M2,4,Geekay Esports
11,10511,0,81,0,0,8,0,5,Damage,0,NA_S2_RR_W4_D1_M2,4,Team Liquid
9,7256,0,19,22,0,10,0,6,Damage,0,NA_S2_RR_W4_D1_M2,4,Team Liquid
19,17599,6,129,10761,282,8,0,10,Tank,0,NA_S2_RR_W4_D1_M2,4,Team Liquid
11,8588,18,108,2375,9525,8,0,1,Support,0,NA_S2_RR_W4_D1_M2,4,Team Liquid
6,5714,16,108,1287,17249,5,0,1,Support,0,NA_S2_RR_W4_D1_M2,4,Team Liquid
29,14347,6,45,0,356,11,0,13,Damage,1,NA_S2_RR_W4_D1_M2,5,Geekay Esports
27,13641,0,56,584,0,5,0,10,Damage,1,NA_S2_RR_W4_D1_M2,5,Geekay Esports
30,16231,8,105,15536,1262,7,1,10,Tank,1,NA_S2_RR_W4_D1_M2,5,Geekay Esports
17,9064,11,95,3299,9871,10,0,5,Support,1,NA_S2_RR_W4_D1_M2,5,Geekay Esports
23,9237,26,48,0,12565,9,2,8,Support,1,NA_S2_RR_W4_D1_M2,5,Geekay Esports
23,11253,0,13,0,0,11,2,6,Damage,0,NA_S2_RR_W4_D1_M2,5,Team Liquid
23,10543,0,66,653,0,9,0,11,Damage,0,NA_S2_RR_W4_D1_M2,5,Team Liquid
22,13508,5,159,10661,0,7,1,13,Tank,0,NA_S2_RR_W4_D1_M2,5,Team Liquid
22,7684,19,48,2883,10494,10,0,5,Support,0,NA_S2_RR_W4_D1_M2,5,Team Liquid
18,6604,23,39,0,13019,9,1,4,Support,0,NA_S2_RR_W4_D1_M2,5,Team Liquid
8,4678,0,16,0,0,8,0,3,Damage,0,NA_S2_RR_W1_D1_M3,1,DhillDucks
7,5867,0,4,35,0,9,0,4,Damage,0,NA_S2_RR_W1_D1_M3,1,DhillDucks
7,4660,2,15,4736,0,7,0,1,Tank,0,NA_S2_RR_W1_D1_M3,1,DhillDucks
7,3351,4,4,0,5120,8,1,3,Support,0,NA_S2_RR_W1_D1_M3,1,DhillDucks
5,2399,2,21,408,2639,8,0,4,Support,0,NA_S2_RR_W1_D1_M3,1,DhillDucks
32,6110,0,13,0,0,2,2,10,Damage,1,NA_S2_RR_W1_D1_M3,1,Extinction
24,7489,10,5,0,0,4,1,6,Damage,1,NA_S2_RR_W1_D1_M3,1,Extinction
21,4090,7,29,3227,0,2,1,10,Tank,1,NA_S2_RR_W1_D1_M3,1,Extinction
16,3305,17,12,0,3546,3,0,8,Support,1,NA_S2_RR_W1_D1_M3,1,Extinction
16,3150,13,18,666,2529,4,0,6,Support,1,NA_S2_RR_W1_D1_M3,1,Extinction
23,9291,0,62,1577,160,11,1,11,Damage,0,NA_S2_RR_W1_D1_M3,2,DhillDucks
24,10566,1,51,0,0,14,1,9,Damage,0,NA_S2_RR_W1_D1_M3,2,DhillDucks
25,13168,4,126,9213,0,11,0,10,Tank,0,NA_S2_RR_W1_D1_M3,2,DhillDucks
16,5550,23,34,861,11754,13,0,4,Support,0,NA_S2_RR_W1_D1_M3,2,DhillDucks
16,5646,15,86,3576,7284,13,0,5,Support,0,NA_S2_RR_W1_D1_M3,2,DhillDucks
36,11960,1,91,2265,340,9,1,17,Damage,1,NA_S2_RR_W1_D1_M3,2,Extinction
27,12223,0,31,0,0,5,1,16,Damage,1,NA_S2_RR_W1_D1_M3,2,Extinction
41,11682,9,86,8640,0,9,4,17,Tank,1,NA_S2_RR_W1_D1_M3,2,Extinction
33,6743,28,86,0,15280,8,0,9,Support,1,NA_S2_RR_W1_D1_M3,2,Extinction
21,6041,25,92,1848,5563,8,0,3,Support,1,NA_S2_RR_W1_D1_M3,2,Extinction
21,10794,0,64,0,0,7,0,8,Damage,0,NA_S2_RR_W1_D1_M3,3,DhillDucks
19,10977,0,23,0,0,13,0,5,Damage,0,NA_S2_RR_W1_D1_M3,3,DhillDucks
19,9257,2,112,16400,1412,5,0,10,Tank,0,NA_S2_RR_W1_D1_M3,3,DhillDucks
10,7112,20,36,0,12331,8,0,4,Support,0,NA_S2_RR_W1_D1_M3,3,DhillDucks
21,6864,15,40,1271,6346,12,2,7,Support,0,NA_S2_RR_W1_D1_M3,3,DhillDucks
25,8743,0,58,0,0,6,0,13,Damage,1,NA_S2_RR_W1_D1_M3,3,Extinction
22,9629,0,22,0,0,6,3,9,Damage,1,NA_S2_RR_W1_D1_M3,3,Extinction
33,12293,6,102,10633,809,6,2,12,Tank,1,NA_S2_RR_W1_D1_M3,3,Extinction
22,5779,22,74,0,11838,7,0,5,Support,1,NA_S2_RR_W1_D1_M3,3,Extinction
17,5291,14,44,1641,6363,9,1,5,Support,1,NA_S2_RR_W1_D1_M3,3,Extinction
8,4758,0,14,0,0,3,0,2,Damage,0,NA_S2_RR_W4_D1_M1,1,Supernova
12,4438,0,46,0,0,5,0,3,Damage,0,NA_S2_RR_W4_D1_M1,1,Supernova
7,3998,1,40,3893,0,7,0,3,Tank,0,NA_S2_RR_W4_D1_M1,1,Supernova
8,2451,5,22,230,2839,4,0,1,Support,0,NA_S2_RR_W4_D1_M1,1,Supernova
9,3980,4,7,0,2794,5,0,7,Support,0,NA_S2_RR_W4_D1_M1,1,Supernova
14,5805,0,33,0,0,5,0,4,Damage,1,NA_S2_RR_W4_D1_M1,1,Sakura
11,7172,0,10,0,0,3,0,5,Damage,1,NA_S2_RR_W4_D1_M1,1,Sakura
20,6739,2,82,3871,69,2,0,7,Tank,1,NA_S2_RR_W4_D1_M1,1,Sakura
12,2983,9,29,632,3553,4,0,3,Support,1,NA_S2_RR_W4_D1_M1,1,Sakura
11,1922,14,15,0,7500,2,0,3,Support,1,NA_S2_RR_W4_D1_M1,1,Sakura
7,5751,1,17,44,0,7,1,3,Damage,0,NA_S2_RR_W4_D1_M1,2,Supernova
12,5815,0,30,0,0,7,1,7,Damage,0,NA_S2_RR_W4_D1_M1,2,Supernova
10,8346,1,55,8886,0,6,0,2,Tank,0,NA_S2_RR_W4_D1_M1,2,Supernova
7,4786,4,24,1591,5024,4,0,4,Support,0,NA_S2_RR_W4_D1_M1,2,Supernova
3,3791,11,12,0,13274,4,0,1,Support,0,NA_S2_RR_W4_D1_M1,2,Supernova
21,5490,0,35,925,216,5,1,6,Damage,1,NA_S2_RR_W4_D1_M1,2,Sakura
19,13969,0,22,0,0,3,0,10,Damage,1,NA_S2_RR_W4_D1_M1,2,Sakura
21,7191,12,51,16433,748,3,0,5,Tank,1,NA_S2_RR_W4_D1_M1,2,Sakura
16,4386,14,40,2343,5052,3,0,3,Support,1,NA_S2_RR_W4_D1_M1,2,Sakura
12,3998,16,25,0,9506,3,0,4,Support,1,NA_S2_RR_W4_D1_M1,2,Sakura
26,9769,2,96,0,0,5,0,9,Damage,1,NA_S2_RR_W4_D1_M1,3,Supernova
26,8164,0,96,498,333,8,0,14,Damage,1,NA_S2_RR_W4_D1_M1,3,Supernova
27,11817,10,221,12075,0,6,0,8,Tank,1,NA_S2_RR_W4_D1_M1,3,Supernova
17,4764,30,121,4800,8633,7,0,4,Support,1,NA_S2_RR_W4_D1_M1,3,Supernova
20,5643,26,87,0,14770,6,0,4,Support,1,NA_S2_RR_W4_D1_M1,3,Supernova
21,8674,0,186,1542,611,8,0,9,Damage,0,NA_S2_RR_W4_D1_M1,3,Sakura
14,10661,0,29,0,0,9,0,7,Damage,0,NA_S2_RR_W4_D1_M1,3,Sakura
23,10566,12,235,8732,0,9,0,10,Tank,0,NA_S2_RR_W4_D1_M1,3,Sakura
21,4723,22,116,2728,5481,7,0,3,Support,0,NA_S2_RR_W4_D1_M1,3,Sakura
18,5681,22,131,0,15254,6,0,3,Support,0,NA_S2_RR_W4_D1_M1,3,Sakura
20,12977,1,71,0,0,14,0,6,Damage,0,NA_S2_RR_W4_D1_M1,4,Supernova
33,12505,0,148,0,0,11,1,18,Damage,0,NA_S2_RR_W4_D1_M1,4,Supernova
24,19258,5,308,21763,0,12,0,6,Tank,0,NA_S2_RR_W4_D1_M1,4,Supernova
17,6871,29,170,8268,15083,10,0,3,Support,0,NA_S2_RR_W4_D1_M1,4,Supernova
17,7540,20,60,0,18598,10,0,9,Support,0,NA_S2_RR_W4_D1_M1,4,Supernova
38,13886,1,210,3844,802,8,1,18,Damage,1,NA_S2_RR_W4_D1_M1,4,Sakura
37,21405,1,60,0,0,10,0,18,Damage,1,NA_S2_RR_W4_D1_M1,4,Sakura
41,15334,18,291,26027,778,6,0,17,Tank,1,NA_S2_RR_W4_D1_M1,4,Sakura
19,5262,39,208,5523,10833,10,0,1,Support,1,NA_S2_RR_W4_D1_M1,4,Sakura
23,4888,34,90,0,23551,8,0,3,Support,1,NA_S2_RR_W4_D1_M1,4,Sakura
8,6581,0,105,0,0,5,0,5,Damage,0,NA_S2_RR_W1_D2_M2,1,NTMR
8,5084,1,33,0,134,11,1,2,Damage,0,NA_S2_RR_W1_D2_M2,1,NTMR
5,7948,0,78,11985,790,8,0,2,Tank,0,NA_S2_RR_W1_D2_M2,1,NTMR
6,3162,6,18,920,3147,10,1,3,Support,0,NA_S2_RR_W1_D2_M2,1,NTMR
7,3832,5,19,0,6402,8,0,3,Support,0,NA_S2_RR_W1_D2_M2,1,NTMR
25,7175,0,88,0,0,1,0,13,Damage,1,NA_S2_RR_W1_D2_M2,1,SpaceStation
21,8370,0,38,0,0,6,1,11,Damage,1,NA_S2_RR_W1_D2_M2,1,SpaceStation
22,8227,3,99,9518,1212,4,0,4,Tank,1,NA_S2_RR_W1_D2_M2,1,SpaceStation
17,3731,21,79,1075,6077,1,0,4,Support,1,NA_S2_RR_W1_D2_M2,1,SpaceStation
17,3637,14,46,69,7520,4,1,9,Support,1,NA_S2_RR_W1_D2_M2,1,SpaceStation
29,10233,0,121,653,33,6,1,18,Damage,1,NA_S2_RR_W1_D2_M2,2,NTMR
23,13347,1,38,0,0,7,1,10,Damage,1,NA_S2_RR_W1_D2_M2,2,NTMR
10,7083,3,24,6460,161,3,0,4,Tank,1,NA_S2_RR_W1_D2_M2,2,NTMR
21,3136,29,73,0,13597,5,0,4,Support,1,NA_S2_RR_W1_D2_M2,2,NTMR
13,3853,18,69,612,9827,5,0,3,Support,1,NA_S2_RR_W1_D2_M2,2,NTMR
22,10560,0,132,866,37,8,1,15,Damage,0,NA_S2_RR_W1_D2_M2,2,SpaceStation
13,11566,0,15,0,0,10,1,6,Damage,0,NA_S2_RR_W1_D2_M2,2,SpaceStation
12,10908,3,133,11845,181,9,0,3,Tank,0,NA_S2_RR_W1_D2_M2,2,SpaceStation
7,2666,9,49,37,10373,10,0,1,Support,0,NA_S2_RR_W1_D2_M2,2,SpaceStation
7,3422,9,15,796,13106,11,0,2,Support,0,NA_S2_RR_W1_D2_M2,2,SpaceStation
19,8873,0,70,0,0,7,0,8,Damage,1,NA_S2_RR_W1_D2_M2,3,NTMR
20,8717,3,24,62,1082,12,0,8,Damage,1,NA_S2_RR_W1_D2_M2,3,NTMR
21,13048,11,172,9187,3127,8,0,8,Tank,1,NA_S2_RR_W1_D2_M2,3,NTMR
15,5026,19,27,2692,9796,10,0,2,Support,1,NA_S2_RR_W1_D2_M2,3,NTMR
10,6512,21,30,1143,11360,10,0,4,Support,1,NA_S2_RR_W1_D2_M2,3,NTMR
38,10502,0,72,0,0,4,1,13,Damage,0,NA_S2_RR_W1_D2_M2,3,SpaceStation
30,15131,0,44,0,0,9,0,12,Damage,0,NA_S2_RR_W1_D2_M2,3,SpaceStation
36,10160,12,93,10077,0,5,1,8,Tank,0,NA_S2_RR_W1_D2_M2,3,SpaceStation
24,5822,20,40,1358,6172,6,0,8,Support,0,NA_S2_RR_W1_D2_M2,3,SpaceStation
17,7101,25,35,0,10532,7,0,5,Support,0,NA_S2_RR_W1_D2_M2,3,SpaceStation
27,7892,0,28,0,0,5,2,17,Damage,1,NA_S2_RR_W1_D2_M2,4,NTMR
32,12238,1,15,0,0,6,3,18,Damage,1,NA_S2_RR_W1_D2_M2,4,NTMR
19,10050,4,101,5074,0,7,0,6,Tank,1,NA_S2_RR_W1_D2_M2,4,NTMR
12,2008,17,18,0,8563,7,0,2,Support,1,NA_S2_RR_W1_D2_M2,4,NTMR
10,2990,23,30,4636,7526,7,0,0,Support,1,NA_S2_RR_W1_D2_M2,4,NTMR
26,7713,0,146,0,0,6,1,13,Damage,0,NA_S2_RR_W1_D2_M2,4,SpaceStation
24,10484,0,89,0,0,11,0,9,Damage,0,NA_S2_RR_W1_D2_M2,4,SpaceStation
22,9628,6,105,12100,964,7,1,6,Tank,0,NA_S2_RR_W1_D2_M2,4,SpaceStation
10,2142,18,131,7225,5949,11,0,3,Support,0,NA_S2_RR_W1_D2_M2,4,SpaceStation
10,2727,12,60,759,8211,8,0,1,Support,0,NA_S2_RR_W1_D2_M2,4,SpaceStation
17,8656,1,17,354,91,5,0,11,Damage,1,NA_S2_RR_W6_D1_M3,1,Extinction
24,6002,0,22,0,0,5,5,8,Damage,1,NA_S2_RR_W6_D1_M3,1,Extinction
21,10284,6,66,5143,0,3,0,13,Tank,1,NA_S2_RR_W6_D1_M3,1,Extinction
12,4174,16,23,1148,8854,5,0,1,Support,1,NA_S2_RR_W6_D1_M3,1,Extinction
13,2888,24,19,4452,5947,5,0,0,Support,1,NA_S2_RR_W6_D1_M3,1,Extinction
10,4446,0,32,0,0,6,0,3,Damage,0,NA_S2_RR_W6_D1_M3,1,Supernova
18,8191,0,30,195,7,6,1,11,Damage,0,NA_S2_RR_W6_D1_M3,1,Supernova
9,6771,2,60,5274,0,7,0,2,Tank,0,NA_S2_RR_W6_D1_M3,1,Supernova
11,4391,12,15,1037,9687,8,0,3,Support,0,NA_S2_RR_W6_D1_M3,1,Supernova
12,3837,16,17,3669,6827,6,0,4,Support,0,NA_S2_RR_W6_D1_M3,1,Supernova
19,6226,0,15,0,0,5,0,7,Damage,1,NA_S2_RR_W6_D1_M3,2,Extinction
18,6972,1,37,3110,99,6,0,7,Damage,1,NA_S2_RR_W6_D1_M3,2,Extinction
20,7358,3,88,7870,0,5,1,12,Tank,1,NA_S2_RR_W6_D1_M3,2,Extinction
11,3593,23,18,0,9456,7,0,3,Support,1,NA_S2_RR_W6_D1_M3,2,Extinction
17,3900,12,22,1757,4869,7,0,6,Support,1,NA_S2_RR_W6_D1_M3,2,Extinction
19,7294,0,127,2980,455,6,1,9,Damage,0,NA_S2_RR_W6_D1_M3,2,Supernova
16,6831,0,51,0,0,9,1,3,Damage,0,NA_S2_RR_W6_D1_M3,2,Supernova
19,8623,4,203,7587,0,7,1,8,Tank,0,NA_S2_RR_W6_D1_M3,2,Supernova
8,3207,11,56,0,7228,7,1,5,Support,0,NA_S2_RR_W6_D1_M3,2,Supernova
15,3737,12,92,1276,4865,6,0,5,Support,0,NA_S2_RR_W6_D1_M3,2,Supernova
20,10085,0,46,0,0,8,2,8,Damage,1,NA_S2_RR_W6_D1_M3,3,Extinction
23,12154,0,51,2980,204,8,2,15,Damage,1,NA_S2_RR_W6_D1_M3,3,Extinction
24,13875,7,206,23013,751,7,0,10,Tank,1,NA_S2_RR_W6_D1_M3,3,Extinction
19,6647,17,83,98,16705,6,0,8,Support,1,NA_S2_RR_W6_D1_M3,3,Extinction
22,6636,24,91,4264,8735,10,0,1,Support,1,NA_S2_RR_W6_D1_M3,3,Extinction
23,9472,0,67,1333,0,13,1,12,Damage,0,NA_S2_RR_W6_D1_M3,3,Supernova
25,15263,0,42,0,0,6,0,11,Damage,0,NA_S2_RR_W6_D1_M3,3,Supernova
24,12528,10,216,15826,772,9,3,8,Tank,0,NA_S2_RR_W6_D1_M3,3,Supernova
18,6540,20,96,2291,9011,7,1,2,Support,0,NA_S2_RR_W6_D1_M3,3,Supernova
15,7996,18,45,3530,14572,8,0,6,Support,0,NA_S2_RR_W6_D1_M3,3,Supernova
9,5375,0,72,2840,384,10,0,6,Damage,0,NA_S2_RR_W1_D1_M2,1,Sakura
11,12112,0,17,0,0,8,0,4,Damage,0,NA_S2_RR_W1_D1_M2,1,Sakura
16,10651,2,46,9120,0,8,0,7,Tank,0,NA_S2_RR_W1_D1_M2,1,Sakura
8,3924,17,9,0,12644,6,1,2,Support,0,NA_S2_RR_W1_D1_M2,1,Sakura
10,3463,9,52,867,5405,6,0,3,Support,0,NA_S2_RR_W1_D1_M2,1,Sakura
28,6174,0,83,628,0,6,0,12,Damage,1,NA_S2_RR_W1_D1_M2,1,NTMR
26,9870,1,8,0,0,5,1,14,Damage,1,NA_S2_RR_W1_D1_M2,1,NTMR
26,10405,5,71,10350,0,5,0,7,Tank,1,NA_S2_RR_W1_D1_M2,1,NTMR
18,3667,23,23,1805,6622,3,0,0,Support,1,NA_S2_RR_W1_D1_M2,1,NTMR
18,5528,28,26,0,14014,3,0,4,Support,1,NA_S2_RR_W1_D1_M2,1,NTMR
16,12571,6,97,1802,678,12,0,7,Damage,0,NA_S2_RR_W1_D1_M2,2,Sakura
25,18999,0,122,0,0,9,1,14,Damage,0,NA_S2_RR_W1_D1_M2,2,Sakura
29,13033,15,321,20693,563,8,0,11,Tank,0,NA_S2_RR_W1_D1_M2,2,Sakura
15,4872,21,89,0,19557,9,0,3,Support,0,NA_S2_RR_W1_D1_M2,2,Sakura
15,5321,17,163,2194,7948,11,0,4,Support,0,NA_S2_RR_W1_D1_M2,2,Sakura
33,13354,0,194,0,0,7,3,14,Damage,1,NA_S2_RR_W1_D1_M2,2,NTMR
33,18568,1,77,0,0,7,1,22,Damage,1,NA_S2_RR_W1_D1_M2,2,NTMR
29,13991,9,156,19611,0,8,0,6,Tank,1,NA_S2_RR_W1_D1_M2,2,NTMR
18,4585,23,81,0,20139,7,0,3,Support,1,NA_S2_RR_W1_D1_M2,2,NTMR
13,5398,30,164,8603,13187,11,0,4,Support,1,NA_S2_RR_W1_D1_M2,2,NTMR
25,13582,3,190,5768,1108,12,2,15,Damage,0,NA_S2_RR_W1_D1_M2,3,Sakura
19,16029,0,61,0,0,12,0,8,Damage,0,NA_S2_RR_W1_D1_M2,3,Sakura
21,13143,11,331,19222,1679,11,2,8,Tank,0,NA_S2_RR_W1_D1_M2,3,Sakura
18,4731,17,124,0,23908,11,0,2,Support,0,NA_S2_RR_W1_D1_M2,3,Sakura
13,5825,21,162,3274,10270,11,0,3,Support,0,NA_S2_RR_W1_D1_M2,3,Sakura
40,13712,0,154,924,206,9,0,22,Damage,1,NA_S2_RR_W1_D1_M2,3,NTMR
33,17457,2,51,0,0,8,3,13,Damage,1,NA_S2_RR_W1_D1_M2,3,NTMR
40,21248,17,170,14285,0,5,0,10,Tank,1,NA_S2_RR_W1_D1_M2,3,NTMR
19,4198,32,66,0,21680,6,1,3,Support,1,NA_S2_RR_W1_D1_M2,3,NTMR
23,6405,36,202,1925,12269,8,0,7,Support,1,NA_S2_RR_W1_D1_M2,3,NTMR
18,5616,0,17,0,0,6,2,9,Damage,1,NA_S2_RR_W4_D2_M2,1,Geekay Esports
23,6033,0,38,0,0,3,1,9,Damage,1,NA_S2_RR_W4_D2_M2,1,Geekay Esports
21,6928,3,33,6571,0,4,0,9,Tank,1,NA_S2_RR_W4_D2_M2,1,Geekay Esports
18,4392,18,35,1441,6450,3,1,3,Support,1,NA_S2_RR_W4_D2_M2,1,Geekay Esports
19,5524,16,40,0,6200,2,2,10,Support,1,NA_S2_RR_W4_D2_M2,1,Geekay Esports
11,4992,0,38,0,0,6,2,6,Damage,0,NA_S2_RR_W4_D2_M2,1,DhillDucks
8,5978,0,13,0,0,9,0,5,Damage,0,NA_S2_RR_W4_D2_M2,1,DhillDucks
10,7724,1,28,6306,0,7,1,3,Tank,0,NA_S2_RR_W4_D2_M2,1,DhillDucks
8,4039,7,34,424,4199,9,0,3,Support,0,NA_S2_RR_W4_D2_M2,1,DhillDucks
5,3048,6,4,0,5791,10,0,1,Support,0,NA_S2_RR_W4_D2_M2,1,DhillDucks
16,6865,2,3,67,0,3,3,8,Damage,1,NA_S2_RR_W4_D2_M2,2,Geekay Esports
19,5008,3,13,0,1392,0,1,11,Damage,1,NA_S2_RR_W4_D2_M2,2,Geekay Esports
15,6214,2,39,3409,0,2,0,5,Tank,1,NA_S2_RR_W4_D2_M2,2,Geekay Esports
6,1498,18,20,782,5617,0,0,1,Support,1,NA_S2_RR_W4_D2_M2,2,Geekay Esports
10,3198,5,1,151,3225,3,0,5,Support,1,NA_S2_RR_W4_D2_M2,2,Geekay Esports
4,3915,0,16,511,0,5,1,3,Damage,0,NA_S2_RR_W4_D2_M2,2,DhillDucks
3,3918,1,30,509,480,5,0,1,Damage,0,NA_S2_RR_W4_D2_M2,2,DhillDucks
2,3081,1,44,6350,0,6,0,0,Tank,0,NA_S2_RR_W4_D2_M2,2,DhillDucks
5,2041,4,22,11,2367,8,0,1,Support,0,NA_S2_RR_W4_D2_M2,2,DhillDucks
5,2532,2,18,990,6064,6,1,3,Support,0,NA_S2_RR_W4_D2_M2,2,DhillDucks
26,13269,4,29,36,0,5,1,10,Damage,1,NA_S2_RR_W4_D2_M2,3,Geekay Esports
22,9395,7,16,0,895,3,2,10,Damage,1,NA_S2_RR_W4_D2_M2,3,Geekay Esports
26,11438,4,47,9264,1317,4,3,12,Tank,1,NA_S2_RR_W4_D2_M2,3,Geekay Esports
7,3306,25,58,2053,13040,5,0,1,Support,1,NA_S2_RR_W4_D2_M2,3,Geekay Esports
22,9920,15,22,466,9316,4,0,8,Support,1,NA_S2_RR_W4_D2_M2,3,Geekay Esports
13,6220,1,26,0,250,6,0,3,Damage,0,NA_S2_RR_W4_D2_M2,3,DhillDucks
11,9747,1,23,162,43,11,0,5,Damage,0,NA_S2_RR_W4_D2_M2,3,DhillDucks
11,10181,6,52,5927,300,9,0,2,Tank,0,NA_S2_RR_W4_D2_M2,3,DhillDucks
13,8212,8,38,0,10275,7,0,5,Support,0,NA_S2_RR_W4_D2_M2,3,DhillDucks
9,6533,10,6,0,7936,8,0,6,Support,0,NA_S2_RR_W4_D2_M2,3,DhillDucks
13,9029,2,13,321,73,6,0,6,Damage,0,NA_S2_RR_W5_D2_M2,1,Supernova
16,5839,0,58,0,0,7,2,4,Damage,0,NA_S2_RR_W5_D2_M2,1,Supernova
10,10070,2,46,6319,0,7,1,4,Tank,0,NA_S2_RR_W5_D2_M2,1,Supernova
10,3920,10,2,967,11193,6,0,3,Support,0,NA_S2_RR_W5_D2_M2,1,Supernova
9,2294,12,10,3763,5499,8,0,1,Support,0,NA_S2_RR_W5_D2_M2,1,Supernova
19,7960,2,7,42,25,5,0,8,Damage,1,NA_S2_RR_W5_D2_M2,1,Team Liquid
21,5958,0,51,0,0,2,0,8,Damage,1,NA_S2_RR_W5_D2_M2,1,Team Liquid
20,13026,7,54,7454,0,4,0,7,Tank,1,NA_S2_RR_W5_D2_M2,1,Team Liquid
19,4682,18,16,882,13821,3,0,7,Support,1,NA_S2_RR_W5_D2_M2,1,Team Liquid
11,2465,18,18,4487,5326,5,0,4,Support,1,NA_S2_RR_W5_D2_M2,1,Team Liquid
3,4463,0,16,7,33,6,0,2,Damage,0,NA_S2_RR_W5_D2_M2,2,Supernova
6,3730,0,49,0,0,5,2,3,Damage,0,NA_S2_RR_W5_D2_M2,2,Supernova
3,6756,1,83,3281,0,5,0,1,Tank,0,NA_S2_RR_W5_D2_M2,2,Supernova
3,3147,2,5,255,7101,5,0,1,Support,0,NA_S2_RR_W5_D2_M2,2,Supernova
3,2278,1,10,1202,1935,6,0,0,Support,0,NA_S2_RR_W5_D2_M2,2,Supernova
17,6279,1,13,183,165,1,1,8,Damage,1,NA_S2_RR_W5_D2_M2,2,Team Liquid
14,4848,0,20,727,19,1,0,6,Damage,1,NA_S2_RR_W5_D2_M2,2,Team Liquid
17,7226,2,53,3158,0,1,0,8,Tank,1,NA_S2_RR_W5_D2_M2,2,Team Liquid
15,2023,10,13,88,9022,3,0,2,Support,1,NA_S2_RR_W5_D2_M2,2,Team Liquid
13,1767,20,31,3613,5308,1,0,3,Support,1,NA_S2_RR_W5_D2_M2,2,Team Liquid
22,15444,0,27,0,0,9,1,11,Damage,0,NA_S2_RR_W5_D2_M2,3,Supernova
15,10113,0,98,1892,351,10,1,12,Damage,0,NA_S2_RR_W5_D2_M2,3,Supernova
15,8848,2,115,18996,38,11,1,2,Tank,0,NA_S2_RR_W5_D2_M2,3,Supernova
11,6053,18,103,1125,11426,7,0,1,Support,0,NA_S2_RR_W5_D2_M2,3,Supernova
11,3679,15,49,1208,13404,8,0,4,Support,0,NA_S2_RR_W5_D2_M2,3,Supernova
22,12699,1,60,0,0,8,1,14,Damage,1,NA_S2_RR_W5_D2_M2,3,Team Liquid
26,10502,1,61,0,0,7,0,9,Damage,1,NA_S2_RR_W5_D2_M2,3,Team Liquid
18,14384,4,75,15221,690,5,0,8,Tank,1,NA_S2_RR_W5_D2_M2,3,Team Liquid
21,5797,25,91,1394,17595,4,0,3,Support,1,NA_S2_RR_W5_D2_M2,3,Team Liquid
22,7636,17,139,3406,8885,6,0,9,Support,1,NA_S2_RR_W5_D2_M2,3,Team Liquid
19,6500,2,5,0,0,4,1,9,Damage,1,NA_S2_RR_W4_D1_M3,1,NTMR
22,4615,0,34,0,0,1,2,6,Damage,1,NA_S2_RR_W4_D1_M3,1,NTMR
21,5787,4,54,3362,0,2,2,9,Tank,1,NA_S2_RR_W4_D1_M3,1,NTMR
12,3775,18,26,0,5679,3,0,3,Support,1,NA_S2_RR_W4_D1_M3,1,NTMR
13,2281,7,17,300,2342,6,0,6,Support,1,NA_S2_RR_W4_D1_M3,1,NTMR
12,3879,0,34,0,0,7,2,6,Damage,0,NA_S2_RR_W4_D1_M3,1,Extinction
6,2759,0,16,0,0,7,1,5,Damage,0,NA_S2_RR_W4_D1_M3,1,Extinction
9,3509,2,52,3340,0,6,0,3,Tank,0,NA_S2_RR_W4_D1_M3,1,Extinction
9,3129,5,19,15,2147,7,0,2,Support,0,NA_S2_RR_W4_D1_M3,1,Extinction
3,2882,6,20,0,4091,7,0,0,Support,0,NA_S2_RR_W4_D1_M3,1,Extinction
23,8488,0,16,0,0,7,1,11,Damage,1,NA_S2_RR_W4_D1_M3,2,NTMR
25,7526,0,50,0,0,3,0,8,Damage,1,NA_S2_RR_W4_D1_M3,2,NTMR
30,9881,17,136,5796,2393,3,0,9,Tank,1,NA_S2_RR_W4_D1_M3,2,NTMR
13,4702,25,23,0,8923,4,0,3,Support,1,NA_S2_RR_W4_D1_M3,2,NTMR
20,3646,20,24,603,5972,6,0,7,Support,1,NA_S2_RR_W4_D1_M3,2,NTMR
14,5896,0,47,0,0,5,0,6,Damage,0,NA_S2_RR_W4_D1_M3,2,Extinction
12,8321,0,35,0,0,8,1,6,Damage,0,NA_S2_RR_W4_D1_M3,2,Extinction
16,6799,4,49,10123,246,8,1,5,Tank,0,NA_S2_RR_W4_D1_M3,2,Extinction
7,5030,14,18,1928,4767,9,0,0,Support,0,NA_S2_RR_W4_D1_M3,2,Extinction
11,4396,10,29,0,8372,9,0,5,Support,0,NA_S2_RR_W4_D1_M3,2,Extinction
23,13143,0,34,0,0,15,1,15,Damage,0,NA_S2_RR_W4_D1_M3,3,NTMR
25,9663,0,192,0,0,9,3,8,Damage,0,NA_S2_RR_W4_D1_M3,3,NTMR
28,12294,6,216,12221,0,8,2,8,Tank,0,NA_S2_RR_W4_D1_M3,3,NTMR
20,5638,17,88,350,13672,9,3,10,Support,0,NA_S2_RR_W4_D1_M3,3,NTMR
12,4075,14,78,1009,7214,10,0,5,Support,0,NA_S2_RR_W4_D1_M3,3,NTMR
38,10692,0,190,0,0,7,1,19,Damage,1,NA_S2_RR_W4_D1_M3,3,Extinction
20,10606,1,71,0,0,9,0,6,Damage,1,NA_S2_RR_W4_D1_M3,3,Extinction
41,11417,5,164,7496,106,8,1,19,Tank,1,NA_S2_RR_W4_D1_M3,3,Extinction
17,6498,21,127,1577,7910,10,0,4,Support,1,NA_S2_RR_W4_D1_M3,3,Extinction
19,6359,29,109,0,11894,12,0,3,Support,1,NA_S2_RR_W4_D1_M3,3,Extinction
16,9344,0,34,0,0,7,0,7,Damage,0,NA_S2_RR_W4_D1_M3,4,NTMR
24,8227,0,155,0,0,4,0,13,Damage,0,NA_S2_RR_W4_D1_M3,4,NTMR
16,11126,9,246,11731,0,8,0,2,Tank,0,NA_S2_RR_W4_D1_M3,4,NTMR
12,4996,17,69,0,6880,7,0,5,Support,0,NA_S2_RR_W4_D1_M3,4,NTMR
8,2264,14,37,0,6938,8,0,1,Support,0,NA_S2_RR_W4_D1_M3,4,NTMR
23,7839,0,21,0,0,6,4,15,Damage,1,NA_S2_RR_W4_D1_M3,4,Extinction
16,8797,0,9,272,110,5,0,7,Damage,1,NA_S2_RR_W4_D1_M3,4,Extinction
19,10436,7,188,6952,0,4,1,7,Tank,1,NA_S2_RR_W4_D1_M3,4,Extinction
10,1735,17,24,4735,6943,6,0,3,Support,1,NA_S2_RR_W4_D1_M3,4,Extinction
13,2128,15,15,0,13487,7,0,2,Support,1,NA_S2_RR_W4_D1_M3,4,Extinction
34,11806,0,21,0,0,6,1,11,Damage,1,NA_S2_RR_W4_D1_M3,5,NTMR
30,9695,0,60,1636,431,7,1,13,Damage,1,NA_S2_RR_W4_D1_M3,5,NTMR
38,11326,4,104,9405,0,5,1,15,Tank,1,NA_S2_RR_W4_D1_M3,5,NTMR
20,5362,34,119,0,11812,4,0,8,Support,1,NA_S2_RR_W4_D1_M3,5,NTMR
31,5891,25,78,2346,7945,1,0,10,Support,1,NA_S2_RR_W4_D1_M3,5,NTMR
13,7503,0,45,2244,44,12,0,6,Damage,0,NA_S2_RR_W4_D1_M3,5,Extinction
10,10011,1,69,0,0,11,0,3,Damage,0,NA_S2_RR_W4_D1_M3,5,Extinction
16,10229,3,97,8637,0,11,3,8,Tank,0,NA_S2_RR_W4_D1_M3,5,Extinction
10,4281,11,102,1558,5697,11,0,4,Support,0,NA_S2_RR_W4_D1_M3,5,Extinction
6,4912,12,92,0,11907,12,1,2,Support,0,NA_S2_RR_W4_D1_M3,5,Extinction
27,9419,0,111,0,0,6,0,9,Damage,1,NA_S2_RR_W5_D2_M1,1,Sakura
20,16334,0,23,0,0,7,4,10,Damage,1,NA_S2_RR_W5_D2_M1,1,Sakura
25,11610,4,103,9383,0,9,1,11,Tank,1,NA_S2_RR_W5_D2_M1,1,Sakura
17,6646,19,75,1440,7716,8,0,2,Support,1,NA_S2_RR_W5_D2_M1,1,Sakura
10,3687,19,30,0,12688,7,0,6,Support,1,NA_S2_RR_W5_D2_M1,1,Sakura
22,10949,1,26,0,0,9,1,12,Damage,0,NA_S2_RR_W5_D2_M1,1,SpaceStation
23,7847,0,81,0,0,7,2,10,Damage,0,NA_S2_RR_W5_D2_M1,1,SpaceStation
23,11759,8,127,19169,1643,8,1,6,Tank,0,NA_S2_RR_W5_D2_M1,1,SpaceStation
9,5405,10,41,0,12928,5,0,3,Support,0,NA_S2_RR_W5_D2_M1,1,SpaceStation
15,5621,8,44,2383,7165,10,1,6,Support,0,NA_S2_RR_W5_D2_M1,1,SpaceStation
4,3272,0,72,0,0,6,0,3,Damage,0,NA_S2_RR_W5_D2_M1,2,Sakura
3,6178,1,6,0,0,7,0,1,Damage,0,NA_S2_RR_W5_D2_M1,2,Sakura
9,5963,6,121,12074,0,6,0,3,Tank,0,NA_S2_RR_W5_D2_M1,2,Sakura
6,2180,3,35,673,3342,4,0,3,Support,0,NA_S2_RR_W5_D2_M1,2,Sakura
5,2735,7,33,0,8282,5,0,0,Support,0,NA_S2_RR_W5_D2_M1,2,Sakura
15,6635,0,29,0,0,2,1,5,Damage,1,NA_S2_RR_W5_D2_M1,2,SpaceStation
20,6390,0,93,0,0,0,0,12,Damage,1,NA_S2_RR_W5_D2_M1,2,SpaceStation
21,8086,1,87,9789,0,2,0,6,Tank,1,NA_S2_RR_W5_D2_M1,2,SpaceStation
8,2964,20,38,0,6938,3,0,3,Support,1,NA_S2_RR_W5_D2_M1,2,SpaceStation
11,2845,15,53,1080,4958,3,0,2,Support,1,NA_S2_RR_W5_D2_M1,2,SpaceStation
9,9754,0,99,3053,374,10,0,4,Damage,0,NA_S2_RR_W5_D2_M1,3,Sakura
15,13200,1,98,395,0,7,1,8,Damage,0,NA_S2_RR_W5_D2_M1,3,Sakura
14,8832,5,170,23836,0,8,0,3,Tank,0,NA_S2_RR_W5_D2_M1,3,Sakura
8,3830,12,97,1866,6326,5,0,0,Support,0,NA_S2_RR_W5_D2_M1,3,Sakura
9,4016,12,86,374,14032,8,0,3,Support,0,NA_S2_RR_W5_D2_M1,3,Sakura
29,12924,0,38,0,0,5,1,12,Damage,1,NA_S2_RR_W5_D2_M1,3,SpaceStation
21,7737,0,46,0,0,2,0,11,Damage,1,NA_S2_RR_W5_D2_M1,3,SpaceStation
23,14157,7,171,9062,0,4,0,8,Tank,1,NA_S2_RR_W5_D2_M1,3,SpaceStation
14,5209,26,48,1740,17247,3,0,1,Support,1,NA_S2_RR_W5_D2_M1,3,SpaceStation
15,4341,19,127,5811,7260,4,0,6,Support,1,NA_S2_RR_W5_D2_M1,3,SpaceStation
17,5249,0,103,0,0,6,0,8,Damage,0,NA_S2_RR_W5_D2_M1,4,Sakura
12,9474,2,35,0,0,8,0,5,Damage,0,NA_S2_RR_W5_D2_M1,4,Sakura
12,7441,2,94,6846,249,9,0,7,Tank,0,NA_S2_RR_W5_D2_M1,4,Sakura
12,5397,8,78,0,4973,5,0,2,Support,0,NA_S2_RR_W5_D2_M1,4,Sakura
5,1924,13,27,0,8859,9,0,1,Support,0,NA_S2_RR_W5_D2_M1,4,Sakura
24,7281,0,59,0,0,7,1,9,Damage,1,NA_S2_RR_W5_D2_M1,4,SpaceStation
27,6869,0,39,0,0,1,0,10,Damage,1,NA_S2_RR_W5_D2_M1,4,SpaceStation
22,9543,9,62,4982,0,4,0,8,Tank,1,NA_S2_RR_W5_D2_M1,4,SpaceStation
17,3876,17,58,0,9657,4,0,7,Support,1,NA_S2_RR_W5_D2_M1,4,SpaceStation
15,3881,20,32,1202,5387,7,0,3,Support,1,NA_S2_RR_W5_D2_M1,4,SpaceStation
11,4551,0,61,0,0,7,0,4,Damage,0,NA_S2_RR_W1_D2_M1,1,Supernova
7,6098,0,1,0,0,6,1,3,Damage,0,NA_S2_RR_W1_D2_M1,1,Supernova
9,5763,2,68,6369,0,7,0,1,Tank,0,NA_S2_RR_W1_D2_M1,1,Supernova
6,5220,6,20,4272,7562,5,0,4,Support,0,NA_S2_RR_W1_D2_M1,1,Supernova
7,3160,9,4,0,11435,4,0,1,Support,0,NA_S2_RR_W1_D2_M1,1,Supernova
16,10711,0,12,0,0,5,0,9,Damage,1,NA_S2_RR_W1_D2_M1,1,Geekay Esports
19,5246,0,30,0,0,0,2,7,Damage,1,NA_S2_RR_W1_D2_M1,1,Geekay Esports
14,8511,2,31,9319,0,5,0,5,Tank,1,NA_S2_RR_W1_D2_M1,1,Geekay Esports
11,4206,9,42,0,5703,3,0,5,Support,1,NA_S2_RR_W1_D2_M1,1,Geekay Esports
14,5288,17,65,1111,5967,0,0,2,Support,1,NA_S2_RR_W1_D2_M1,1,Geekay Esports
5,3830,0,23,742,395,6,0,2,Damage,0,NA_S2_RR_W1_D2_M1,2,Supernova
4,3933,0,18,0,0,3,2,2,Damage,0,NA_S2_RR_W1_D2_M1,2,Supernova
7,6130,3,54,14027,0,4,0,3,Tank,0,NA_S2_RR_W1_D2_M1,2,Supernova
3,1762,6,16,0,7445,2,0,1,Support,0,NA_S2_RR_W1_D2_M1,2,Supernova
4,2824,4,35,920,5905,3,1,2,Support,0,NA_S2_RR_W1_D2_M1,2,Supernova
9,6861,0,36,0,0,2,0,6,Damage,1,NA_S2_RR_W1_D2_M1,2,Geekay Esports
8,7773,0,10,295,0,3,0,3,Damage,1,NA_S2_RR_W1_D2_M1,2,Geekay Esports
10,5675,2,36,5561,0,1,0,2,Tank,1,NA_S2_RR_W1_D2_M1,2,Geekay Esports
11,1983,6,39,0,7770,1,0,6,Support,1,NA_S2_RR_W1_D2_M1,2,Geekay Esports
6,1446,8,13,418,5313,3,0,1,Support,1,NA_S2_RR_W1_D2_M1,2,Geekay Esports
18,7328,0,66,1409,33,8,0,5,Damage,0,NA_S2_RR_W1_D2_M1,3,Supernova
10,7009,2,46,211,0,9,0,2,Damage,0,NA_S2_RR_W1_D2_M1,3,Supernova
23,13541,8,139,7355,0,6,0,11,Tank,0,NA_S2_RR_W1_D2_M1,3,Supernova
15,5065,20,56,5537,10108,8,0,6,Support,0,NA_S2_RR_W1_D2_M1,3,Supernova
18,4485,15,32,0,14871,7,0,4,Support,0,NA_S2_RR_W1_D2_M1,3,Supernova
18,13207,3,88,296,0,7,1,5,Damage,1,NA_S2_RR_W1_D2_M1,3,Geekay Esports
24,10137,0,84,1216,288,4,1,14,Damage,1,NA_S2_RR_W1_D2_M1,3,Geekay Esports
29,12958,10,125,12190,0,5,0,10,Tank,1,NA_S2_RR_W1_D2_M1,3,Geekay Esports
21,3544,19,100,0,13484,5,0,6,Support,1,NA_S2_RR_W1_D2_M1,3,Geekay Esports
13,3598,29,156,3459,7975,7,0,3,Support,1,NA_S2_RR_W1_D2_M1,3,Geekay Esports
21,4654,6,3,0,72,1,1,5,Damage,1,NA_S2_RR_W2_D2_M2,1,SpaceStation
24,5996,1,25,0,0,2,0,13,Damage,1,NA_S2_RR_W2_D2_M2,1,SpaceStation
22,6214,2,39,3327,382,0,0,11,Tank,1,NA_S2_RR_W2_D2_M2,1,SpaceStation
11,3751,13,2,498,5722,1,0,2,Support,1,NA_S2_RR_W2_D2_M2,1,SpaceStation
11,1392,17,20,1147,2986,3,0,3,Support,1,NA_S2_RR_W2_D2_M2,1,SpaceStation
5,4256,0,0,45,0,6,0,3,Damage,0,NA_S2_RR_W2_D2_M2,1,DhillDucks
2,2645,0,33,0,592,7,0,1,Damage,0,NA_S2_RR_W2_D2_M2,1,DhillDucks
3,3290,0,30,3061,0,7,1,2,Tank,0,NA_S2_RR_W2_D2_M2,1,DhillDucks
1,2508,3,12,0,3985,6,0,1,Support,0,NA_S2_RR_W2_D2_M2,1,DhillDucks
2,1636,3,11,416,2665,8,0,0,Support,0,NA_S2_RR_W2_D2_M2,1,DhillDucks
23,5038,5,0,0,400,1,3,11,Damage,1,NA_S2_RR_W2_D2_M2,2,SpaceStation
16,5017,0,0,0,0,3,2,6,Damage,1,NA_S2_RR_W2_D2_M2,2,SpaceStation
17,4699,2,6,2388,395,2,0,8,Tank,1,NA_S2_RR_W2_D2_M2,2,SpaceStation
18,2863,13,8,0,4298,0,1,4,Support,1,NA_S2_RR_W2_D2_M2,2,SpaceStation
16,3275,7,10,0,1558,1,0,7,Support,1,NA_S2_RR_W2_D2_M2,2,SpaceStation
4,2353,1,11,0,0,8,1,2,Damage,0,NA_S2_RR_W2_D2_M2,2,DhillDucks
4,2327,1,0,669,287,6,0,0,Damage,0,NA_S2_RR_W2_D2_M2,2,DhillDucks
5,3390,3,7,6227,0,6,0,3,Tank,0,NA_S2_RR_W2_D2_M2,2,DhillDucks
3,1764,4,1,0,3369,7,0,1,Support,0,NA_S2_RR_W2_D2_M2,2,DhillDucks
2,1725,1,6,0,3182,9,0,1,Support,0,NA_S2_RR_W2_D2_M2,2,DhillDucks
33,9751,10,46,0,1547,2,2,14,Damage,1,NA_S2_RR_W2_D2_M2,3,SpaceStation
29,8938,0,36,0,0,3,1,13,Damage,1,NA_S2_RR_W2_D2_M2,3,SpaceStation
24,10452,7,34,10320,703,2,0,12,Tank,1,NA_S2_RR_W2_D2_M2,3,SpaceStation
16,5300,27,15,0,8403,2,0,3,Support,1,NA_S2_RR_W2_D2_M2,3,SpaceStation
23,4765,26,36,1668,5297,5,0,3,Support,1,NA_S2_RR_W2_D2_M2,3,SpaceStation
12,6155,0,38,0,0,9,0,7,Damage,0,NA_S2_RR_W2_D2_M2,3,DhillDucks
9,5255,1,16,0,150,8,0,1,Damage,0,NA_S2_RR_W2_D2_M2,3,DhillDucks
4,6356,2,41,4694,0,9,0,1,Tank,0,NA_S2_RR_W2_D2_M2,3,DhillDucks
8,6133,4,12,0,6768,9,0,3,Support,0,NA_S2_RR_W2_D2_M2,3,DhillDucks
6,5134,5,18,0,8425,10,0,2,Support,0,NA_S2_RR_W2_D2_M2,3,DhillDucks
15,12610,0,25,0,0,12,1,10,Damage,0,NA_S2_RR_W3_D1_M2,1,Team Liquid
18,10266,0,98,0,0,4,2,12,Damage,0,NA_S2_RR_W3_D1_M2,1,Team Liquid
20,11790,11,114,6850,0,4,0,3,Tank,0,NA_S2_RR_W3_D1_M2,1,Team Liquid
9,6646,12,3,1255,11311,8,0,1,Support,0,NA_S2_RR_W3_D1_M2,1,Team Liquid
9,4609,12,38,4355,8039,10,0,3,Support,0,NA_S2_RR_W3_D1_M2,1,Team Liquid
25,13648,0,97,0,0,3,2,9,Damage,1,NA_S2_RR_W3_D1_M2,1,NTMR
16,12700,6,38,0,72,7,1,5,Damage,1,NA_S2_RR_W3_D1_M2,1,NTMR
22,11822,7,102,6548,0,5,1,9,Tank,1,NA_S2_RR_W3_D1_M2,1,NTMR
19,5514,14,38,1126,4027,7,0,8,Support,1,NA_S2_RR_W3_D1_M2,1,NTMR
13,9145,11,12,1115,9547,7,0,5,Support,1,NA_S2_RR_W3_D1_M2,1,NTMR
9,9560,0,15,0,0,10,0,4,Damage,0,NA_S2_RR_W3_D1_M2,2,Team Liquid
10,6944,0,23,2578,520,7,1,3,Damage,0,NA_S2_RR_W3_D1_M2,2,Team Liquid
11,8814,2,102,7540,0,8,1,5,Tank,0,NA_S2_RR_W3_D1_M2,2,Team Liquid
9,4058,7,5,0,8825,6,0,5,Support,0,NA_S2_RR_W3_D1_M2,2,Team Liquid
8,3287,8,17,1879,4081,7,0,2,Support,0,NA_S2_RR_W3_D1_M2,2,Team Liquid
24,6443,1,50,1286,59,4,2,10,Damage,1,NA_S2_RR_W3_D1_M2,2,NTMR
17,9301,0,22,0,0,4,1,9,Damage,1,NA_S2_RR_W3_D1_M2,2,NTMR
18,9604,4,79,8428,0,4,0,7,Tank,1,NA_S2_RR_W3_D1_M2,2,NTMR
18,3783,12,19,2057,3995,4,2,7,Support,1,NA_S2_RR_W3_D1_M2,2,NTMR
16,3403,21,17,0,14821,3,0,4,Support,1,NA_S2_RR_W3_D1_M2,2,NTMR
8,10078,2,44,0,0,9,0,3,Damage,0,NA_S2_RR_W3_D1_M2,3,Team Liquid
9,4518,0,62,0,0,5,0,2,Damage,0,NA_S2_RR_W3_D1_M2,3,Team Liquid
8,9842,4,173,7943,0,9,0,3,Tank,0,NA_S2_RR_W3_D1_M2,3,Team Liquid
4,1847,5,16,0,8433,9,0,1,Support,0,NA_S2_RR_W3_D1_M2,3,Team Liquid
5,2050,7,25,2640,4651,8,0,1,Support,0,NA_S2_RR_W3_D1_M2,3,Team Liquid
31,7080,0,49,0,0,0,3,10,Damage,1,NA_S2_RR_W3_D1_M2,3,NTMR
26,8396,0,19,0,0,2,2,15,Damage,1,NA_S2_RR_W3_D1_M2,3,NTMR
21,9349,6,116,6221,0,4,0,7,Tank,1,NA_S2_RR_W3_D1_M2,3,NTMR
16,1970,19,22,0,11449,2,0,3,Support,1,NA_S2_RR_W3_D1_M2,3,NTMR
13,4189,20,32,0,6603,2,0,5,Support,1,NA_S2_RR_W3_D1_M2,3,NTMR
21,10839,2,49,0,0,7,2,15,Damage,0,NA_S2_RR_W3_D2_M2,1,Extinction
18,9993,6,51,0,1267,9,2,5,Damage,0,NA_S2_RR_W3_D2_M2,1,Extinction
14,10553,3,117,9341,0,7,0,7,Tank,0,NA_S2_RR_W3_D2_M2,1,Extinction
10,5303,18,93,0,14663,7,1,5,Support,0,NA_S2_RR_W3_D2_M2,1,Extinction
18,7675,15,88,1122,7169,5,2,7,Support,0,NA_S2_RR_W3_D2_M2,1,Extinction
20,9647,0,121,0,0,6,3,10,Damage,1,NA_S2_RR_W3_D2_M2,1,Sakura
16,15064,0,35,0,0,12,0,7,Damage,1,NA_S2_RR_W3_D2_M2,1,Sakura
24,10595,11,150,18514,1809,6,0,8,Tank,1,NA_S2_RR_W3_D2_M2,1,Sakura
15,5997,19,67,1781,5854,7,0,3,Support,1,NA_S2_RR_W3_D2_M2,1,Sakura
11,4406,20,45,0,14356,8,0,3,Support,1,NA_S2_RR_W3_D2_M2,1,Sakura
10,7585,0,16,0,0,8,1,6,Damage,0,NA_S2_RR_W3_D2_M2,2,Extinction
12,5839,0,52,0,0,4,0,6,Damage,0,NA_S2_RR_W3_D2_M2,2,Extinction
13,8793,3,84,7766,0,8,0,6,Tank,0,NA_S2_RR_W3_D2_M2,2,Extinction
5,4672,9,21,0,8115,9,0,0,Support,0,NA_S2_RR_W3_D2_M2,2,Extinction
3,3753,10,38,6572,5244,10,1,1,Support,0,NA_S2_RR_W3_D2_M2,2,Extinction
23,6633,0,75,0,0,4,2,14,Damage,1,NA_S2_RR_W3_D2_M2,2,Sakura
28,11031,1,31,0,0,2,1,11,Damage,1,NA_S2_RR_W3_D2_M2,2,Sakura
27,6643,16,75,9420,575,2,0,10,Tank,1,NA_S2_RR_W3_D2_M2,2,Sakura
9,2384,23,42,3821,5446,7,0,2,Support,1,NA_S2_RR_W3_D2_M2,2,Sakura
17,3146,18,30,0,11208,4,0,2,Support,1,NA_S2_RR_W3_D2_M2,2,Sakura
22,8259,1,16,0,0,9,0,9,Damage,0,NA_S2_RR_W3_D2_M2,3,Extinction
22,6568,6,26,0,200,9,0,8,Damage,0,NA_S2_RR_W3_D2_M2,3,Extinction
22,12032,14,186,5975,3908,8,0,7,Tank,0,NA_S2_RR_W3_D2_M2,3,Extinction
21,5559,21,45,0,7882,8,0,4,Support,0,NA_S2_RR_W3_D2_M2,3,Extinction
11,3706,21,82,3420,6014,10,0,4,Support,0,NA_S2_RR_W3_D2_M2,3,Extinction
28,8176,0,134,1317,348,5,2,13,Damage,1,NA_S2_RR_W3_D2_M2,3,Sakura
24,9669,2,62,0,0,7,0,10,Damage,1,NA_S2_RR_W3_D2_M2,3,Sakura
30,12544,13,207,4094,1837,5,1,16,Tank,1,NA_S2_RR_W3_D2_M2,3,Sakura
19,4216,30,109,4621,8009,7,0,4,Support,1,NA_S2_RR_W3_D2_M2,3,Sakura
16,2462,16,91,0,10362,8,0,1,Support,1,NA_S2_RR_W3_D2_M2,3,Sakura
24,13741,1,43,255,131,3,1,11,Damage,1,NA_S2_RR_W6_D1_M1,1,Geekay Esports
17,6625,4,6,90,904,7,2,5,Damage,1,NA_S2_RR_W6_D1_M1,1,Geekay Esports
23,11771,3,164,8235,0,5,1,10,Tank,1,NA_S2_RR_W6_D1_M1,1,Geekay Esports
12,3997,13,51,792,5972,7,0,4,Support,1,NA_S2_RR_W6_D1_M1,1,Geekay Esports
15,4971,13,23,462,11672,6,0,6,Support,1,NA_S2_RR_W6_D1_M1,1,Geekay Esports
10,9995,0,25,0,0,10,1,8,Damage,0,NA_S2_RR_W6_D1_M1,1,NTMR
18,7340,1,48,1122,81,5,0,7,Damage,0,NA_S2_RR_W6_D1_M1,1,NTMR
16,8155,7,141,6577,0,9,0,4,Tank,0,NA_S2_RR_W6_D1_M1,1,NTMR
14,4994,9,19,1690,5464,6,1,6,Support,0,NA_S2_RR_W6_D1_M1,1,NTMR
9,4658,17,46,0,13748,6,0,2,Support,0,NA_S2_RR_W6_D1_M1,1,NTMR
27,18310,1,58,228,69,15,3,13,Damage,0,NA_S2_RR_W6_D1_M1,2,Geekay Esports
22,12531,1,74,5145,211,11,1,15,Damage,0,NA_S2_RR_W6_D1_M1,2,Geekay Esports
19,17043,6,252,17649,0,12,1,7,Tank,0,NA_S2_RR_W6_D1_M1,2,Geekay Esports
12,5995,23,191,4832,11786,13,0,4,Support,0,NA_S2_RR_W6_D1_M1,2,Geekay Esports
13,5262,24,73,0,18499,11,0,2,Support,0,NA_S2_RR_W6_D1_M1,2,Geekay Esports
40,14881,0,51,0,0,9,0,13,Damage,1,NA_S2_RR_W6_D1_M1,2,NTMR
41,14059,0,168,391,66,8,0,19,Damage,1,NA_S2_RR_W6_D1_M1,2,NTMR
46,22884,8,333,18275,347,6,0,19,Tank,1,NA_S2_RR_W6_D1_M1,2,NTMR
27,5325,28,70,0,18994,9,0,5,Support,1,NA_S2_RR_W6_D1_M1,2,NTMR
21,6692,23,40,1504,14274,9,0,6,Support,1,NA_S2_RR_W6_D1_M1,2,NTMR
20,10514,4,64,0,0,4,0,8,Damage,1,NA_S2_RR_W6_D1_M1,3,Geekay Esports
20,8281,0,22,1180,131,3,0,7,Damage,1,NA_S2_RR_W6_D1_M1,3,Geekay Esports
28,7924,4,106,5088,0,1,1,14,Tank,1,NA_S2_RR_W6_D1_M1,3,Geekay Esports
10,2603,18,120,859,10888,1,0,2,Support,1,NA_S2_RR_W6_D1_M1,3,Geekay Esports
18,7027,10,103,1392,7610,1,0,8,Support,1,NA_S2_RR_W6_D1_M1,3,Geekay Esports
5,6834,0,7,0,0,8,1,4,Damage,0,NA_S2_RR_W6_D1_M1,3,NTMR
6,6005,0,17,1206,87,9,1,4,Damage,0,NA_S2_RR_W6_D1_M1,3,NTMR
3,8611,0,79,6682,0,9,0,1,Tank,0,NA_S2_RR_W6_D1_M1,3,NTMR
4,3601,4,5,1084,4208,6,0,1,Support,0,NA_S2_RR_W6_D1_M1,3,NTMR
3,2169,6,1,806,13275,7,0,0,Support,0,NA_S2_RR_W6_D1_M1,3,NTMR
23,12041,0,35,0,0,6,2,12,Damage,0,NA_S2_RR_W6_D1_M1,4,Geekay Esports
15,7383,0,52,1405,191,6,0,8,Damage,0,NA_S2_RR_W6_D1_M1,4,Geekay Esports
21,11026,3,203,6643,0,7,1,9,Tank,0,NA_S2_RR_W6_D1_M1,4,Geekay Esports
9,3949,13,71,1517,6870,8,0,1,Support,0,NA_S2_RR_W6_D1_M1,4,Geekay Esports
8,4288,20,30,1472,15091,6,0,2,Support,0,NA_S2_RR_W6_D1_M1,4,Geekay Esports
20,8120,0,40,0,0,11,0,6,Damage,1,NA_S2_RR_W6_D1_M1,4,NTMR
23,7545,0,102,0,0,5,1,11,Damage,1,NA_S2_RR_W6_D1_M1,4,NTMR
25,13395,9,267,16097,659,4,1,11,Tank,1,NA_S2_RR_W6_D1_M1,4,NTMR
13,3729,16,93,0,12097,6,0,1,Support,1,NA_S2_RR_W6_D1_M1,4,NTMR
13,6081,17,109,0,7871,6,0,4,Support,1,NA_S2_RR_W6_D1_M1,4,NTMR
22,10700,3,21,392,105,7,2,11,Damage,1,NA_S2_RR_W6_D1_M1,5,Geekay Esports
20,7483,0,38,423,0,7,0,10,Damage,1,NA_S2_RR_W6_D1_M1,5,Geekay Esports
22,11359,8,100,8642,0,7,1,6,Tank,1,NA_S2_RR_W6_D1_M1,5,Geekay Esports
9,2915,16,45,6221,8796,6,0,1,Support,1,NA_S2_RR_W6_D1_M1,5,Geekay Esports
14,4869,16,11,787,16537,5,0,3,Support,1,NA_S2_RR_W6_D1_M1,5,Geekay Esports
24,10893,1,6,329,0,6,1,10,Damage,0,NA_S2_RR_W6_D1_M1,5,NTMR
21,9035,0,58,0,0,3,1,11,Damage,0,NA_S2_RR_W6_D1_M1,5,NTMR
19,13930,5,110,14438,0,6,0,9,Tank,0,NA_S2_RR_W6_D1_M1,5,NTMR
11,4083,12,8,756,5053,8,0,1,Support,0,NA_S2_RR_W6_D1_M1,5,NTMR
15,5940,21,18,0,11636,8,0,1,Support,0,NA_S2_RR_W6_D1_M1,5,NTMR
13,7114,7,41,0,784,7,0,4,Damage,0,NA_S2_RR_W3_D2_M1,1,DhillDucks
11,11628,0,22,0,0,7,1,7,Damage,0,NA_S2_RR_W3_D2_M1,1,DhillDucks
12,10109,5,105,6528,0,8,0,3,Tank,0,NA_S2_RR_W3_D2_M1,1,DhillDucks
10,4005,13,38,0,11564,7,0,1,Support,0,NA_S2_RR_W3_D2_M1,1,DhillDucks
14,5266,9,57,654,5422,7,0,5,Support,0,NA_S2_RR_W3_D2_M1,1,DhillDucks
19,8485,0,30,0,0,4,2,9,Damage,1,NA_S2_RR_W3_D2_M1,1,Supernova
21,7952,0,80,2517,299,4,0,13,Damage,1,NA_S2_RR_W3_D2_M1,1,Supernova
21,11657,5,128,8740,0,4,0,5,Tank,1,NA_S2_RR_W3_D2_M1,1,Supernova
10,2446,14,43,0,14042,5,0,2,Support,1,NA_S2_RR_W3_D2_M1,1,Supernova
20,4135,24,90,4181,10351,3,0,7,Support,1,NA_S2_RR_W3_D2_M1,1,Supernova
23,13952,3,122,4563,222,8,0,9,Damage,1,NA_S2_RR_W3_D2_M1,2,DhillDucks
33,18255,0,28,0,0,6,2,21,Damage,1,NA_S2_RR_W3_D2_M1,2,DhillDucks
33,21132,10,149,12811,0,8,1,13,Tank,1,NA_S2_RR_W3_D2_M1,2,DhillDucks
22,5062,31,86,0,21310,4,0,0,Support,1,NA_S2_RR_W3_D2_M1,2,DhillDucks
15,3796,27,165,6688,10969,6,0,6,Support,1,NA_S2_RR_W3_D2_M1,2,DhillDucks
13,11057,0,14,0,0,11,0,5,Damage,0,NA_S2_RR_W3_D2_M1,2,Supernova
26,10332,0,104,1426,284,10,2,12,Damage,0,NA_S2_RR_W3_D2_M1,2,Supernova
20,17600,5,201,10814,0,9,1,7,Tank,0,NA_S2_RR_W3_D2_M1,2,Supernova
13,6254,12,24,870,16376,10,0,4,Support,0,NA_S2_RR_W3_D2_M1,2,Supernova
12,3513,17,53,1894,20028,9,0,4,Support,0,NA_S2_RR_W3_D2_M1,2,Supernova
8,5123,2,46,0,516,7,0,2,Damage,0,NA_S2_RR_W3_D2_M1,3,DhillDucks
7,9436,0,20,0,0,7,0,4,Damage,0,NA_S2_RR_W3_D2_M1,3,DhillDucks
9,9184,2,85,6695,0,5,0,5,Tank,0,NA_S2_RR_W3_D2_M1,3,DhillDucks
7,2372,5,15,0,13743,5,1,1,Support,0,NA_S2_RR_W3_D2_M1,3,DhillDucks
6,2513,7,24,3918,5855,7,0,2,Support,0,NA_S2_RR_W3_D2_M1,3,DhillDucks
20,9546,0,24,0,0,3,0,7,Damage,1,NA_S2_RR_W3_D2_M1,3,Supernova
21,5739,0,69,0,0,4,0,8,Damage,1,NA_S2_RR_W3_D2_M1,3,Supernova
21,10358,5,83,6365,0,1,0,9,Tank,1,NA_S2_RR_W3_D2_M1,3,Supernova
19,3123,21,24,0,13027,1,0,4,Support,1,NA_S2_RR_W3_D2_M1,3,Supernova
15,3959,21,35,3563,6533,5,0,2,Support,1,NA_S2_RR_W3_D2_M1,3,Supernova
19,9506,10,70,5297,1414,11,1,3,Damage,0,NA_S2_RR_W3_D2_M1,4,DhillDucks
26,10625,0,25,0,0,12,2,11,Damage,0,NA_S2_RR_W3_D2_M1,4,DhillDucks
0,0,0,0,0,0,0,0,0,Tank,0,NA_S2_RR_W3_D2_M1,4,DhillDucks
18,6302,30,48,0,14960,9,1,5,Support,0,NA_S2_RR_W3_D2_M1,4,DhillDucks
19,5102,16,48,2270,6628,12,1,4,Support,0,NA_S2_RR_W3_D2_M1,4,DhillDucks
31,10729,0,38,0,0,10,2,10,Damage,1,NA_S2_RR_W3_D2_M1,4,Supernova
30,8686,0,72,0,0,7,0,15,Damage,1,NA_S2_RR_W3_D2_M1,4,Supernova
35,14651,9,84,13843,0,10,0,16,Tank,1,NA_S2_RR_W3_D2_M1,4,Supernova
24,6453,32,47,0,14974,9,0,6,Support,1,NA_S2_RR_W3_D2_M1,4,Supernova
26,6069,28,50,3726,6199,7,0,5,Support,1,NA_S2_RR_W3_D2_M1,4,Supernova
17,15941,0,39,39,0,10,0,10,Damage,0,NA_S2_RR_W6_D1_M2,1,Sakura
18,9009,0,85,430,105,8,0,6,Damage,0,NA_S2_RR_W6_D1_M2,1,Sakura
17,9207,5,67,8384,0,10,0,4,Tank,0,NA_S2_RR_W6_D1_M2,1,Sakura
9,4852,8,56,2377,6019,8,0,2,Support,0,NA_S2_RR_W6_D1_M2,1,Sakura
14,4431,10,55,0,9123,12,0,5,Support,0,NA_S2_RR_W6_D1_M2,1,Sakura
34,10552,5,23,398,0,8,1,15,Damage,1,NA_S2_RR_W6_D1_M2,1,Team Liquid
30,7240,0,77,0,0,3,0,8,Damage,1,NA_S2_RR_W6_D1_M2,1,Team Liquid
25,11203,6,85,10039,226,6,1,9,Tank,1,NA_S2_RR_W6_D1_M2,1,Team Liquid
20,4530,20,24,485,10732,4,0,10,Support,1,NA_S2_RR_W6_D1_M2,1,Team Liquid
15,4418,28,27,4386,8440,6,0,5,Support,1,NA_S2_RR_W6_D1_M2,1,Team Liquid
3,5374,0,7,0,0,6,0,1,Damage,0,NA_S2_RR_W6_D1_M2,2,Sakura
4,4277,2,80,2012,753,6,0,2,Damage,0,NA_S2_RR_W6_D1_M2,2,Sakura
3,4493,1,94,12014,300,6,0,1,Tank,0,NA_S2_RR_W6_D1_M2,2,Sakura
5,2372,4,45,724,2854,8,0,2,Support,0,NA_S2_RR_W6_D1_M2,2,Sakura
4,1494,2,22,1116,7473,5,0,1,Support,0,NA_S2_RR_W6_D1_M2,2,Sakura
25,8293,4,16,0,0,0,2,12,Damage,1,NA_S2_RR_W6_D1_M2,2,Team Liquid
18,7037,0,37,0,0,2,0,7,Damage,1,NA_S2_RR_W6_D1_M2,2,Team Liquid
17,6832,10,61,10137,0,3,0,5,Tank,1,NA_S2_RR_W6_D1_M2,2,Team Liquid
15,2782,14,20,510,6331,1,0,5,Support,1,NA_S2_RR_W6_D1_M2,2,Team Liquid
13,1616,16,39,0,5865,1,0,2,Support,1,NA_S2_RR_W6_D1_M2,2,Team Liquid
18,12350,0,67,0,0,10,1,10,Damage,0,NA_S2_RR_W6_D1_M2,3,Sakura
11,9257,0,134,2332,448,12,0,5,Damage,0,NA_S2_RR_W6_D1_M2,3,Sakura
10,8595,2,118,7235,166,11,0,7,Tank,0,NA_S2_RR_W6_D1_M2,3,Sakura
7,4306,11,107,2692,8252,8,0,0,Support,0,NA_S2_RR_W6_D1_M2,3,Sakura
7,5138,11,69,0,12433,11,1,2,Support,0,NA_S2_RR_W6_D1_M2,3,Sakura
23,12476,0,64,0,0,5,0,9,Damage,1,NA_S2_RR_W6_D1_M2,3,Team Liquid
36,8037,0,98,0,0,3,1,11,Damage,1,NA_S2_RR_W6_D1_M2,3,Team Liquid
36,14957,10,95,17282,94,6,0,16,Tank,1,NA_S2_RR_W6_D1_M2,3,Team Liquid
23,5181,23,63,1644,15282,5,0,7,Support,1,NA_S2_RR_W6_D1_M2,3,Team Liquid
25,7802,18,36,0,6400,5,1,9,Support,1,NA_S2_RR_W6_D1_M2,3,Team Liquid
7,6153,0,15,222,3,9,1,5,Damage,0,NA_S2_RR_W6_D2_M2,1,Extinction
11,4815,0,59,0,0,6,0,5,Damage,0,NA_S2_RR_W6_D2_M2,1,Extinction
13,6963,4,48,4340,0,6,0,5,Tank,0,NA_S2_RR_W6_D2_M2,1,Extinction
3,1690,7,12,4221,5302,9,0,1,Support,0,NA_S2_RR_W6_D2_M2,1,Extinction
5,3650,6,4,1287,6419,10,0,1,Support,0,NA_S2_RR_W6_D2_M2,1,Extinction
21,9065,0,15,0,0,6,0,11,Damage,1,NA_S2_RR_W6_D2_M2,1,SpaceStation
22,6586,0,61,0,0,2,1,9,Damage,1,NA_S2_RR_W6_D2_M2,1,SpaceStation
27,8838,6,28,5767,620,2,1,6,Tank,1,NA_S2_RR_W6_D2_M2,1,SpaceStation
11,4533,12,18,428,4773,4,0,3,Support,1,NA_S2_RR_W6_D2_M2,1,SpaceStation
16,3297,16,26,3761,5553,3,1,9,Support,1,NA_S2_RR_W6_D2_M2,1,SpaceStation
4,4085,0,32,0,0,6,0,2,Damage,0,NA_S2_RR_W6_D2_M2,2,Extinction
2,3934,0,22,1091,159,6,1,2,Damage,0,NA_S2_RR_W6_D2_M2,2,Extinction
4,5962,1,69,10940,0,5,0,2,Tank,0,NA_S2_RR_W6_D2_M2,2,Extinction
1,2525,2,38,499,2544,5,0,1,Support,0,NA_S2_RR_W6_D2_M2,2,Extinction
1,2438,4,43,528,12739,5,0,0,Support,0,NA_S2_RR_W6_D2_M2,2,Extinction
20,6041,1,45,0,0,2,1,5,Damage,1,NA_S2_RR_W6_D2_M2,2,SpaceStation
11,4160,8,4,0,0,1,0,2,Damage,1,NA_S2_RR_W6_D2_M2,2,SpaceStation
19,9302,9,86,6294,0,0,0,4,Tank,1,NA_S2_RR_W6_D2_M2,2,SpaceStation
10,2540,19,2,48,10305,3,0,2,Support,1,NA_S2_RR_W6_D2_M2,2,SpaceStation
18,5156,2,17,0,4029,1,1,14,Support,1,NA_S2_RR_W6_D2_M2,2,SpaceStation
9,4909,0,13,114,75,3,0,5,Damage,1,NA_S2_RR_W6_D2_M2,3,Extinction
10,2716,0,36,0,0,1,0,1,Damage,1,NA_S2_RR_W6_D2_M2,3,Extinction
14,6340,5,32,4362,0,1,0,7,Tank,1,NA_S2_RR_W6_D2_M2,3,Extinction
11,1876,8,11,410,2029,2,0,4,Support,1,NA_S2_RR_W6_D2_M2,3,Extinction
7,2072,16,12,0,6836,2,0,0,Support,1,NA_S2_RR_W6_D2_M2,3,Extinction
5,3463,0,16,0,0,4,0,2,Damage,0,NA_S2_RR_W6_D2_M2,3,SpaceStation
7,4403,0,6,500,0,5,0,3,Damage,0,NA_S2_RR_W6_D2_M2,3,SpaceStation
7,3965,3,42,1782,825,3,0,2,Tank,0,NA_S2_RR_W6_D2_M2,3,SpaceStation
5,1239,7,24,0,5724,2,0,1,Support,0,NA_S2_RR_W6_D2_M2,3,SpaceStation
5,1900,4,29,456,2693,3,0,1,Support,0,NA_S2_RR_W6_D2_M2,3,SpaceStation
9,7863,0,70,0,0,3,0,4,Damage,0,NA_S2_RR_W2_D2_M3,1,Sakura
5,10388,0,23,0,0,6,0,2,Damage,0,NA_S2_RR_W2_D2_M3,1,Sakura
13,9469,1,85,3995,0,7,1,5,Tank,0,NA_S2_RR_W2_D2_M3,1,Sakura
5,3342,8,38,0,9012,7,0,1,Support,0,NA_S2_RR_W2_D2_M3,1,Sakura
3,3839,4,42,1067,4780,7,0,0,Support,0,NA_S2_RR_W2_D2_M3,1,Sakura
19,9237,3,43,0,0,4,0,7,Damage,1,NA_S2_RR_W2_D2_M3,1,Geekay Esports
18,5568,7,26,0,2138,5,0,8,Damage,1,NA_S2_RR_W2_D2_M3,1,Geekay Esports
23,7161,9,71,4512,978,3,0,8,Tank,1,NA_S2_RR_W2_D2_M3,1,Geekay Esports
12,4011,17,75,1235,6952,0,0,1,Support,1,NA_S2_RR_W2_D2_M3,1,Geekay Esports
13,4806,12,62,0,5212,3,0,4,Support,1,NA_S2_RR_W2_D2_M3,1,Geekay Esports
32,18032,1,190,4841,1229,9,0,13,Damage,0,NA_S2_RR_W2_D2_M3,2,Sakura
29,22187,0,50,0,0,10,2,18,Damage,0,NA_S2_RR_W2_D2_M3,2,Sakura
31,21840,18,381,16002,602,10,0,7,Tank,0,NA_S2_RR_W2_D2_M3,2,Sakura
18,4545,24,121,0,31355,10,0,3,Support,0,NA_S2_RR_W2_D2_M3,2,Sakura
23,7016,26,187,9538,16620,12,0,4,Support,0,NA_S2_RR_W2_D2_M3,2,Sakura
29,22670,1,153,83,20,12,1,12,Damage,1,NA_S2_RR_W2_D2_M3,2,Geekay Esports
36,17826,1,109,1400,293,6,1,21,Damage,1,NA_S2_RR_W2_D2_M3,2,Geekay Esports
29,19001,10,331,24890,798,9,1,10,Tank,1,NA_S2_RR_W2_D2_M3,2,Geekay Esports
19,8696,37,288,7680,16553,11,0,5,Support,1,NA_S2_RR_W2_D2_M3,2,Geekay Esports
19,8233,34,181,493,28987,7,1,3,Support,1,NA_S2_RR_W2_D2_M3,2,Geekay Esports
3,3348,0,16,1686,0,1,1,2,Damage,0,NA_S2_RR_W2_D2_M3,3,Sakura
2,7278,0,5,0,0,3,0,0,Damage,0,NA_S2_RR_W2_D2_M3,3,Sakura
3,6099,1,34,4053,0,5,0,2,Tank,0,NA_S2_RR_W2_D2_M3,3,Sakura
2,797,3,4,0,6962,5,0,0,Support,0,NA_S2_RR_W2_D2_M3,3,Sakura
2,1050,3,18,1931,4470,3,0,1,Support,0,NA_S2_RR_W2_D2_M3,3,Sakura
10,7201,1,7,0,0,1,3,5,Damage,1,NA_S2_RR_W2_D2_M3,3,Geekay Esports
10,3915,5,4,0,839,1,0,4,Damage,1,NA_S2_RR_W2_D2_M3,3,Geekay Esports
10,5874,6,19,4402,0,1,0,3,Tank,1,NA_S2_RR_W2_D2_M3,3,Geekay Esports
6,2936,4,26,494,3107,1,0,2,Support,1,NA_S2_RR_W2_D2_M3,3,Geekay Esports
7,1985,4,15,16,8870,1,0,3,Support,1,NA_S2_RR_W2_D2_M3,3,Geekay Esports
21,5441,3,25,1446,188,3,1,11,Damage,1,NA_S2_RR_W5_D1_M1,1,NTMR
15,7859,1,5,92,0,3,2,9,Damage,1,NA_S2_RR_W5_D1_M1,1,NTMR
18,7749,2,33,13570,84,2,0,3,Tank,1,NA_S2_RR_W5_D1_M1,1,NTMR
12,2834,13,5,457,5366,0,0,4,Support,1,NA_S2_RR_W5_D1_M1,1,NTMR
16,4920,14,1,178,9036,1,0,6,Support,1,NA_S2_RR_W5_D1_M1,1,NTMR
6,4953,0,17,21,66,7,0,0,Damage,0,NA_S2_RR_W5_D1_M1,1,DhillDucks
7,6800,0,28,253,189,4,0,5,Damage,0,NA_S2_RR_W5_D1_M1,1,DhillDucks
6,4609,3,6,8194,0,8,0,3,Tank,0,NA_S2_RR_W5_D1_M1,1,DhillDucks
5,4226,5,11,88,6345,7,0,0,Support,0,NA_S2_RR_W5_D1_M1,1,DhillDucks
3,3603,4,16,488,4908,7,0,1,Support,0,NA_S2_RR_W5_D1_M1,1,DhillDucks
30,11186,12,90,4162,1009,4,1,12,Damage,1,NA_S2_RR_W5_D1_M1,2,NTMR
27,8480,6,9,0,0,4,4,13,Damage,1,NA_S2_RR_W5_D1_M1,2,NTMR
30,14935,6,121,19673,300,3,0,16,Tank,1,NA_S2_RR_W5_D1_M1,2,NTMR
22,3354,28,114,0,12133,1,0,3,Support,1,NA_S2_RR_W5_D1_M1,2,NTMR
22,5364,22,39,328,11167,1,2,7,Support,1,NA_S2_RR_W5_D1_M1,2,NTMR
6,8819,1,33,3623,406,10,0,2,Damage,0,NA_S2_RR_W5_D1_M1,2,DhillDucks
11,7707,1,74,502,1,10,1,9,Damage,0,NA_S2_RR_W5_D1_M1,2,DhillDucks
4,10540,5,115,11715,0,9,0,1,Tank,0,NA_S2_RR_W5_D1_M1,2,DhillDucks
8,5085,8,25,1184,13881,9,0,1,Support,0,NA_S2_RR_W5_D1_M1,2,DhillDucks
4,2979,6,70,203,7250,13,0,0,Support,0,NA_S2_RR_W5_D1_M1,2,DhillDucks
22,5294,0,17,0,0,0,0,8,Damage,1,NA_S2_RR_W5_D1_M1,3,NTMR
22,5209,5,9,0,322,2,0,6,Damage,1,NA_S2_RR_W5_D1_M1,3,NTMR
20,6088,3,20,3216,0,1,1,11,Tank,1,NA_S2_RR_W5_D1_M1,3,NTMR
14,2936,16,24,673,3168,0,0,2,Support,1,NA_S2_RR_W5_D1_M1,3,NTMR
9,2560,14,6,0,4770,2,0,3,Support,1,NA_S2_RR_W5_D1_M1,3,NTMR
2,4159,0,2,0,394,6,0,0,Damage,0,NA_S2_RR_W5_D1_M1,3,DhillDucks
2,2840,0,8,0,0,5,0,1,Damage,0,NA_S2_RR_W5_D1_M1,3,DhillDucks
2,3202,1,37,4607,0,4,0,1,Tank,0,NA_S2_RR_W5_D1_M1,3,DhillDucks
2,1604,0,1,0,2218,7,0,1,Support,0,NA_S2_RR_W5_D1_M1,3,DhillDucks
3,2213,1,8,0,3783,8,1,2,Support,0,NA_S2_RR_W5_D1_M1,3,DhillDucks
24,4066,0,42,0,0,1,1,12,Damage,1,NA_S2_RR_W4_D2_M1,1,SpaceStation
15,6097,2,24,0,0,2,1,7,Damage,1,NA_S2_RR_W4_D2_M1,1,SpaceStation
18,6384,4,59,4703,186,1,0,5,Tank,1,NA_S2_RR_W4_D2_M1,1,SpaceStation
13,4376,16,47,0,4861,0,0,2,Support,1,NA_S2_RR_W4_D2_M1,1,SpaceStation
17,2878,13,37,956,3786,1,0,3,Support,1,NA_S2_RR_W4_D2_M1,1,SpaceStation
2,2570,0,5,0,0,7,0,1,Damage,0,NA_S2_RR_W4_D2_M1,1,Supernova
5,3566,0,54,0,0,6,1,2,Damage,0,NA_S2_RR_W4_D2_M1,1,Supernova
4,4707,1,76,6530,0,6,0,1,Tank,0,NA_S2_RR_W4_D2_M1,1,Supernova
3,2382,2,31,717,4084,6,0,1,Support,0,NA_S2_RR_W4_D2_M1,1,Supernova
3,2797,3,28,0,5287,5,0,0,Support,0,NA_S2_RR_W4_D2_M1,1,Supernova
27,10606,1,83,1241,182,6,2,15,Damage,1,NA_S2_RR_W4_D2_M1,2,SpaceStation
21,11025,1,128,0,0,7,0,7,Damage,1,NA_S2_RR_W4_D2_M1,2,SpaceStation
26,16078,6,179,24217,0,3,2,9,Tank,1,NA_S2_RR_W4_D2_M1,2,SpaceStation
19,8392,18,48,1089,18886,4,0,5,Support,1,NA_S2_RR_W4_D2_M1,2,SpaceStation
13,5596,19,60,3857,10151,7,0,6,Support,1,NA_S2_RR_W4_D2_M1,2,SpaceStation
13,12467,0,58,0,0,8,0,8,Damage,0,NA_S2_RR_W4_D2_M1,2,Supernova
17,9588,0,110,1780,382,11,0,6,Damage,0,NA_S2_RR_W4_D2_M1,2,Supernova
20,10448,11,137,19590,179,6,0,8,Tank,0,NA_S2_RR_W4_D2_M1,2,Supernova
9,5913,12,141,3184,8194,8,0,3,Support,0,NA_S2_RR_W4_D2_M1,2,Supernova
10,6099,13,52,2307,16220,9,0,2,Support,0,NA_S2_RR_W4_D2_M1,2,Supernova
20,6071,0,28,742,33,4,0,8,Damage,1,NA_S2_RR_W4_D2_M1,3,SpaceStation
19,7104,0,6,0,0,5,0,7,Damage,1,NA_S2_RR_W4_D2_M1,3,SpaceStation
23,10332,7,42,2444,0,2,1,12,Tank,1,NA_S2_RR_W4_D2_M1,3,SpaceStation
16,2574,21,14,0,9440,2,0,4,Support,1,NA_S2_RR_W4_D2_M1,3,SpaceStation
13,2493,22,7,3171,4612,5,0,3,Support,1,NA_S2_RR_W4_D2_M1,3,SpaceStation
8,5182,0,1,9,0,8,2,4,Damage,0,NA_S2_RR_W4_D2_M1,3,Supernova
11,5505,0,31,300,89,6,0,6,Damage,0,NA_S2_RR_W4_D2_M1,3,Supernova
14,9106,4,31,3894,0,6,0,7,Tank,0,NA_S2_RR_W4_D2_M1,3,Supernova
7,1847,11,8,3112,3911,7,0,1,Support,0,NA_S2_RR_W4_D2_M1,3,Supernova
6,1337,11,11,0,9853,7,0,0,Support,0,NA_S2_RR_W4_D2_M1,3,Supernova
14,8749,2,14,0,0,1,0,7,Damage,1,NA_S2_RR_W2_D1_M2,1,Team Liquid
13,5514,10,9,0,2375,2,0,3,Damage,1,NA_S2_RR_W2_D1_M2,1,Team Liquid
20,6095,6,40,3296,0,0,0,10,Tank,1,NA_S2_RR_W2_D1_M2,1,Team Liquid
12,4273,10,21,0,4095,2,0,2,Support,1,NA_S2_RR_W2_D1_M2,1,Team Liquid
9,3050,12,29,635,2925,1,0,2,Support,1,NA_S2_RR_W2_D1_M2,1,Team Liquid
2,3989,0,5,0,0,5,0,0,Damage,0,NA_S2_RR_W2_D1_M2,1,Extinction
3,4463,1,20,0,609,6,0,1,Damage,0,NA_S2_RR_W2_D1_M2,1,Extinction
3,4887,0,36,3263,0,4,0,2,Tank,0,NA_S2_RR_W2_D1_M2,1,Extinction
4,3351,1,18,80,6478,5,0,2,Support,0,NA_S2_RR_W2_D1_M2,1,Extinction
3,2772,4,26,3751,5160,4,0,0,Support,0,NA_S2_RR_W2_D1_M2,1,Extinction
26,7828,1,11,0,0,5,1,11,Damage,1,NA_S2_RR_W2_D1_M2,2,Team Liquid
31,8542,13,36,0,438,0,1,10,Damage,1,NA_S2_RR_W2_D1_M2,2,Team Liquid
31,11925,8,99,8744,0,2,0,12,Tank,1,NA_S2_RR_W2_D1_M2,2,Team Liquid
32,3726,23,21,0,10243,1,0,8,Support,1,NA_S2_RR_W2_D1_M2,2,Team Liquid
15,3193,22,22,2827,5041,4,0,4,Support,1,NA_S2_RR_W2_D1_M2,2,Team Liquid
6,4092,0,39,0,0,9,0,2,Damage,0,NA_S2_RR_W2_D1_M2,2,Extinction
5,5570,0,72,713,56,9,0,2,Damage,0,NA_S2_RR_W2_D1_M2,2,Extinction
8,7632,3,159,3871,2719,9,0,5,Tank,0,NA_S2_RR_W2_D1_M2,2,Extinction
5,3064,4,53,0,8846,9,0,2,Support,0,NA_S2_RR_W2_D1_M2,2,Extinction
5,2975,10,104,3722,5898,9,0,1,Support,0,NA_S2_RR_W2_D1_M2,2,Extinction
25,8895,2,35,611,227,7,0,11,Damage,1,NA_S2_RR_W2_D1_M2,3,Team Liquid
35,11164,3,54,1508,117,4,3,19,Damage,1,NA_S2_RR_W2_D1_M2,3,Team Liquid
29,10830,11,66,9142,0,4,1,8,Tank,1,NA_S2_RR_W2_D1_M2,3,Team Liquid
17,4755,25,15,132,10137,8,0,4,Support,1,NA_S2_RR_W2_D1_M2,3,Team Liquid
22,4920,20,39,1490,6878,5,0,5,Support,1,NA_S2_RR_W2_D1_M2,3,Team Liquid
14,7413,0,21,0,0,11,2,6,Damage,0,NA_S2_RR_W2_D1_M2,3,Extinction
16,9887,1,34,1207,343,9,0,5,Damage,0,NA_S2_RR_W2_D1_M2,3,Extinction
19,7719,9,66,3699,2296,8,0,9,Tank,0,NA_S2_RR_W2_D1_M2,3,Extinction
10,3373,15,34,0,9678,10,0,4,Support,0,NA_S2_RR_W2_D1_M2,3,Extinction
9,4918,10,44,3390,7405,10,0,4,Support,0,NA_S2_RR_W2_D1_M2,3,Extinction
15,6766,1,10,49,0,6,0,10,Damage,1,NA_S2_RR_W5_D1_M2,1,Geekay Esports
21,5072,11,31,0,810,1,0,5,Damage,1,NA_S2_RR_W5_D1_M2,1,Geekay Esports
23,8899,6,36,8228,0,2,1,12,Tank,1,NA_S2_RR_W5_D1_M2,1,Geekay Esports
16,3391,21,30,383,8101,4,0,4,Support,1,NA_S2_RR_W5_D1_M2,1,Geekay Esports
16,3273,21,38,2872,4430,4,1,3,Support,1,NA_S2_RR_W5_D1_M2,1,Geekay Esports
13,5173,3,20,0,0,5,0,6,Damage,0,NA_S2_RR_W5_D1_M2,1,Extinction
7,5473,0,11,1145,133,8,0,3,Damage,0,NA_S2_RR_W5_D1_M2,1,Extinction
15,6593,6,57,7470,0,8,0,5,Tank,0,NA_S2_RR_W5_D1_M2,1,Extinction
7,3451,4,6,1068,2907,6,0,2,Support,0,NA_S2_RR_W5_D1_M2,1,Extinction
7,2811,13,18,0,8353,8,0,1,Support,0,NA_S2_RR_W5_D1_M2,1,Extinction
23,11992,0,23,0,0,5,1,14,Damage,1,NA_S2_RR_W5_D1_M2,2,Geekay Esports
25,7072,0,42,0,0,2,2,12,Damage,1,NA_S2_RR_W5_D1_M2,2,Geekay Esports
27,9824,6,68,6275,0,6,1,9,Tank,1,NA_S2_RR_W5_D1_M2,2,Geekay Esports
15,5911,18,4,371,9854,7,0,2,Support,1,NA_S2_RR_W5_D1_M2,2,Geekay Esports
7,3775,15,11,4790,8565,8,0,2,Support,1,NA_S2_RR_W5_D1_M2,2,Geekay Esports
14,7734,0,11,0,0,8,0,6,Damage,0,NA_S2_RR_W5_D1_M2,2,Extinction
21,7834,0,49,0,0,7,0,8,Damage,0,NA_S2_RR_W5_D1_M2,2,Extinction
17,9231,7,29,15714,1057,10,0,7,Tank,0,NA_S2_RR_W5_D1_M2,2,Extinction
16,5401,16,35,1811,5446,6,0,4,Support,0,NA_S2_RR_W5_D1_M2,2,Extinction
14,5654,19,37,0,8417,8,0,3,Support,0,NA_S2_RR_W5_D1_M2,2,Extinction
27,11151,3,28,383,0,6,0,11,Damage,1,NA_S2_RR_W5_D1_M2,3,Geekay Esports
29,8253,12,17,0,661,5,1,9,Damage,1,NA_S2_RR_W5_D1_M2,3,Geekay Esports
17,11529,8,151,7664,0,7,0,5,Tank,1,NA_S2_RR_W5_D1_M2,3,Geekay Esports
25,8361,18,39,1242,10910,6,2,10,Support,1,NA_S2_RR_W5_D1_M2,3,Geekay Esports
9,3659,21,119,4939,8170,7,0,3,Support,1,NA_S2_RR_W5_D1_M2,3,Geekay Esports
17,10172,2,104,165,148,8,0,7,Damage,0,NA_S2_RR_W5_D1_M2,3,Extinction
19,7342,0,63,0,0,6,0,10,Damage,0,NA_S2_RR_W5_D1_M2,3,Extinction
25,12588,7,207,8731,0,8,0,10,Tank,0,NA_S2_RR_W5_D1_M2,3,Extinction
15,3508,22,194,6795,9648,8,0,3,Support,0,NA_S2_RR_W5_D1_M2,3,Extinction
15,3127,19,76,0,11857,8,0,1,Support,0,NA_S2_RR_W5_D1_M2,3,Extinction
9,4640,0,10,0,675,6,3,6,Damage,0,NA_S2_RR_W2_D1_M1,1,DhillDucks
10,6255,2,12,0,0,8,0,4,Damage,0,NA_S2_RR_W2_D1_M1,1,DhillDucks
8,4743,2,34,5445,0,6,0,3,Tank,0,NA_S2_RR_W2_D1_M1,1,DhillDucks
7,3383,9,17,0,6862,5,0,3,Support,0,NA_S2_RR_W2_D1_M1,1,DhillDucks
10,2401,8,25,1299,3595,7,0,2,Support,0,NA_S2_RR_W2_D1_M1,1,DhillDucks
22,5274,0,15,1090,218,4,1,12,Damage,1,NA_S2_RR_W2_D1_M1,1,Sakura
18,8712,0,6,0,0,4,0,11,Damage,1,NA_S2_RR_W2_D1_M1,1,Sakura
21,6655,3,39,6523,0,3,0,3,Tank,1,NA_S2_RR_W2_D1_M1,1,Sakura
16,2736,18,31,1128,4549,3,0,2,Support,1,NA_S2_RR_W2_D1_M1,1,Sakura
16,3411,20,12,0,7185,4,0,4,Support,1,NA_S2_RR_W2_D1_M1,1,Sakura
9,6050,1,67,826,421,8,1,4,Damage,0,NA_S2_RR_W2_D1_M1,2,DhillDucks
7,8142,1,14,119,125,7,0,4,Damage,0,NA_S2_RR_W2_D1_M1,2,DhillDucks
10,7124,3,105,8517,0,7,0,2,Tank,0,NA_S2_RR_W2_D1_M1,2,DhillDucks
6,3250,14,53,0,11812,8,1,1,Support,0,NA_S2_RR_W2_D1_M1,2,DhillDucks
8,3706,4,68,482,6276,8,0,6,Support,0,NA_S2_RR_W2_D1_M1,2,DhillDucks
25,5921,0,115,0,0,3,1,11,Damage,1,NA_S2_RR_W2_D1_M1,2,Sakura
23,13965,1,10,0,0,4,0,7,Damage,1,NA_S2_RR_W2_D1_M1,2,Sakura
31,9606,16,74,13164,542,3,1,12,Tank,1,NA_S2_RR_W2_D1_M1,2,Sakura
13,2982,16,27,3484,6255,2,0,3,Support,1,NA_S2_RR_W2_D1_M1,2,Sakura
15,3804,19,10,454,9644,5,1,5,Support,1,NA_S2_RR_W2_D1_M1,2,Sakura
22,8230,5,64,0,325,8,0,9,Damage,0,NA_S2_RR_W2_D1_M1,3,DhillDucks
22,10475,0,117,0,0,8,1,13,Damage,0,NA_S2_RR_W2_D1_M1,3,DhillDucks
27,6387,11,201,5374,1624,2,0,9,Tank,0,NA_S2_RR_W2_D1_M1,3,DhillDucks
19,7285,24,81,0,8106,10,0,5,Support,0,NA_S2_RR_W2_D1_M1,3,DhillDucks
23,5600,23,129,0,8604,9,0,3,Support,0,NA_S2_RR_W2_D1_M1,3,DhillDucks
20,8832,0,49,28,0,7,2,9,Damage,1,NA_S2_RR_W2_D1_M1,3,Sakura
17,10643,1,25,291,36,11,2,9,Damage,1,NA_S2_RR_W2_D1_M1,3,Sakura
21,13663,10,125,4600,2497,6,1,9,Tank,1,NA_S2_RR_W2_D1_M1,3,Sakura
16,4313,14,44,2276,5434,8,0,7,Support,1,NA_S2_RR_W2_D1_M1,3,Sakura
5,4072,20,53,0,10347,7,0,3,Support,1,NA_S2_RR_W2_D1_M1,3,Sakura
6,6917,0,3,0,0,3,1,4,Damage,0,NA_S2_RR_W2_D2_M1,1,Supernova
10,5878,2,22,769,645,7,1,4,Damage,0,NA_S2_RR_W2_D2_M1,1,Supernova
6,8154,2,42,8686,0,6,0,1,Tank,0,NA_S2_RR_W2_D2_M1,1,Supernova
6,3824,5,22,823,5529,6,0,2,Support,0,NA_S2_RR_W2_D2_M1,1,Supernova
5,3631,6,24,0,10602,3,0,1,Support,0,NA_S2_RR_W2_D2_M1,1,Supernova
11,8537,0,4,0,0,4,1,6,Damage,1,NA_S2_RR_W2_D2_M1,1,NTMR
18,6901,0,34,0,0,2,1,6,Damage,1,NA_S2_RR_W2_D2_M1,1,NTMR
17,8905,6,54,8233,0,2,0,8,Tank,1,NA_S2_RR_W2_D2_M1,1,NTMR
10,3077,9,11,1353,3433,3,0,2,Support,1,NA_S2_RR_W2_D2_M1,1,NTMR
7,4522,17,8,0,12695,1,0,2,Support,1,NA_S2_RR_W2_D2_M1,1,NTMR
6,5354,0,5,0,0,5,1,5,Damage,0,NA_S2_RR_W2_D2_M1,2,Supernova
7,4161,0,40,1222,155,7,0,3,Damage,0,NA_S2_RR_W2_D2_M1,2,Supernova
5,5138,2,109,4523,0,7,0,3,Tank,0,NA_S2_RR_W2_D2_M1,2,Supernova
3,2099,10,30,3975,7067,5,0,0,Support,0,NA_S2_RR_W2_D2_M1,2,Supernova
6,4074,7,8,243,6004,6,0,1,Support,0,NA_S2_RR_W2_D2_M1,2,Supernova
19,10605,0,8,0,0,4,3,10,Damage,1,NA_S2_RR_W2_D2_M1,2,NTMR
15,6489,0,67,0,0,1,1,6,Damage,1,NA_S2_RR_W2_D2_M1,2,NTMR
16,10053,7,51,5869,0,1,1,7,Tank,1,NA_S2_RR_W2_D2_M1,2,NTMR
9,1890,14,23,0,9424,2,0,1,Support,1,NA_S2_RR_W2_D2_M1,2,NTMR
12,8155,3,16,0,4285,4,0,6,Support,1,NA_S2_RR_W2_D2_M1,2,NTMR
24,15437,2,85,0,0,5,3,9,Damage,1,NA_S2_RR_W2_D2_M1,3,Supernova
30,15783,1,72,1625,266,10,1,14,Damage,1,NA_S2_RR_W2_D2_M1,3,Supernova
28,14855,13,114,21182,793,9,0,9,Tank,1,NA_S2_RR_W2_D2_M1,3,Supernova
18,7248,25,108,3738,11717,7,0,5,Support,1,NA_S2_RR_W2_D2_M1,3,Supernova
26,8007,25,109,0,20435,7,0,6,Support,1,NA_S2_RR_W2_D2_M1,3,Supernova
16,12994,0,16,0,0,10,2,10,Damage,0,NA_S2_RR_W2_D2_M1,3,NTMR
22,15915,11,73,4321,708,9,0,6,Damage,0,NA_S2_RR_W2_D2_M1,3,NTMR
29,17512,14,115,17175,437,9,1,14,Tank,0,NA_S2_RR_W2_D2_M1,3,NTMR
13,3122,20,49,0,21102,6,0,4,Support,0,NA_S2_RR_W2_D2_M1,3,NTMR
13,9700,15,112,4432,15494,9,0,4,Support,0,NA_S2_RR_W2_D2_M1,3,NTMR
8,7549,0,66,0,0,6,1,5,Damage,0,NA_S2_RR_W2_D2_M1,4,Supernova
11,5937,0,61,2085,324,10,0,3,Damage,0,NA_S2_RR_W2_D2_M1,4,Supernova
9,8059,0,160,10304,442,8,0,6,Tank,0,NA_S2_RR_W2_D2_M1,4,Supernova
6,2211,10,67,4222,7437,9,0,1,Support,0,NA_S2_RR_W2_D2_M1,4,Supernova
5,2781,6,58,0,11821,7,0,0,Support,0,NA_S2_RR_W2_D2_M1,4,Supernova
20,10913,0,15,0,0,3,1,10,Damage,1,NA_S2_RR_W2_D2_M1,4,NTMR
30,8420,0,30,0,0,1,5,11,Damage,1,NA_S2_RR_W2_D2_M1,4,NTMR
28,12237,10,81,6268,0,1,0,12,Tank,1,NA_S2_RR_W2_D2_M1,4,NTMR
14,2765,19,5,0,9399,5,0,3,Support,1,NA_S2_RR_W2_D2_M1,4,NTMR
16,5145,17,20,0,6950,5,0,4,Support,1,NA_S2_RR_W2_D2_M1,4,NTMR
25,11600,1,48,0,0,5,0,16,Damage,1,NA_S2_RR_W1_D1_M1,1,Team Liquid
27,7185,0,63,2295,311,6,1,12,Damage,1,NA_S2_RR_W1_D1_M1,1,Team Liquid
27,9614,8,74,14202,300,4,1,7,Tank,1,NA_S2_RR_W1_D1_M1,1,Team Liquid
18,4563,26,69,1404,13565,3,0,5,Support,1,NA_S2_RR_W1_D1_M1,1,Team Liquid
19,3450,24,81,2031,6167,6,0,1,Support,1,NA_S2_RR_W1_D1_M1,1,Team Liquid
18,9437,0,30,967,38,7,0,8,Damage,0,NA_S2_RR_W1_D1_M1,1,SpaceStation
18,10092,0,16,0,0,7,3,11,Damage,0,NA_S2_RR_W1_D1_M1,1,SpaceStation
12,9648,3,124,16877,0,10,0,4,Tank,0,NA_S2_RR_W1_D1_M1,1,SpaceStation
10,3606,15,71,782,4679,8,0,0,Support,0,NA_S2_RR_W1_D1_M1,1,SpaceStation
10,3496,12,37,1036,11852,9,0,1,Support,0,NA_S2_RR_W1_D1_M1,1,SpaceStation
19,12142,2,11,0,0,8,0,11,Damage,1,NA_S2_RR_W1_D1_M1,2,Team Liquid
26,9565,0,75,0,0,3,3,13,Damage,1,NA_S2_RR_W1_D1_M1,2,Team Liquid
17,13091,10,255,3953,3109,6,0,3,Tank,1,NA_S2_RR_W1_D1_M1,2,Team Liquid
10,2374,20,41,0,13955,5,0,2,Support,1,NA_S2_RR_W1_D1_M1,2,Team Liquid
20,3904,18,65,1308,8306,4,0,7,Support,1,NA_S2_RR_W1_D1_M1,2,Team Liquid
17,10984,0,95,0,0,4,0,8,Damage,0,NA_S2_RR_W1_D1_M1,2,SpaceStation
15,11254,0,17,0,0,11,1,7,Damage,0,NA_S2_RR_W1_D1_M1,2,SpaceStation
17,10506,5,76,16878,196,6,0,4,Tank,0,NA_S2_RR_W1_D1_M1,2,SpaceStation
11,5195,10,61,1793,5158,10,1,5,Support,0,NA_S2_RR_W1_D1_M1,2,SpaceStation
8,4523,20,27,0,14834,5,0,2,Support,0,NA_S2_RR_W1_D1_M1,2,SpaceStation
20,8174,0,17,0,0,5,2,10,Damage,1,NA_S2_RR_W1_D1_M1,3,Team Liquid
22,6630,0,29,0,0,2,1,8,Damage,1,NA_S2_RR_W1_D1_M1,3,Team Liquid
21,10933,12,135,5209,2799,3,0,5,Tank,1,NA_S2_RR_W1_D1_M1,3,Team Liquid
12,3538,19,26,0,11452,2,2,3,Support,1,NA_S2_RR_W1_D1_M1,3,Team Liquid
15,2832,15,28,1320,6376,5,0,4,Support,1,NA_S2_RR_W1_D1_M1,3,Team Liquid
13,7485,0,82,0,0,5,0,7,Damage,0,NA_S2_RR_W1_D1_M1,3,SpaceStation
11,10766,0,17,0,0,7,0,7,Damage,0,NA_S2_RR_W1_D1_M1,3,SpaceStation
9,7821,1,43,10972,538,6,0,2,Tank,0,NA_S2_RR_W1_D1_M1,3,SpaceStation
5,2732,10,21,3042,4252,7,0,0,Support,0,NA_S2_RR_W1_D1_M1,3,SpaceStation
8,3884,10,18,1642,9952,7,0,1,Support,0,NA_S2_RR_W1_D1_M1,3,SpaceStation
19,8918,0,88,0,0,9,1,6,Damage,0,NA_S2_RR_W3_D1_M1,1,SpaceStation
24,9456,7,43,0,1888,8,0,12,Damage,0,NA_S2_RR_W3_D1_M1,1,SpaceStation
20,14994,4,123,9419,641,7,0,8,Tank,0,NA_S2_RR_W3_D1_M1,1,SpaceStation
11,6986,15,19,874,13602,6,0,2,Support,0,NA_S2_RR_W3_D1_M1,1,SpaceStation
22,9190,16,41,1331,7162,8,1,5,Support,0,NA_S2_RR_W3_D1_M1,1,SpaceStation
18,12358,2,45,228,0,10,1,9,Damage,1,NA_S2_RR_W3_D1_M1,1,Geekay Esports
23,9225,3,23,0,1181,6,4,12,Damage,1,NA_S2_RR_W3_D1_M1,1,Geekay Esports
23,15568,4,165,8842,433,5,2,9,Tank,1,NA_S2_RR_W3_D1_M1,1,Geekay Esports
7,3841,3,7,547,5066,2,0,3,Support,1,NA_S2_RR_W3_D1_M1,1,Geekay Esports
11,3024,12,60,1353,14750,7,0,2,Support,1,NA_S2_RR_W3_D1_M1,1,Geekay Esports
22,10339,2,14,0,0,11,0,7,Damage,0,NA_S2_RR_W3_D1_M1,2,SpaceStation
30,7326,0,88,0,0,3,0,16,Damage,0,NA_S2_RR_W3_D1_M1,2,SpaceStation
21,10122,10,105,10170,0,4,0,5,Tank,0,NA_S2_RR_W3_D1_M1,2,SpaceStation
10,4826,16,22,1386,8346,8,2,2,Support,0,NA_S2_RR_W3_D1_M1,2,SpaceStation
21,5884,13,40,0,4869,9,0,6,Support,0,NA_S2_RR_W3_D1_M1,2,SpaceStation
18,10620,0,38,0,0,9,0,9,Damage,1,NA_S2_RR_W3_D1_M1,2,Geekay Esports
21,9012,0,26,0,0,4,5,13,Damage,1,NA_S2_RR_W3_D1_M1,2,Geekay Esports
21,9425,2,89,7271,0,8,1,11,Tank,1,NA_S2_RR_W3_D1_M1,2,Geekay Esports
9,4704,16,22,0,9249,7,0,1,Support,1,NA_S2_RR_W3_D1_M1,2,Geekay Esports
7,4351,21,79,5135,10054,8,0,1,Support,1,NA_S2_RR_W3_D1_M1,2,Geekay Esports
15,8374,0,35,0,0,11,2,8,Damage,0,NA_S2_RR_W3_D1_M1,3,SpaceStation
26,9588,6,67,0,230,9,1,10,Damage,0,NA_S2_RR_W3_D1_M1,3,SpaceStation
24,16605,5,110,16512,1000,5,1,9,Tank,0,NA_S2_RR_W3_D1_M1,3,SpaceStation
13,5441,13,92,2269,12037,10,0,2,Support,0,NA_S2_RR_W3_D1_M1,3,SpaceStation
20,7351,10,46,596,7560,10,0,6,Support,0,NA_S2_RR_W3_D1_M1,3,SpaceStation
27,12181,0,50,0,0,8,1,12,Damage,1,NA_S2_RR_W3_D1_M1,3,Geekay Esports
28,8262,4,26,0,1832,7,1,14,Damage,1,NA_S2_RR_W3_D1_M1,3,Geekay Esports
25,12717,5,65,15667,369,7,3,7,Tank,1,NA_S2_RR_W3_D1_M1,3,Geekay Esports
15,5506,25,97,324,13816,6,0,7,Support,1,NA_S2_RR_W3_D1_M1,3,Geekay Esports
21,6262,21,133,2332,8536,8,0,5,Support,1,NA_S2_RR_W3_D1_M1,3,Geekay Esports
25,10750,0,36,0,0,6,0,10,Damage,1,NA_S2_PO_LBSF_M1,1,NTMR
25,11713,2,17,237,38,11,1,12,Damage,1,NA_S2_PO_LBSF_M1,1,NTMR
24,11458,4,78,15134,0,6,0,9,Tank,1,NA_S2_PO_LBSF_M1,1,NTMR
20,5621,18,23,1210,7216,4,0,3,Support,1,NA_S2_PO_LBSF_M1,1,NTMR
17,8005,26,20,1553,13875,5,0,3,Support,1,NA_S2_PO_LBSF_M1,1,NTMR
19,11320,1,20,77,0,11,2,7,Damage,0,NA_S2_PO_LBSF_M1,1,SpaceStation
23,7885,0,47,0,0,5,1,14,Damage,0,NA_S2_PO_LBSF_M1,1,SpaceStation
20,11707,7,78,11658,0,9,0,7,Tank,0,NA_S2_PO_LBSF_M1,1,SpaceStation
14,5813,16,8,734,15588,9,0,1,Support,0,NA_S2_PO_LBSF_M1,1,SpaceStation
11,3747,12,18,1652,9175,5,0,3,Support,0,NA_S2_PO_LBSF_M1,1,SpaceStation
19,5820,0,125,0,0,3,2,8,Damage,1,NA_S2_PO_LBSF_M1,2,NTMR
19,7438,0,25,156,0,5,0,14,Damage,1,NA_S2_PO_LBSF_M1,2,NTMR
18,10621,9,69,8516,0,2,0,3,Tank,1,NA_S2_PO_LBSF_M1,2,NTMR
14,3707,16,13,902,5132,6,0,3,Support,1,NA_S2_PO_LBSF_M1,2,NTMR
19,4713,19,12,834,13837,2,0,5,Support,1,NA_S2_PO_LBSF_M1,2,NTMR
13,7369,0,56,0,0,8,1,7,Damage,0,NA_S2_PO_LBSF_M1,2,SpaceStation
11,4775,0,114,0,0,7,0,4,Damage,0,NA_S2_PO_LBSF_M1,2,SpaceStation
10,10120,5,95,8336,0,7,0,2,Tank,0,NA_S2_PO_LBSF_M1,2,SpaceStation
6,4209,12,51,0,10773,5,0,2,Support,0,NA_S2_PO_LBSF_M1,2,SpaceStation
9,3505,7,56,1206,4734,6,0,3,Support,0,NA_S2_PO_LBSF_M1,2,SpaceStation
25,10177,2,56,1531,286,7,1,8,Damage,1,NA_S2_PO_LBSF_M1,3,NTMR
19,7431,0,72,0,0,8,0,7,Damage,1,NA_S2_PO_LBSF_M1,3,NTMR
22,9995,5,241,18367,0,6,0,9,Tank,1,NA_S2_PO_LBSF_M1,3,NTMR
15,3719,15,55,1645,5409,8,0,3,Support,1,NA_S2_PO_LBSF_M1,3,NTMR
18,5254,18,102,0,11002,4,1,9,Support,1,NA_S2_PO_LBSF_M1,3,NTMR
23,7646,0,48,0,0,8,0,13,Damage,0,NA_S2_PO_LBSF_M1,3,SpaceStation
22,8801,0,87,1934,95,6,0,12,Damage,0,NA_S2_PO_LBSF_M1,3,SpaceStation
15,10565,5,175,15659,0,7,0,4,Tank,0,NA_S2_PO_LBSF_M1,3,SpaceStation
14,3619,23,37,0,11166,7,0,3,Support,0,NA_S2_PO_LBSF_M1,3,SpaceStation
12,3461,21,45,1348,7587,8,0,1,Support,0,NA_S2_PO_LBSF_M1,3,SpaceStation
17,7411,0,57,0,0,4,0,7,Damage,1,NA_S2_PO_LBQF_M1,1,SpaceStation
15,7365,0,77,0,0,1,1,7,Damage,1,NA_S2_PO_LBQF_M1,1,SpaceStation
15,7334,0,87,6152,0,3,0,8,Tank,1,NA_S2_PO_LBQF_M1,1,SpaceStation
8,3843,17,56,0,9218,1,0,2,Support,1,NA_S2_PO_LBQF_M1,1,SpaceStation
12,3239,10,48,1401,5397,5,0,3,Support,1,NA_S2_PO_LBQF_M1,1,SpaceStation
12,5756,0,62,0,0,7,0,6,Damage,0,NA_S2_PO_LBQF_M1,1,Sakura
11,11138,0,26,0,0,3,0,3,Damage,0,NA_S2_PO_LBQF_M1,1,Sakura
10,6536,7,103,16596,571,8,0,1,Tank,0,NA_S2_PO_LBQF_M1,1,Sakura
7,2420,8,63,922,3365,6,0,1,Support,0,NA_S2_PO_LBQF_M1,1,Sakura
5,3483,9,45,0,8461,3,0,3,Support,0,NA_S2_PO_LBQF_M1,1,Sakura
26,8469,0,49,0,0,4,0,10,Damage,1,NA_S2_PO_LBQF_M1,2,SpaceStation
25,7196,0,26,0,0,0,2,10,Damage,1,NA_S2_PO_LBQF_M1,2,SpaceStation
20,9544,8,59,9299,273,5,0,10,Tank,1,NA_S2_PO_LBQF_M1,2,SpaceStation
14,3846,16,78,906,9626,3,1,5,Support,1,NA_S2_PO_LBQF_M1,2,SpaceStation
11,4036,10,89,1545,5678,0,0,3,Support,1,NA_S2_PO_LBQF_M1,2,SpaceStation
7,5255,0,82,0,0,7,1,2,Damage,0,NA_S2_PO_LBQF_M1,2,Sakura
7,6823,0,14,0,0,11,0,2,Damage,0,NA_S2_PO_LBQF_M1,2,Sakura
10,10338,2,95,8417,0,6,0,6,Tank,0,NA_S2_PO_LBQF_M1,2,Sakura
6,3401,5,63,627,3906,8,0,0,Support,0,NA_S2_PO_LBQF_M1,2,Sakura
6,3380,8,21,0,11766,6,0,2,Support,0,NA_S2_PO_LBQF_M1,2,Sakura
21,8043,0,15,0,0,2,0,8,Damage,1,NA_S2_PO_LBQF_M1,3,SpaceStation
19,3997,0,13,0,0,1,0,9,Damage,1,NA_S2_PO_LBQF_M1,3,SpaceStation
18,6620,8,37,5151,0,1,0,4,Tank,1,NA_S2_PO_LBQF_M1,3,SpaceStation
9,2659,22,18,0,8037,1,0,3,Support,1,NA_S2_PO_LBQF_M1,3,SpaceStation
12,2159,16,18,657,4908,0,0,2,Support,1,NA_S2_PO_LBQF_M1,3,SpaceStation
4,4273,0,49,0,0,4,0,1,Damage,0,NA_S2_PO_LBQF_M1,3,Sakura
3,4719,0,8,0,0,5,0,1,Damage,0,NA_S2_PO_LBQF_M1,3,Sakura
1,5033,1,54,2461,1192,6,0,1,Tank,0,NA_S2_PO_LBQF_M1,3,Sakura
2,2160,3,21,505,2759,5,0,1,Support,0,NA_S2_PO_LBQF_M1,3,Sakura
4,2027,2,12,244,7602,6,0,1,Support,0,NA_S2_PO_LBQF_M1,3,Sakura
4,7073,1,18,143,78,9,0,2,Damage,0,NA_S2_PO_UBF_M1,1,Geekay Esports
13,7294,0,43,0,0,4,0,6,Damage,0,NA_S2_PO_UBF_M1,1,Geekay Esports
10,8269,8,83,3442,1130,6,0,2,Tank,0,NA_S2_PO_UBF_M1,1,Geekay Esports
10,3401,10,29,1381,6480,5,0,2,Support,0,NA_S2_PO_UBF_M1,1,Geekay Esports
8,3494,4,14,938,10284,6,0,3,Support,0,NA_S2_PO_UBF_M1,1,Geekay Esports
23,10434,2,20,203,2,2,0,9,Damage,1,NA_S2_PO_UBF_M1,1,Team Liquid
24,6816,0,72,0,0,3,1,6,Damage,1,NA_S2_PO_UBF_M1,1,Team Liquid
20,8390,8,84,5815,0,4,0,6,Tank,1,NA_S2_PO_UBF_M1,1,Team Liquid
18,4476,19,29,52,10117,2,1,5,Support,1,NA_S2_PO_UBF_M1,1,Team Liquid
14,3612,13,30,1587,6515,4,0,4,Support,1,NA_S2_PO_UBF_M1,1,Team Liquid
8,8049,0,93,99,487,11,0,5,Damage,0,NA_S2_PO_UBF_M1,2,Geekay Esports
9,8702,1,34,1206,179,11,1,3,Damage,0,NA_S2_PO_UBF_M1,2,Geekay Esports
6,7880,6,150,5569,2003,12,0,0,Tank,0,NA_S2_PO_UBF_M1,2,Geekay Esports
7,4928,9,92,2022,5752,11,0,0,Support,0,NA_S2_PO_UBF_M1,2,Geekay Esports
9,3337,5,72,86,14772,8,0,3,Support,0,NA_S2_PO_UBF_M1,2,Geekay Esports
35,14230,4,33,0,0,2,0,12,Damage,1,NA_S2_PO_UBF_M1,2,Team Liquid
39,9369,10,87,2275,972,3,1,15,Damage,1,NA_S2_PO_UBF_M1,2,Team Liquid
40,13229,8,95,5694,207,2,1,11,Tank,1,NA_S2_PO_UBF_M1,2,Team Liquid
30,4871,33,42,1016,14145,3,0,4,Support,1,NA_S2_PO_UBF_M1,2,Team Liquid
37,5298,29,98,1837,8257,2,0,11,Support,1,NA_S2_PO_UBF_M1,2,Team Liquid
20,12907,6,44,28,103,12,0,12,Damage,1,NA_S2_PO_UBF_M1,3,Geekay Esports
22,11550,0,30,0,0,9,1,14,Damage,1,NA_S2_PO_UBF_M1,3,Geekay Esports
27,20559,6,314,24662,639,5,0,5,Tank,1,NA_S2_PO_UBF_M1,3,Geekay Esports
11,3767,20,126,1655,17898,6,0,3,Support,1,NA_S2_PO_UBF_M1,3,Geekay Esports
21,10429,14,81,625,13088,9,0,5,Support,1,NA_S2_PO_UBF_M1,3,Geekay Esports
21,14349,6,48,0,0,8,2,13,Damage,0,NA_S2_PO_UBF_M1,3,Team Liquid
26,13219,0,93,0,0,8,2,10,Damage,0,NA_S2_PO_UBF_M1,3,Team Liquid
16,18430,7,237,10232,0,9,2,4,Tank,0,NA_S2_PO_UBF_M1,3,Team Liquid
18,7484,14,89,62,23529,6,2,8,Support,0,NA_S2_PO_UBF_M1,3,Team Liquid
15,7306,13,84,2190,10336,8,0,6,Support,0,NA_S2_PO_UBF_M1,3,Team Liquid
13,7788,0,24,0,0,9,0,7,Damage,0,NA_S2_PO_UBF_M1,4,Geekay Esports
10,7181,0,38,0,0,5,1,3,Damage,0,NA_S2_PO_UBF_M1,4,Geekay Esports
14,8232,3,139,8428,0,4,0,6,Tank,0,NA_S2_PO_UBF_M1,4,Geekay Esports
13,4047,13,32,1555,6550,7,0,6,Support,0,NA_S2_PO_UBF_M1,4,Geekay Esports
7,2883,9,11,265,9636,6,0,2,Support,0,NA_S2_PO_UBF_M1,4,Geekay Esports
17,7377,0,68,0,0,7,0,5,Damage,1,NA_S2_PO_UBF_M1,4,Team Liquid
19,6962,0,117,0,0,3,2,6,Damage,1,NA_S2_PO_UBF_M1,4,Team Liquid
18,9682,3,240,9039,0,4,0,10,Tank,1,NA_S2_PO_UBF_M1,4,Team Liquid
16,4058,20,89,0,9413,5,1,6,Support,1,NA_S2_PO_UBF_M1,4,Team Liquid
12,3602,16,96,1661,5685,5,0,4,Support,1,NA_S2_PO_UBF_M1,4,Team Liquid
19,7685,6,15,2736,491,3,0,5,Damage,1,NA_S2_PO_UBSF_M1,1,Geekay Esports
21,9916,0,4,0,0,5,1,10,Damage,1,NA_S2_PO_UBSF_M1,1,Geekay Esports
14,7428,3,43,6006,0,4,1,4,Tank,1,NA_S2_PO_UBSF_M1,1,Geekay Esports
10,3430,9,36,864,5176,4,0,2,Support,1,NA_S2_PO_UBSF_M1,1,Geekay Esports
17,6578,12,21,261,8864,4,2,8,Support,1,NA_S2_PO_UBSF_M1,1,Geekay Esports
14,5227,0,34,588,96,7,0,5,Damage,0,NA_S2_PO_UBSF_M1,1,SpaceStation
13,7064,0,9,0,0,8,1,6,Damage,0,NA_S2_PO_UBSF_M1,1,SpaceStation
10,7398,3,32,6307,0,3,0,4,Tank,0,NA_S2_PO_UBSF_M1,1,SpaceStation
10,3502,8,3,307,9189,6,0,4,Support,0,NA_S2_PO_UBSF_M1,1,SpaceStation
9,3051,11,7,1298,4538,7,0,1,Support,0,NA_S2_PO_UBSF_M1,1,SpaceStation
21,10025,5,103,2379,379,8,1,6,Damage,1,NA_S2_PO_UBSF_M1,2,Geekay Esports
32,16257,1,50,77,0,8,1,18,Damage,1,NA_S2_PO_UBSF_M1,2,Geekay Esports
32,13961,1,188,6994,0,6,1,15,Tank,1,NA_S2_PO_UBSF_M1,2,Geekay Esports
7,2872,24,74,1792,15032,5,1,1,Support,1,NA_S2_PO_UBSF_M1,2,Geekay Esports
13,8692,16,44,365,13360,7,0,1,Support,1,NA_S2_PO_UBSF_M1,2,Geekay Esports
23,8330,0,167,0,0,8,0,8,Damage,0,NA_S2_PO_UBSF_M1,2,SpaceStation
14,11084,0,39,0,0,11,1,8,Damage,0,NA_S2_PO_UBSF_M1,2,SpaceStation
21,15944,5,118,21194,884,7,0,6,Tank,0,NA_S2_PO_UBSF_M1,2,SpaceStation
18,7515,19,26,0,18453,7,0,8,Support,0,NA_S2_PO_UBSF_M1,2,SpaceStation
14,5120,18,74,1958,7403,9,0,3,Support,0,NA_S2_PO_UBSF_M1,2,SpaceStation
13,9146,0,20,1564,231,10,0,6,Damage,0,NA_S2_PO_UBSF_M1,3,Geekay Esports
20,13676,1,13,582,173,11,1,12,Damage,0,NA_S2_PO_UBSF_M1,3,Geekay Esports
21,12454,9,68,10137,0,10,0,7,Tank,0,NA_S2_PO_UBSF_M1,3,Geekay Esports
9,4332,14,13,7350,8925,9,0,4,Support,0,NA_S2_PO_UBSF_M1,3,Geekay Esports
12,4412,16,9,1962,14298,11,0,2,Support,0,NA_S2_PO_UBSF_M1,3,Geekay Esports
28,9790,1,20,1210,161,7,0,11,Damage,1,NA_S2_PO_UBSF_M1,3,SpaceStation
33,14617,4,14,343,0,7,1,17,Damage,1,NA_S2_PO_UBSF_M1,3,SpaceStation
34,13727,7,37,17772,0,5,0,12,Tank,1,NA_S2_PO_UBSF_M1,3,SpaceStation
23,4821,30,13,1081,15516,7,0,2,Support,1,NA_S2_PO_UBSF_M1,3,SpaceStation
26,6033,38,20,6802,11451,5,1,8,Support,1,NA_S2_PO_UBSF_M1,3,SpaceStation
13,9394,1,45,2615,543,6,0,4,Damage,1,NA_S2_PO_UBSF_M1,4,Geekay Esports
12,8358,0,23,525,0,10,0,9,Damage,1,NA_S2_PO_UBSF_M1,4,Geekay Esports
17,10037,1,164,12794,300,5,0,7,Tank,1,NA_S2_PO_UBSF_M1,4,Geekay Esports
11,4205,14,44,1493,6075,6,0,3,Support,1,NA_S2_PO_UBSF_M1,4,Geekay Esports
8,4408,14,8,1393,9620,6,0,4,Support,1,NA_S2_PO_UBSF_M1,4,Geekay Esports
20,7289,0,168,0,0,5,1,7,Damage,0,NA_S2_PO_UBSF_M1,4,SpaceStation
23,7422,0,77,0,0,8,0,12,Damage,0,NA_S2_PO_UBSF_M1,4,SpaceStation
20,10786,2,179,14062,1273,3,0,7,Tank,0,NA_S2_PO_UBSF_M1,4,SpaceStation
9,4884,17,91,0,10996,5,0,5,Support,0,NA_S2_PO_UBSF_M1,4,SpaceStation
15,4565,15,127,1645,4673,6,1,2,Support,0,NA_S2_PO_UBSF_M1,4,SpaceStation
13,8844,0,37,276,0,8,2,8,Damage,0,NA_S2_PO_UBSF_M2,1,NTMR
14,6712,0,79,0,0,8,1,4,Damage,0,NA_S2_PO_UBSF_M2,1,NTMR
11,12600,3,167,10331,0,8,2,6,Tank,0,NA_S2_PO_UBSF_M2,1,NTMR
6,3032,11,45,7083,7601,9,0,1,Support,0,NA_S2_PO_UBSF_M2,1,NTMR
9,6161,7,25,1576,15003,7,0,1,Support,0,NA_S2_PO_UBSF_M2,1,NTMR
30,12972,1,48,276,94,5,0,14,Damage,1,NA_S2_PO_UBSF_M2,1,Team Liquid
22,7020,0,101,0,0,6,1,11,Damage,1,NA_S2_PO_UBSF_M2,1,Team Liquid
32,15597,9,195,18386,0,3,0,7,Tank,1,NA_S2_PO_UBSF_M2,1,Team Liquid
18,5320,25,37,665,15284,5,0,4,Support,1,NA_S2_PO_UBSF_M2,1,Team Liquid
19,3034,35,60,6845,8288,4,0,2,Support,1,NA_S2_PO_UBSF_M2,1,Team Liquid
38,14424,3,42,0,0,7,2,19,Damage,1,NA_S2_PO_UBSF_M2,2,NTMR
33,12441,0,95,902,49,6,5,16,Damage,1,NA_S2_PO_UBSF_M2,2,NTMR
33,17675,13,233,14007,0,5,0,10,Tank,1,NA_S2_PO_UBSF_M2,2,NTMR
21,4656,22,47,396,23212,9,0,4,Support,1,NA_S2_PO_UBSF_M2,2,NTMR
20,4666,35,122,5986,19229,8,0,3,Support,1,NA_S2_PO_UBSF_M2,2,NTMR
18,21731,4,73,241,0,10,3,8,Damage,0,NA_S2_PO_UBSF_M2,2,Team Liquid
17,12196,0,105,2649,278,12,0,9,Damage,0,NA_S2_PO_UBSF_M2,2,Team Liquid
23,20250,5,260,20222,0,9,1,14,Tank,0,NA_S2_PO_UBSF_M2,2,Team Liquid
16,5416,18,128,1247,18505,9,0,3,Support,0,NA_S2_PO_UBSF_M2,2,Team Liquid
7,4123,14,109,4156,8078,13,0,1,Support,0,NA_S2_PO_UBSF_M2,2,Team Liquid
21,16398,1,23,0,0,13,3,12,Damage,0,NA_S2_PO_UBSF_M2,3,NTMR
20,12345,0,108,1502,235,12,1,10,Damage,0,NA_S2_PO_UBSF_M2,3,NTMR
21,14894,8,168,13297,0,9,0,8,Tank,0,NA_S2_PO_UBSF_M2,3,NTMR
12,4455,25,56,6879,11934,10,0,3,Support,0,NA_S2_PO_UBSF_M2,3,NTMR
20,6982,20,24,2814,22835,9,0,6,Support,0,NA_S2_PO_UBSF_M2,3,NTMR
28,14520,4,76,979,0,9,1,10,Damage,1,NA_S2_PO_UBSF_M2,3,Team Liquid
33,11275,0,98,46,0,6,2,14,Damage,1,NA_S2_PO_UBSF_M2,3,Team Liquid
30,20271,11,239,18909,0,7,2,11,Tank,1,NA_S2_PO_UBSF_M2,3,Team Liquid
25,7860,24,90,2196,21427,7,0,7,Support,1,NA_S2_PO_UBSF_M2,3,Team Liquid
23,8375,20,159,3049,8293,10,0,11,Support,1,NA_S2_PO_UBSF_M2,3,Team Liquid
1,4133,0,0,0,0,7,0,0,Damage,0,NA_S2_PO_UBSF_M2,4,NTMR
1,4221,0,24,0,0,6,0,0,Damage,0,NA_S2_PO_UBSF_M2,4,NTMR
2,6646,0,17,6877,109,6,0,1,Tank,0,NA_S2_PO_UBSF_M2,4,NTMR
4,1738,2,2,1227,2406,6,0,1,Support,0,NA_S2_PO_UBSF_M2,4,NTMR
3,3116,1,0,944,3617,6,0,2,Support,0,NA_S2_PO_UBSF_M2,4,NTMR
19,5798,3,0,366,29,0,0,10,Damage,1,NA_S2_PO_UBSF_M2,4,Team Liquid
16,3618,0,27,0,0,0,0,9,Damage,1,NA_S2_PO_UBSF_M2,4,Team Liquid
18,6319,4,22,6348,300,2,0,4,Tank,1,NA_S2_PO_UBSF_M2,4,Team Liquid
15,2019,12,0,354,7913,1,0,5,Support,1,NA_S2_PO_UBSF_M2,4,Team Liquid
11,1667,21,5,2955,4943,1,0,3,Support,1,NA_S2_PO_UBSF_M2,4,Team Liquid
15,7197,0,21,0,0,10,1,9,Damage,0,NA_S2_PO_LBQF_M2,1,NTMR
19,7039,0,125,0,0,6,1,4,Damage,0,NA_S2_PO_LBQF_M2,1,NTMR
17,10217,2,105,13663,1103,4,0,6,Tank,0,NA_S2_PO_LBQF_M2,1,NTMR
11,4297,11,40,906,6599,3,0,3,Support,0,NA_S2_PO_LBQF_M2,1,NTMR
12,6167,10,61,0,8020,5,0,6,Support,0,NA_S2_PO_LBQF_M2,1,NTMR
14,7813,1,59,0,0,6,1,6,Damage,1,NA_S2_PO_LBQF_M2,1,Extinction
16,7603,0,49,0,0,5,3,10,Damage,1,NA_S2_PO_LBQF_M2,1,Extinction
20,9645,2,127,5279,0,5,0,9,Tank,1,NA_S2_PO_LBQF_M2,1,Extinction
6,3943,11,79,1335,6982,6,0,1,Support,1,NA_S2_PO_LBQF_M2,1,Extinction
10,4973,19,91,0,10842,6,1,2,Support,1,NA_S2_PO_LBQF_M2,1,Extinction
29,10521,0,44,0,0,6,0,9,Damage,1,NA_S2_PO_LBQF_M2,2,NTMR
29,9084,0,137,657,116,4,1,17,Damage,1,NA_S2_PO_LBQF_M2,2,NTMR
28,14366,3,224,17527,0,5,0,10,Tank,1,NA_S2_PO_LBQF_M2,2,NTMR
19,2695,28,129,0,13302,3,1,6,Support,1,NA_S2_PO_LBQF_M2,2,NTMR
23,6091,26,90,1475,9517,6,0,4,Support,1,NA_S2_PO_LBQF_M2,2,NTMR
15,9495,0,41,0,0,8,1,7,Damage,0,NA_S2_PO_LBQF_M2,2,Extinction
10,7957,0,53,2696,205,11,1,5,Damage,0,NA_S2_PO_LBQF_M2,2,Extinction
12,13730,3,219,19317,357,8,0,7,Tank,0,NA_S2_PO_LBQF_M2,2,Extinction
11,5167,11,59,2061,5428,10,1,4,Support,0,NA_S2_PO_LBQF_M2,2,Extinction
11,4110,16,44,0,13375,9,0,1,Support,0,NA_S2_PO_LBQF_M2,2,Extinction
21,10301,0,37,0,0,5,2,10,Damage,0,NA_S2_PO_LBQF_M2,3,NTMR
22,7698,0,119,0,0,6,1,8,Damage,0,NA_S2_PO_LBQF_M2,3,NTMR
12,7978,2,148,15659,502,8,0,5,Tank,0,NA_S2_PO_LBQF_M2,3,NTMR
17,4502,16,42,1933,5589,4,1,3,Support,0,NA_S2_PO_LBQF_M2,3,NTMR
13,4780,16,12,1380,10121,8,0,5,Support,0,NA_S2_PO_LBQF_M2,3,NTMR
20,7638,0,65,0,0,7,0,10,Damage,1,NA_S2_PO_LBQF_M2,3,Extinction
16,6254,0,69,0,0,7,0,8,Damage,1,NA_S2_PO_LBQF_M2,3,Extinction
22,12324,14,319,4953,3440,5,0,7,Tank,1,NA_S2_PO_LBQF_M2,3,Extinction
16,4313,14,146,1763,4710,6,0,4,Support,1,NA_S2_PO_LBQF_M2,3,Extinction
17,4887,19,65,0,8616,6,0,2,Support,1,NA_S2_PO_LBQF_M2,3,Extinction
32,15499,3,65,170,0,7,0,14,Damage,1,NA_S2_PO_LBQF_M2,4,NTMR
35,12886,0,169,2675,492,5,1,16,Damage,1,NA_S2_PO_LBQF_M2,4,NTMR
47,20491,13,173,15107,0,4,2,23,Tank,1,NA_S2_PO_LBQF_M2,4,NTMR
29,6058,50,93,8250,13901,6,0,6,Support,1,NA_S2_PO_LBQF_M2,4,NTMR
21,6683,27,43,710,20321,8,0,5,Support,1,NA_S2_PO_LBQF_M2,4,NTMR
19,17091,3,18,765,361,12,0,11,Damage,0,NA_S2_PO_LBQF_M2,4,Extinction
15,10092,0,87,2096,116,13,1,7,Damage,0,NA_S2_PO_LBQF_M2,4,Extinction
18,17027,5,101,15979,0,13,1,7,Tank,0,NA_S2_PO_LBQF_M2,4,Extinction
13,5043,21,27,8271,11561,14,0,4,Support,0,NA_S2_PO_LBQF_M2,4,Extinction
8,5514,15,8,1408,18742,12,0,1,Support,0,NA_S2_PO_LBQF_M2,4,Extinction
39,13400,0,70,0,0,9,3,18,Damage,1,NA_S2_PO_LBQF_M2,5,NTMR
35,11240,0,93,1663,693,8,2,17,Damage,1,NA_S2_PO_LBQF_M2,5,NTMR
27,13751,16,238,8169,4477,10,1,10,Tank,1,NA_S2_PO_LBQF_M2,5,NTMR
18,5614,19,59,2404,6338,10,0,5,Support,1,NA_S2_PO_LBQF_M2,5,NTMR
19,7590,34,67,0,10153,8,1,6,Support,1,NA_S2_PO_LBQF_M2,5,NTMR
21,10117,0,47,0,0,14,0,10,Damage,0,NA_S2_PO_LBQF_M2,5,Extinction
27,7415,0,70,0,0,10,2,9,Damage,0,NA_S2_PO_LBQF_M2,5,Extinction
31,16382,20,227,8587,5397,10,1,9,Tank,0,NA_S2_PO_LBQF_M2,5,Extinction
28,6000,23,81,2262,5470,11,0,7,Support,0,NA_S2_PO_LBQF_M2,5,Extinction
24,6320,24,72,0,12605,11,0,10,Support,0,NA_S2_PO_LBQF_M2,5,Extinction
31,15973,2,48,340,217,6,1,15,Damage,1,NA_S2_PO_LBF_M1,1,Geekay Esports
27,8459,8,19,70,861,4,1,12,Damage,1,NA_S2_PO_LBF_M1,1,Geekay Esports
29,12298,7,76,10196,438,6,0,8,Tank,1,NA_S2_PO_LBF_M1,1,Geekay Esports
20,5220,27,50,2140,8665,4,0,4,Support,1,NA_S2_PO_LBF_M1,1,Geekay Esports
28,8586,29,23,1092,12788,7,0,8,Support,1,NA_S2_PO_LBF_M1,1,Geekay Esports
12,9031,0,31,1599,1078,11,1,4,Damage,0,NA_S2_PO_LBF_M1,1,NTMR
16,10549,0,30,0,0,10,3,10,Damage,0,NA_S2_PO_LBF_M1,1,NTMR
20,13130,4,84,9487,943,8,0,9,Tank,0,NA_S2_PO_LBF_M1,1,NTMR
12,3885,12,28,1189,7342,10,0,3,Support,0,NA_S2_PO_LBF_M1,1,NTMR
6,4171,17,24,261,17222,9,0,1,Support,0,NA_S2_PO_LBF_M1,1,NTMR
31,14577,0,67,120,60,10,0,7,Damage,1,NA_S2_PO_LBF_M1,2,Geekay Esports
37,11501,4,49,1276,1402,5,2,19,Damage,1,NA_S2_PO_LBF_M1,2,Geekay Esports
33,14789,5,200,10721,0,4,2,12,Tank,1,NA_S2_PO_LBF_M1,2,Geekay Esports
20,5309,25,218,2350,13478,5,0,7,Support,1,NA_S2_PO_LBF_M1,2,Geekay Esports
26,8983,26,117,0,12856,6,0,8,Support,1,NA_S2_PO_LBF_M1,2,Geekay Esports
19,8769,0,84,1614,114,12,0,5,Damage,0,NA_S2_PO_LBF_M1,2,NTMR
17,9007,0,44,0,0,14,0,8,Damage,0,NA_S2_PO_LBF_M1,2,NTMR
23,17352,3,272,21782,733,8,1,13,Tank,0,NA_S2_PO_LBF_M1,2,NTMR
8,3930,15,56,0,15132,10,0,2,Support,0,NA_S2_PO_LBF_M1,2,NTMR
9,5559,13,87,1114,12311,11,0,2,Support,0,NA_S2_PO_LBF_M1,2,NTMR
24,7694,0,4,0,0,4,2,16,Damage,1,NA_S2_PO_LBF_M1,3,Geekay Esports
18,5709,0,11,926,0,4,1,6,Damage,1,NA_S2_PO_LBF_M1,3,Geekay Esports
21,10991,6,36,9931,226,2,2,6,Tank,1,NA_S2_PO_LBF_M1,3,Geekay Esports
16,3357,18,26,934,4893,3,0,2,Support,1,NA_S2_PO_LBF_M1,3,Geekay Esports
11,3458,8,0,164,7068,5,0,6,Support,1,NA_S2_PO_LBF_M1,3,Geekay Esports
13,4328,0,21,0,0,8,1,6,Damage,0,NA_S2_PO_LBF_M1,3,NTMR
8,5702,0,6,0,0,7,0,3,Damage,0,NA_S2_PO_LBF_M1,3,NTMR
11,9398,4,34,7814,180,7,0,2,Tank,0,NA_S2_PO_LBF_M1,3,NTMR
7,2524,5,7,1532,4395,5,0,4,Support,0,NA_S2_PO_LBF_M1,3,NTMR
9,4290,5,7,849,8063,9,0,3,Support,0,NA_S2_PO_LBF_M1,3,NTMR
3,4756,0,20,77,91,6,0,3,Damage,0,NA_S2_PO_GF_M1,1,Geekay Esports
6,5855,0,44,0,0,6,0,1,Damage,0,NA_S2_PO_GF_M1,1,Geekay Esports
7,6228,2,67,7821,0,4,0,4,Tank,0,NA_S2_PO_GF_M1,1,Geekay Esports
1,1207,6,13,2005,6051,4,0,0,Support,0,NA_S2_PO_GF_M1,1,Geekay Esports
1,2678,3,1,1038,5765,6,0,0,Support,0,NA_S2_PO_GF_M1,1,Geekay Esports
14,6595,2,16,0,188,1,0,7,Damage,1,NA_S2_PO_GF_M1,1,Team Liquid
17,5220,0,50,0,0,1,1,3,Damage,1,NA_S2_PO_GF_M1,1,Team Liquid
16,7557,5,62,7943,477,1,0,4,Tank,1,NA_S2_PO_GF_M1,1,Team Liquid
9,2728,9,7,449,7488,2,0,3,Support,1,NA_S2_PO_GF_M1,1,Team Liquid
10,4119,8,23,0,4868,3,1,9,Support,1,NA_S2_PO_GF_M1,1,Team Liquid
27,16662,1,107,38,0,10,1,16,Damage,1,NA_S2_PO_GF_M1,2,Geekay Esports
26,14254,3,70,1380,5,7,1,10,Damage,1,NA_S2_PO_GF_M1,2,Geekay Esports
25,22061,8,422,31539,599,6,0,7,Tank,1,NA_S2_PO_GF_M1,2,Geekay Esports
10,3707,24,113,2964,18778,7,0,1,Support,1,NA_S2_PO_GF_M1,2,Geekay Esports
19,10898,15,78,987,13742,10,1,9,Support,1,NA_S2_PO_GF_M1,2,Geekay Esports
19,14741,4,43,0,221,11,3,13,Damage,0,NA_S2_PO_GF_M1,2,Team Liquid
22,11555,1,90,1716,480,8,3,9,Damage,0,NA_S2_PO_GF_M1,2,Team Liquid
23,20692,4,328,16384,300,8,1,9,Tank,0,NA_S2_PO_GF_M1,2,Team Liquid
13,7738,15,105,1764,26834,6,0,5,Support,0,NA_S2_PO_GF_M1,2,Team Liquid
14,6600,13,71,2410,10708,11,0,4,Support,0,NA_S2_PO_GF_M1,2,Team Liquid
35,14861,1,99,265,118,7,1,19,Damage,1,NA_S2_PO_GF_M1,3,Geekay Esports
31,12374,4,54,4953,693,8,0,15,Damage,1,NA_S2_PO_GF_M1,3,Geekay Esports
35,17060,8,150,19561,295,6,0,13,Tank,1,NA_S2_PO_GF_M1,3,Geekay Esports
28,6712,35,138,2880,8858,8,0,1,Support,1,NA_S2_PO_GF_M1,3,Geekay Esports
29,6254,33,82,815,18074,9,0,7,Support,1,NA_S2_PO_GF_M1,3,Geekay Esports
29,15361,2,55,612,221,13,2,10,Damage,0,NA_S2_PO_GF_M1,3,Team Liquid
23,10296,4,95,5863,474,8,0,10,Damage,0,NA_S2_PO_GF_M1,3,Team Liquid
21,14886,5,202,21854,300,12,0,7,Tank,0,NA_S2_PO_GF_M1,3,Team Liquid
20,5879,26,80,1023,15814,13,0,4,Support,0,NA_S2_PO_GF_M1,3,Team Liquid
24,8627,19,180,2064,9749,10,0,7,Support,0,NA_S2_PO_GF_M1,3,Team Liquid
24,12019,0,37,277,155,9,0,13,Damage,1,NA_S2_PO_GF_M1,4,Geekay Esports
26,9112,9,41,5091,325,5,1,10,Damage,1,NA_S2_PO_GF_M1,4,Geekay Esports
29,10291,8,115,7097,0,8,1,7,Tank,1,NA_S2_PO_GF_M1,4,Geekay Esports
21,5004,19,42,1831,6873,7,0,5,Support,1,NA_S2_PO_GF_M1,4,Geekay Esports
18,4101,21,9,721,11124,7,0,3,Support,1,NA_S2_PO_GF_M1,4,Geekay Esports
24,8874,0,86,0,0,8,0,10,Damage,0,NA_S2_PO_GF_M1,4,Team Liquid
22,8045,2,171,1821,79,7,0,6,Damage,0,NA_S2_PO_GF_M1,4,Team Liquid
24,12162,12,460,4972,3170,6,0,10,Tank,0,NA_S2_PO_GF_M1,4,Team Liquid
15,3176,26,177,0,11222,7,0,5,Support,0,NA_S2_PO_GF_M1,4,Team Liquid
14,3184,19,159,1912,7003,10,0,5,Support,0,NA_S2_PO_GF_M1,4,Team Liquid
12,8890,1,28,0,22,12,0,4,Damage,0,NA_S2_PO_GF_M1,5,Geekay Esports
15,8637,4,32,0,384,7,0,7,Damage,0,NA_S2_PO_GF_M1,5,Geekay Esports
20,10737,4,64,6383,0,9,0,5,Tank,0,NA_S2_PO_GF_M1,5,Geekay Esports
12,4460,15,48,805,5823,9,0,2,Support,0,NA_S2_PO_GF_M1,5,Geekay Esports
15,6591,13,11,2063,10258,8,0,8,Support,0,NA_S2_PO_GF_M1,5,Geekay Esports
27,8186,0,14,0,0,6,0,7,Damage,1,NA_S2_PO_GF_M1,5,Team Liquid
35,8575,0,43,0,0,4,2,19,Damage,1,NA_S2_PO_GF_M1,5,Team Liquid
29,10308,12,65,6894,0,6,0,9,Tank,1,NA_S2_PO_GF_M1,5,Team Liquid
19,4650,26,26,0,8832,7,0,4,Support,1,NA_S2_PO_GF_M1,5,Team Liquid
16,3659,23,37,1602,7774,3,0,5,Support,1,NA_S2_PO_GF_M1,5,Team Liquid
12,9137,0,8,215,2,11,1,6,Damage,0,NA_S2_PO_GF_M1,6,Geekay Esports
15,9332,2,38,1569,46,7,1,8,Damage,0,NA_S2_PO_GF_M1,6,Geekay Esports
18,10345,7,78,8001,84,10,3,7,Tank,0,NA_S2_PO_GF_M1,6,Geekay Esports
11,4343,13,74,2301,5760,8,0,2,Support,0,NA_S2_PO_GF_M1,6,Geekay Esports
7,3007,13,39,0,7083,10,0,3,Support,0,NA_S2_PO_GF_M1,6,Geekay Esports
36,8782,11,27,0,75,5,1,12,Damage,1,NA_S2_PO_GF_M1,6,Team Liquid
28,6865,0,54,0,0,5,0,13,Damage,1,NA_S2_PO_GF_M1,6,Team Liquid
32,11079,19,143,5981,4060,6,0,11,Tank,1,NA_S2_PO_GF_M1,6,Team Liquid
16,3954,32,21,0,8509,6,0,3,Support,1,NA_S2_PO_GF_M1,6,Team Liquid
23,4502,27,53,1690,7141,4,0,7,Support,1,NA_S2_PO_GF_M1,6,Team Liquid
14,9448,1,26,316,75,4,0,6,Damage,1,NA_S2_PO_GF_M1,7,Geekay Esports
18,5860,0,36,0,0,7,3,7,Damage,1,NA_S2_PO_GF_M1,7,Geekay Esports
20,10322,1,116,8496,0,2,2,14,Tank,1,NA_S2_PO_GF_M1,7,Geekay Esports
11,3706,15,52,1262,8515,5,0,1,Support,1,NA_S2_PO_GF_M1,7,Geekay Esports
11,4761,9,35,923,10613,4,0,2,Support,1,NA_S2_PO_GF_M1,7,Geekay Esports
8,8084,1,8,344,0,8,1,5,Damage,0,NA_S2_PO_GF_M1,7,Team Liquid
15,7885,0,74,0,0,5,0,7,Damage,0,NA_S2_PO_GF_M1,7,Team Liquid
13,9739,4,89,10048,0,6,1,4,Tank,0,NA_S2_PO_GF_M1,7,Team Liquid
9,4050,8,12,914,11415,6,1,4,Support,0,NA_S2_PO_GF_M1,7,Team Liquid
8,4579,9,27,861,5251,6,0,2,Support,0,NA_S2_PO_GF_M1,7,Team Liquid
20,7985,0,14,0,0,2,1,6,Damage,1,NA_S3_RR_W2_D1_M1,1,Geekay Esports
19,5510,0,23,0,0,0,3,11,Damage,1,NA_S3_RR_W2_D1_M1,1,Geekay Esports
14,7116,0,28,9215,0,2,1,2,Tank,1,NA_S3_RR_W2_D1_M1,1,Geekay Esports
17,3928,18,34,939,5426,2,0,1,Support,1,NA_S3_RR_W2_D1_M1,1,Geekay Esports
17,9317,1,28,0,6636,2,0,7,Support,1,NA_S3_RR_W2_D1_M1,1,Geekay Esports
2,3385,0,26,0,0,6,0,1,Damage,0,NA_S3_RR_W2_D1_M1,1,Sakura
4,4016,0,29,0,684,11,0,3,Damage,0,NA_S3_RR_W2_D1_M1,1,Sakura
5,7646,4,29,5902,0,5,0,1,Tank,0,NA_S3_RR_W2_D1_M1,1,Sakura
3,3123,2,10,324,5897,5,0,1,Support,0,NA_S3_RR_W2_D1_M1,1,Sakura
5,3716,4,8,0,11905,5,0,2,Support,0,NA_S3_RR_W2_D1_M1,1,Sakura
13,7668,0,5,0,113,6,0,3,Damage,1,NA_S3_RR_W2_D1_M1,2,Geekay Esports
16,8801,0,58,0,0,2,0,5,Damage,1,NA_S3_RR_W2_D1_M1,2,Geekay Esports
19,6497,2,62,5412,223,3,0,8,Tank,1,NA_S3_RR_W2_D1_M1,2,Geekay Esports
12,4316,14,54,1393,5953,5,0,3,Support,1,NA_S3_RR_W2_D1_M1,2,Geekay Esports
17,8211,13,52,0,5360,2,0,7,Support,1,NA_S3_RR_W2_D1_M1,2,Geekay Esports
12,6392,0,79,0,0,4,1,7,Damage,0,NA_S3_RR_W2_D1_M1,2,Sakura
11,9112,0,94,0,1207,4,2,6,Damage,0,NA_S3_RR_W2_D1_M1,2,Sakura
7,7466,4,101,6335,698,5,1,4,Tank,0,NA_S3_RR_W2_D1_M1,2,Sakura
5,3300,6,40,1255,5572,8,0,0,Support,0,NA_S3_RR_W2_D1_M1,2,Sakura
6,4279,10,45,0,10928,5,0,1,Support,0,NA_S3_RR_W2_D1_M1,2,Sakura
16,6276,0,16,1136,0,3,0,7,Damage,1,NA_S3_RR_W2_D1_M1,3,Geekay Esports
24,6020,0,20,0,0,1,1,14,Damage,1,NA_S3_RR_W2_D1_M1,3,Geekay Esports
18,5460,6,37,3475,302,2,1,5,Tank,1,NA_S3_RR_W2_D1_M1,3,Geekay Esports
19,4650,23,46,1376,5220,3,0,6,Support,1,NA_S3_RR_W2_D1_M1,3,Geekay Esports
23,9974,7,20,0,4498,0,0,5,Support,1,NA_S3_RR_W2_D1_M1,3,Geekay Esports
5,3894,0,13,0,0,8,0,2,Damage,0,NA_S3_RR_W2_D1_M1,3,Sakura
3,5871,0,26,0,1300,9,0,3,Damage,0,NA_S3_RR_W2_D1_M1,3,Sakura
8,7987,3,52,7569,0,7,0,4,Tank,0,NA_S3_RR_W2_D1_M1,3,Sakura
4,2996,6,14,1010,5385,6,0,0,Support,0,NA_S3_RR_W2_D1_M1,3,Sakura
3,4228,7,10,0,9629,7,0,0,Support,0,NA_S3_RR_W2_D1_M1,3,Sakura
18,4896,0,23,0,0,0,2,7,Damage,1,NA_S3_RR_W2_D1_M2,1,Team Liquid
12,5336,0,2,462,161,1,0,6,Damage,1,NA_S3_RR_W2_D1_M2,1,Team Liquid
14,5230,5,17,2141,100,0,0,3,Tank,1,NA_S3_RR_W2_D1_M2,1,Team Liquid
12,4515,9,4,0,3330,0,2,8,Support,1,NA_S3_RR_W2_D1_M2,1,Team Liquid
14,2646,13,12,608,3697,0,0,2,Support,1,NA_S3_RR_W2_D1_M2,1,Team Liquid
1,2931,1,9,0,257,6,0,0,Damage,0,NA_S3_RR_W2_D1_M2,1,Extinction
1,3642,0,5,470,0,5,0,1,Damage,0,NA_S3_RR_W2_D1_M2,1,Extinction
1,4342,1,21,2198,0,4,0,0,Tank,0,NA_S3_RR_W2_D1_M2,1,Extinction
0,3126,1,8,0,3965,5,0,0,Support,0,NA_S3_RR_W2_D1_M2,1,Extinction
0,2115,1,10,0,3204,6,0,0,Support,0,NA_S3_RR_W2_D1_M2,1,Extinction
29,8141,0,66,0,0,3,3,13,Damage,1,NA_S3_RR_W2_D1_M2,2,Team Liquid
25,9486,1,31,1714,74,5,0,13,Damage,1,NA_S3_RR_W2_D1_M2,2,Team Liquid
31,11168,2,82,8388,0,7,0,8,Tank,1,NA_S3_RR_W2_D1_M2,2,Team Liquid
22,6254,24,33,0,9033,7,0,10,Support,1,NA_S3_RR_W2_D1_M2,2,Team Liquid
23,9196,5,17,0,6638,4,0,7,Support,1,NA_S3_RR_W2_D1_M2,2,Team Liquid
12,6976,0,62,0,1768,10,1,5,Damage,0,NA_S3_RR_W2_D1_M2,2,Extinction
16,6284,0,44,0,0,8,2,9,Damage,0,NA_S3_RR_W2_D1_M2,2,Extinction
20,9580,6,56,6334,320,8,2,9,Tank,0,NA_S3_RR_W2_D1_M2,2,Extinction
10,4218,13,31,0,8411,12,0,0,Support,0,NA_S3_RR_W2_D1_M2,2,Extinction
7,4859,3,8,0,9292,13,0,3,Support,0,NA_S3_RR_W2_D1_M2,2,Extinction
28,8230,0,60,0,0,2,1,9,Damage,1,NA_S3_RR_W2_D1_M2,3,Team Liquid
26,9841,2,18,1166,194,4,0,14,Damage,1,NA_S3_RR_W2_D1_M2,3,Team Liquid
29,8749,9,43,6403,600,1,0,14,Tank,1,NA_S3_RR_W2_D1_M2,3,Team Liquid
15,4457,21,53,685,8944,3,0,3,Support,1,NA_S3_RR_W2_D1_M2,3,Team Liquid
16,8302,2,6,0,5803,2,0,5,Support,1,NA_S3_RR_W2_D1_M2,3,Team Liquid
7,9783,1,80,0,939,10,0,4,Damage,0,NA_S3_RR_W2_D1_M2,3,Extinction
5,8229,0,51,0,0,7,0,0,Damage,0,NA_S3_RR_W2_D1_M2,3,Extinction
4,7568,0,81,12242,272,10,1,4,Tank,0,NA_S3_RR_W2_D1_M2,3,Extinction
6,4377,7,19,750,7773,12,0,1,Support,0,NA_S3_RR_W2_D1_M2,3,Extinction
4,4621,2,44,0,8821,6,0,3,Support,0,NA_S3_RR_W2_D1_M2,3,Extinction
20,5400,0,37,0,0,1,0,5,Damage,1,NA_S3_RR_W2_D2_M1,1,SpaceStation
14,6616,3,17,91,0,3,0,6,Damage,1,NA_S3_RR_W2_D2_M1,1,SpaceStation
18,6342,4,47,4594,0,1,0,9,Tank,1,NA_S3_RR_W2_D2_M1,1,SpaceStation
13,3756,12,23,0,6398,2,1,5,Support,1,NA_S3_RR_W2_D2_M1,1,SpaceStation
11,3274,9,9,0,5232,3,0,1,Support,1,NA_S3_RR_W2_D2_M1,1,SpaceStation
6,4264,0,21,1035,66,6,0,5,Damage,0,NA_S3_RR_W2_D2_M1,1,Team Z
8,4595,0,38,0,0,4,0,4,Damage,0,NA_S3_RR_W2_D2_M1,1,Team Z
6,4465,2,23,4154,100,7,0,1,Tank,0,NA_S3_RR_W2_D2_M1,1,Team Z
1,2670,0,10,0,4330,5,0,0,Support,0,NA_S3_RR_W2_D2_M1,1,Team Z
2,3030,0,5,0,3282,4,0,0,Support,0,NA_S3_RR_W2_D2_M1,1,Team Z
9,2378,0,19,0,0,0,0,2,Damage,1,NA_S3_RR_W2_D2_M1,2,SpaceStation
11,4900,1,10,213,0,0,0,7,Damage,1,NA_S3_RR_W2_D2_M1,2,SpaceStation
6,2912,6,11,2082,0,1,0,1,Tank,1,NA_S3_RR_W2_D2_M1,2,SpaceStation
8,1219,11,1,0,3535,0,0,2,Support,1,NA_S3_RR_W2_D2_M1,2,SpaceStation
7,1189,5,8,126,2248,0,1,3,Support,1,NA_S3_RR_W2_D2_M1,2,SpaceStation
0,1626,0,6,1200,0,3,0,0,Damage,0,NA_S3_RR_W2_D2_M1,2,Team Z
1,1040,0,9,0,0,4,0,1,Damage,0,NA_S3_RR_W2_D2_M1,2,Team Z
1,1849,1,25,3964,0,4,0,0,Tank,0,NA_S3_RR_W2_D2_M1,2,Team Z
0,960,1,6,0,4280,2,0,0,Support,0,NA_S3_RR_W2_D2_M1,2,Team Z
0,1885,0,2,0,2212,2,0,0,Support,0,NA_S3_RR_W2_D2_M1,2,Team Z
34,8969,0,83,0,0,6,1,12,Damage,1,NA_S3_RR_W2_D2_M1,3,SpaceStation
34,10737,7,58,3434,555,5,1,8,Damage,1,NA_S3_RR_W2_D2_M1,3,SpaceStation
29,11813,5,119,5378,7076,6,0,15,Tank,1,NA_S3_RR_W2_D2_M1,3,SpaceStation
19,8426,25,53,0,11738,5,2,9,Support,1,NA_S3_RR_W2_D2_M1,3,SpaceStation
18,7490,12,13,0,10060,4,0,4,Support,1,NA_S3_RR_W2_D2_M1,3,SpaceStation
17,9893,0,93,0,1666,11,0,8,Damage,0,NA_S3_RR_W2_D2_M1,3,Team Z
16,10042,0,93,0,0,7,0,7,Damage,0,NA_S3_RR_W2_D2_M1,3,Team Z
12,12081,8,108,10883,0,11,0,5,Tank,0,NA_S3_RR_W2_D2_M1,3,Team Z
9,5837,12,38,0,9849,10,0,2,Support,0,NA_S3_RR_W2_D2_M1,3,Team Z
12,8207,4,34,0,10477,9,1,4,Support,0,NA_S3_RR_W2_D2_M1,3,Team Z
25,10857,0,27,215,549,7,0,12,Damage,1,NA_S3_RR_W2_D2_M2,1,NTMR
22,9960,0,129,0,0,6,1,9,Damage,1,NA_S3_RR_W2_D2_M2,1,NTMR
39,12194,11,110,11469,1085,4,1,12,Tank,1,NA_S3_RR_W2_D2_M2,1,NTMR
19,10030,21,66,0,9857,2,1,7,Support,1,NA_S3_RR_W2_D2_M2,1,NTMR
16,7909,13,49,821,6835,7,1,5,Support,1,NA_S3_RR_W2_D2_M2,1,NTMR
15,9250,0,104,0,0,8,0,7,Damage,0,NA_S3_RR_W2_D2_M2,1,DhillDucks
15,7825,4,74,0,1213,8,0,7,Damage,0,NA_S3_RR_W2_D2_M2,1,DhillDucks
17,10876,8,108,11114,1022,9,0,7,Tank,0,NA_S3_RR_W2_D2_M2,1,DhillDucks
11,6059,13,52,0,12451,11,0,2,Support,0,NA_S3_RR_W2_D2_M2,1,DhillDucks
12,5967,12,72,1485,11125,10,0,2,Support,0,NA_S3_RR_W2_D2_M2,1,DhillDucks
23,8502,1,42,0,1610,5,1,15,Damage,1,NA_S3_RR_W2_D2_M2,2,NTMR
23,6130,0,49,0,0,2,0,6,Damage,1,NA_S3_RR_W2_D2_M2,2,NTMR
22,7171,8,46,4504,0,4,0,5,Tank,1,NA_S3_RR_W2_D2_M2,2,NTMR
16,4899,16,20,226,5504,5,0,3,Support,1,NA_S3_RR_W2_D2_M2,2,NTMR
16,7426,9,11,0,4651,5,0,6,Support,1,NA_S3_RR_W2_D2_M2,2,NTMR
12,6375,0,43,0,0,5,0,7,Damage,0,NA_S3_RR_W2_D2_M2,2,DhillDucks
15,8994,0,40,0,1568,8,0,4,Damage,0,NA_S3_RR_W2_D2_M2,2,DhillDucks
17,7417,2,58,5467,0,6,0,8,Tank,0,NA_S3_RR_W2_D2_M2,2,DhillDucks
13,4881,14,21,0,9746,7,0,0,Support,0,NA_S3_RR_W2_D2_M2,2,DhillDucks
8,3472,9,21,1698,5659,9,0,2,Support,0,NA_S3_RR_W2_D2_M2,2,DhillDucks
28,11849,2,36,0,219,2,1,12,Damage,1,NA_S3_RR_W2_D2_M2,3,NTMR
32,7562,0,101,1994,0,5,1,10,Damage,1,NA_S3_RR_W2_D2_M2,3,NTMR
29,10375,8,71,5004,0,1,0,14,Tank,1,NA_S3_RR_W2_D2_M2,3,NTMR
21,6168,19,48,0,6175,6,0,8,Support,1,NA_S3_RR_W2_D2_M2,3,NTMR
15,7941,9,71,0,6397,6,1,2,Support,1,NA_S3_RR_W2_D2_M2,3,NTMR
6,6932,0,11,1455,0,10,0,4,Damage,0,NA_S3_RR_W2_D2_M2,3,DhillDucks
8,8009,0,3,0,0,8,1,4,Damage,0,NA_S3_RR_W2_D2_M2,3,DhillDucks
8,7376,4,52,7676,571,11,2,5,Tank,0,NA_S3_RR_W2_D2_M2,3,DhillDucks
7,6088,9,7,0,9641,7,2,3,Support,0,NA_S3_RR_W2_D2_M2,3,DhillDucks
9,5081,5,9,0,7436,10,0,4,Support,0,NA_S3_RR_W2_D2_M2,3,DhillDucks
27,11049,3,71,3095,487,10,0,8,Damage,0,NA_S3_RR_W3_D1_M1,1,DhillDucks
20,9904,3,58,1362,390,9,0,8,Damage,0,NA_S3_RR_W3_D1_M1,1,DhillDucks
22,11806,7,110,14806,353,7,0,9,Tank,0,NA_S3_RR_W3_D1_M1,1,DhillDucks
17,4050,16,68,2006,8259,10,0,3,Support,0,NA_S3_RR_W3_D1_M1,1,DhillDucks
15,6906,21,49,0,15831,7,0,5,Support,0,NA_S3_RR_W3_D1_M1,1,DhillDucks
31,11866,0,76,2345,24,6,0,8,Damage,1,NA_S3_RR_W3_D1_M1,1,Sakura
29,13446,0,30,471,586,7,0,13,Damage,1,NA_S3_RR_W3_D1_M1,1,Sakura
33,12935,6,159,9534,0,7,0,15,Tank,1,NA_S3_RR_W3_D1_M1,1,Sakura
19,5074,25,77,2186,9404,7,0,3,Support,1,NA_S3_RR_W3_D1_M1,1,Sakura
14,5404,30,71,0,15626,6,0,4,Support,1,NA_S3_RR_W3_D1_M1,1,Sakura
17,7527,1,134,0,0,9,0,4,Damage,0,NA_S3_RR_W3_D1_M1,2,DhillDucks
18,9089,0,38,0,0,10,3,9,Damage,0,NA_S3_RR_W3_D1_M1,2,DhillDucks
16,7582,6,170,9556,249,9,0,5,Tank,0,NA_S3_RR_W3_D1_M1,2,DhillDucks
14,5804,6,82,436,8393,9,0,5,Support,0,NA_S3_RR_W3_D1_M1,2,DhillDucks
19,6749,18,65,273,8994,10,1,10,Support,0,NA_S3_RR_W3_D1_M1,2,DhillDucks
30,9638,0,99,0,0,9,3,16,Damage,1,NA_S3_RR_W3_D1_M1,2,Sakura
24,9911,0,33,0,997,7,1,9,Damage,1,NA_S3_RR_W3_D1_M1,2,Sakura
30,10452,9,103,6396,268,4,0,14,Tank,1,NA_S3_RR_W3_D1_M1,2,Sakura
17,8243,9,23,477,5487,7,0,3,Support,1,NA_S3_RR_W3_D1_M1,2,Sakura
12,3958,22,117,0,13069,6,1,5,Support,1,NA_S3_RR_W3_D1_M1,2,Sakura
18,8255,0,30,0,0,4,2,6,Damage,0,NA_S3_RR_W3_D1_M1,3,DhillDucks
12,10556,0,23,0,585,5,0,4,Damage,0,NA_S3_RR_W3_D1_M1,3,DhillDucks
19,7853,13,81,14434,0,5,0,6,Tank,0,NA_S3_RR_W3_D1_M1,3,DhillDucks
12,3737,11,47,1307,7368,6,0,3,Support,0,NA_S3_RR_W3_D1_M1,3,DhillDucks
15,6360,14,32,0,9644,5,0,6,Support,0,NA_S3_RR_W3_D1_M1,3,DhillDucks
17,7608,0,44,0,0,6,2,8,Damage,1,NA_S3_RR_W3_D1_M1,3,Sakura
17,10258,0,38,0,1025,5,1,8,Damage,1,NA_S3_RR_W3_D1_M1,3,Sakura
10,7724,2,92,8766,368,6,0,1,Tank,1,NA_S3_RR_W3_D1_M1,3,Sakura
8,3789,10,36,1779,8439,4,0,3,Support,1,NA_S3_RR_W3_D1_M1,3,Sakura
7,4432,15,28,0,13220,4,0,5,Support,1,NA_S3_RR_W3_D1_M1,3,Sakura
11,5519,2,44,3114,276,8,0,3,Damage,0,NA_S3_RR_W3_D1_M2,1,NTMR
14,10475,7,16,509,0,9,0,4,Damage,0,NA_S3_RR_W3_D1_M2,1,NTMR
8,7426,1,47,6339,0,7,0,5,Tank,0,NA_S3_RR_W3_D1_M2,1,NTMR
10,3803,15,27,1656,7257,3,1,1,Support,0,NA_S3_RR_W3_D1_M2,1,NTMR
8,3298,14,16,0,16344,7,0,4,Support,0,NA_S3_RR_W3_D1_M2,1,NTMR
22,10826,0,20,0,0,4,1,9,Damage,1,NA_S3_RR_W3_D1_M2,1,Geekay Esports
22,7324,5,21,3724,395,3,0,6,Damage,1,NA_S3_RR_W3_D1_M2,1,Geekay Esports
22,9098,3,35,12518,0,7,2,6,Tank,1,NA_S3_RR_W3_D1_M2,1,Geekay Esports
17,3099,16,26,1145,7320,4,0,3,Support,1,NA_S3_RR_W3_D1_M2,1,Geekay Esports
20,8823,7,18,1044,9220,4,0,5,Support,1,NA_S3_RR_W3_D1_M2,1,Geekay Esports
9,12772,0,83,1666,0,6,1,2,Damage,0,NA_S3_RR_W3_D1_M2,2,NTMR
17,13647,1,46,277,71,6,3,14,Damage,0,NA_S3_RR_W3_D1_M2,2,NTMR
7,8991,2,244,5607,100,3,0,2,Tank,0,NA_S3_RR_W3_D1_M2,2,NTMR
11,8416,5,12,925,11279,3,1,3,Support,0,NA_S3_RR_W3_D1_M2,2,NTMR
5,5022,8,49,0,10762,6,0,1,Support,0,NA_S3_RR_W3_D1_M2,2,NTMR
19,10762,8,37,0,815,3,0,7,Damage,1,NA_S3_RR_W3_D1_M2,2,Geekay Esports
13,9923,2,40,4583,921,5,0,2,Damage,1,NA_S3_RR_W3_D1_M2,2,Geekay Esports
15,9975,3,62,7649,1333,5,0,7,Tank,1,NA_S3_RR_W3_D1_M2,2,Geekay Esports
7,2647,10,23,596,11078,4,0,1,Support,1,NA_S3_RR_W3_D1_M2,2,Geekay Esports
12,12985,1,44,1189,8382,5,0,6,Support,1,NA_S3_RR_W3_D1_M2,2,Geekay Esports
20,8252,2,120,2919,156,7,0,7,Damage,0,NA_S3_RR_W3_D1_M2,3,NTMR
16,11353,7,63,759,604,10,2,9,Damage,0,NA_S3_RR_W3_D1_M2,3,NTMR
19,9747,3,111,23955,326,6,0,7,Tank,0,NA_S3_RR_W3_D1_M2,3,NTMR
14,5360,16,59,231,13261,12,0,3,Support,0,NA_S3_RR_W3_D1_M2,3,NTMR
18,5171,13,49,1610,10091,6,0,7,Support,0,NA_S3_RR_W3_D1_M2,3,NTMR
23,14170,11,20,0,578,6,1,8,Damage,1,NA_S3_RR_W3_D1_M2,3,Geekay Esports
25,8254,2,66,4037,461,7,0,11,Damage,1,NA_S3_RR_W3_D1_M2,3,Geekay Esports
29,12185,6,79,13287,0,9,0,10,Tank,1,NA_S3_RR_W3_D1_M2,3,Geekay Esports
21,7012,18,127,1914,7217,5,1,5,Support,1,NA_S3_RR_W3_D1_M2,3,Geekay Esports
17,5281,19,32,0,11383,6,0,7,Support,1,NA_S3_RR_W3_D1_M2,3,Geekay Esports
26,9343,0,97,0,0,3,2,10,Damage,1,NA_S3_RR_W3_D1_M3,1,Team Liquid
22,11065,6,14,0,241,5,1,6,Damage,1,NA_S3_RR_W3_D1_M3,1,Team Liquid
24,9295,1,116,10080,300,5,1,12,Tank,1,NA_S3_RR_W3_D1_M3,1,Team Liquid
18,6223,19,43,0,7156,4,0,5,Support,1,NA_S3_RR_W3_D1_M3,1,Team Liquid
23,4654,16,68,1264,5755,4,0,6,Support,1,NA_S3_RR_W3_D1_M3,1,Team Liquid
9,8377,0,29,100,331,9,0,1,Damage,0,NA_S3_RR_W3_D1_M3,1,SpaceStation
18,8969,1,51,0,0,6,1,14,Damage,0,NA_S3_RR_W3_D1_M3,1,SpaceStation
11,9540,2,154,10603,0,8,0,3,Tank,0,NA_S3_RR_W3_D1_M3,1,SpaceStation
5,4701,10,51,0,11963,9,0,1,Support,0,NA_S3_RR_W3_D1_M3,1,SpaceStation
10,4799,10,46,1444,8110,8,2,1,Support,0,NA_S3_RR_W3_D1_M3,1,SpaceStation
28,8870,0,72,1133,138,6,4,12,Damage,1,NA_S3_RR_W3_D1_M3,2,Team Liquid
22,10391,4,36,114,56,7,3,18,Damage,1,NA_S3_RR_W3_D1_M3,2,Team Liquid
21,11188,3,165,23687,550,5,0,10,Tank,1,NA_S3_RR_W3_D1_M3,2,Team Liquid
10,6212,16,51,238,11329,5,0,2,Support,1,NA_S3_RR_W3_D1_M3,2,Team Liquid
17,11637,5,23,882,7844,4,0,2,Support,1,NA_S3_RR_W3_D1_M3,2,Team Liquid
16,11832,1,78,200,75,10,1,9,Damage,0,NA_S3_RR_W3_D1_M3,2,SpaceStation
20,9926,8,158,4434,346,9,0,7,Damage,0,NA_S3_RR_W3_D1_M3,2,SpaceStation
18,12423,8,115,17490,0,9,0,6,Tank,0,NA_S3_RR_W3_D1_M3,2,SpaceStation
14,5241,20,68,0,15446,7,0,3,Support,0,NA_S3_RR_W3_D1_M3,2,SpaceStation
9,3962,17,72,75,11468,10,0,2,Support,0,NA_S3_RR_W3_D1_M3,2,SpaceStation
27,13296,0,179,1743,223,7,1,15,Damage,0,NA_S3_RR_W3_D1_M3,3,Team Liquid
26,14330,7,102,410,216,10,2,17,Damage,0,NA_S3_RR_W3_D1_M3,3,Team Liquid
29,17378,9,265,20375,1266,10,0,11,Tank,0,NA_S3_RR_W3_D1_M3,3,Team Liquid
14,8753,30,146,447,16752,8,0,3,Support,0,NA_S3_RR_W3_D1_M3,3,Team Liquid
21,9376,20,274,3088,11651,9,0,6,Support,0,NA_S3_RR_W3_D1_M3,3,Team Liquid
26,14403,3,103,187,614,12,0,11,Damage,1,NA_S3_RR_W3_D1_M3,3,SpaceStation
27,14777,7,203,810,126,11,0,10,Damage,1,NA_S3_RR_W3_D1_M3,3,SpaceStation
35,14458,17,392,23752,1685,8,1,12,Tank,1,NA_S3_RR_W3_D1_M3,3,SpaceStation
17,8956,24,137,0,19888,10,0,7,Support,1,NA_S3_RR_W3_D1_M3,3,SpaceStation
18,6006,23,231,2006,12437,12,0,4,Support,1,NA_S3_RR_W3_D1_M3,3,SpaceStation
15,6317,0,66,0,0,4,0,8,Damage,0,NA_S3_RR_W3_D1_M3,4,Team Liquid
11,7797,1,31,84,869,7,0,2,Damage,0,NA_S3_RR_W3_D1_M3,4,Team Liquid
15,6221,2,146,9700,576,5,0,5,Tank,0,NA_S3_RR_W3_D1_M3,4,Team Liquid
5,3263,11,66,0,8504,6,0,1,Support,0,NA_S3_RR_W3_D1_M3,4,Team Liquid
8,3426,6,45,1624,5577,5,0,3,Support,0,NA_S3_RR_W3_D1_M3,4,Team Liquid
16,7066,0,22,0,0,5,0,5,Damage,1,NA_S3_RR_W3_D1_M3,4,SpaceStation
23,8835,0,41,0,0,2,0,10,Damage,1,NA_S3_RR_W3_D1_M3,4,SpaceStation
16,8369,6,73,6161,201,4,0,8,Tank,1,NA_S3_RR_W3_D1_M3,4,SpaceStation
9,4502,19,22,0,7980,4,0,2,Support,1,NA_S3_RR_W3_D1_M3,4,SpaceStation
8,3255,13,36,1555,7123,4,0,2,Support,1,NA_S3_RR_W3_D1_M3,4,SpaceStation
23,7961,1,39,2232,111,7,1,7,Damage,1,NA_S3_RR_W3_D1_M3,5,Team Liquid
22,12752,1,14,0,536,6,4,11,Damage,1,NA_S3_RR_W3_D1_M3,5,Team Liquid
20,10729,3,85,12637,107,7,1,14,Tank,1,NA_S3_RR_W3_D1_M3,5,Team Liquid
15,6522,7,16,131,8262,8,1,6,Support,1,NA_S3_RR_W3_D1_M3,5,Team Liquid
16,4731,23,27,2093,6817,5,0,1,Support,1,NA_S3_RR_W3_D1_M3,5,Team Liquid
21,8857,1,29,99,0,10,0,8,Damage,0,NA_S3_RR_W3_D1_M3,5,SpaceStation
20,11783,4,40,2007,671,8,0,8,Damage,0,NA_S3_RR_W3_D1_M3,5,SpaceStation
23,8397,11,87,13546,0,7,0,10,Tank,0,NA_S3_RR_W3_D1_M3,5,SpaceStation
11,5710,14,17,546,11942,10,1,2,Support,0,NA_S3_RR_W3_D1_M3,5,SpaceStation
14,4620,11,28,2104,7853,7,0,5,Support,0,NA_S3_RR_W3_D1_M3,5,SpaceStation
19,10356,0,108,0,0,5,0,10,Damage,0,NA_S3_RR_W3_D2_M1,1,DhillDucks
15,10616,0,103,1190,0,7,0,4,Damage,0,NA_S3_RR_W3_D2_M1,1,DhillDucks
16,11506,5,127,8870,0,7,0,4,Tank,0,NA_S3_RR_W3_D2_M1,1,DhillDucks
18,6189,16,93,1181,9030,10,0,5,Support,0,NA_S3_RR_W3_D2_M1,1,DhillDucks
7,7513,17,53,0,11147,8,0,3,Support,0,NA_S3_RR_W3_D2_M1,1,DhillDucks
23,9609,0,66,1846,325,6,0,5,Damage,1,NA_S3_RR_W3_D2_M1,1,Team Z
29,9130,0,153,0,0,6,1,14,Damage,1,NA_S3_RR_W3_D2_M1,1,Team Z
22,9929,4,141,6623,1332,4,0,7,Tank,1,NA_S3_RR_W3_D2_M1,1,Team Z
15,6825,19,72,0,6630,6,0,4,Support,1,NA_S3_RR_W3_D2_M1,1,Team Z
17,5357,15,57,1884,7932,4,0,6,Support,1,NA_S3_RR_W3_D2_M1,1,Team Z
17,8516,1,120,186,7,9,1,7,Damage,0,NA_S3_RR_W3_D2_M1,2,DhillDucks
19,10823,1,65,826,1299,9,0,9,Damage,0,NA_S3_RR_W3_D2_M1,2,DhillDucks
18,10532,8,180,8714,645,9,0,7,Tank,0,NA_S3_RR_W3_D2_M1,2,DhillDucks
17,6585,11,101,368,11860,8,1,4,Support,0,NA_S3_RR_W3_D2_M1,2,DhillDucks
13,8742,17,59,0,15733,8,1,5,Support,0,NA_S3_RR_W3_D2_M1,2,DhillDucks
21,11748,2,63,3683,254,10,1,6,Damage,1,NA_S3_RR_W3_D2_M1,2,Team Z
22,9644,0,103,0,0,8,1,11,Damage,1,NA_S3_RR_W3_D2_M1,2,Team Z
24,11963,3,204,21266,1100,6,0,11,Tank,1,NA_S3_RR_W3_D2_M1,2,Team Z
17,7494,30,52,0,15316,4,0,4,Support,1,NA_S3_RR_W3_D2_M1,2,Team Z
30,11289,12,87,765,9173,4,1,10,Support,1,NA_S3_RR_W3_D2_M1,2,Team Z
13,6761,0,35,0,1285,5,0,1,Damage,0,NA_S3_RR_W3_D2_M1,3,DhillDucks
8,5308,0,12,994,0,7,0,7,Damage,0,NA_S3_RR_W3_D2_M1,3,DhillDucks
10,8136,5,46,4366,1235,7,0,2,Tank,0,NA_S3_RR_W3_D2_M1,3,DhillDucks
6,3891,6,13,933,3884,9,0,2,Support,0,NA_S3_RR_W3_D2_M1,3,DhillDucks
6,4644,8,8,0,7264,8,0,2,Support,0,NA_S3_RR_W3_D2_M1,3,DhillDucks
20,7200,0,28,2549,106,7,0,7,Damage,1,NA_S3_RR_W3_D2_M1,3,Team Z
22,7832,0,48,0,1546,3,0,7,Damage,1,NA_S3_RR_W3_D2_M1,3,Team Z
21,6526,6,50,4734,200,1,0,8,Tank,1,NA_S3_RR_W3_D2_M1,3,Team Z
18,5405,20,15,0,6996,2,1,6,Support,1,NA_S3_RR_W3_D2_M1,3,Team Z
23,3625,17,19,1261,4299,1,0,7,Support,1,NA_S3_RR_W3_D2_M1,3,Team Z
3,5277,0,5,0,337,6,0,1,Damage,0,NA_S3_RR_W3_D2_M2,1,Extinction
5,4127,0,39,0,0,7,0,4,Damage,0,NA_S3_RR_W3_D2_M2,1,Extinction
7,5222,2,55,5988,300,6,0,3,Tank,0,NA_S3_RR_W3_D2_M2,1,Extinction
6,4599,6,17,0,3284,10,1,3,Support,0,NA_S3_RR_W3_D2_M2,1,Extinction
3,4142,2,0,227,3974,8,0,0,Support,0,NA_S3_RR_W3_D2_M2,1,Extinction
21,6672,0,30,0,1395,1,2,10,Damage,1,NA_S3_RR_W3_D2_M2,1,Sakura
25,7242,0,19,0,0,2,3,11,Damage,1,NA_S3_RR_W3_D2_M2,1,Sakura
15,7003,8,43,5162,0,2,0,7,Tank,1,NA_S3_RR_W3_D2_M2,1,Sakura
7,3898,3,32,306,5300,4,1,3,Support,1,NA_S3_RR_W3_D2_M2,1,Sakura
13,3522,15,38,0,8395,2,0,5,Support,1,NA_S3_RR_W3_D2_M2,1,Sakura
20,12254,13,7,0,362,8,2,8,Damage,1,NA_S3_RR_W3_D2_M2,2,Extinction
33,10179,0,136,0,0,6,0,14,Damage,1,NA_S3_RR_W3_D2_M2,2,Extinction
33,12477,7,144,15039,407,5,2,12,Tank,1,NA_S3_RR_W3_D2_M2,2,Extinction
23,7970,21,120,0,10020,6,1,10,Support,1,NA_S3_RR_W3_D2_M2,2,Extinction
13,7521,6,46,154,10607,7,0,3,Support,1,NA_S3_RR_W3_D2_M2,2,Extinction
17,13095,0,9,0,337,10,0,8,Damage,0,NA_S3_RR_W3_D2_M2,2,Sakura
17,8131,0,175,0,0,10,1,9,Damage,0,NA_S3_RR_W3_D2_M2,2,Sakura
20,12436,7,140,7270,443,8,0,6,Tank,0,NA_S3_RR_W3_D2_M2,2,Sakura
13,5437,4,25,296,7655,9,2,5,Support,0,NA_S3_RR_W3_D2_M2,2,Sakura
10,5336,15,50,0,18707,11,1,4,Support,0,NA_S3_RR_W3_D2_M2,2,Sakura
9,7045,0,29,0,243,5,0,5,Damage,0,NA_S3_RR_W3_D2_M2,3,Extinction
17,6338,0,103,0,0,6,0,7,Damage,0,NA_S3_RR_W3_D2_M2,3,Extinction
15,6932,4,89,13008,639,7,1,5,Tank,0,NA_S3_RR_W3_D2_M2,3,Extinction
14,4788,12,27,0,7244,5,0,2,Support,0,NA_S3_RR_W3_D2_M2,3,Extinction
10,3324,6,22,1804,6228,9,1,3,Support,0,NA_S3_RR_W3_D2_M2,3,Extinction
15,9238,3,43,148,0,5,0,7,Damage,1,NA_S3_RR_W3_D2_M2,3,Sakura
19,7317,0,96,0,0,3,2,10,Damage,1,NA_S3_RR_W3_D2_M2,3,Sakura
22,8714,5,100,7184,0,3,0,9,Tank,1,NA_S3_RR_W3_D2_M2,3,Sakura
11,2768,11,65,1466,6921,6,1,2,Support,1,NA_S3_RR_W3_D2_M2,3,Sakura
8,2530,17,57,0,9836,5,1,4,Support,1,NA_S3_RR_W3_D2_M2,3,Sakura
25,14496,0,67,0,0,10,1,9,Damage,0,NA_S3_RR_W3_D2_M2,4,Extinction
26,12426,2,103,1769,123,6,0,7,Damage,0,NA_S3_RR_W3_D2_M2,4,Extinction
27,14029,5,138,18895,557,7,0,13,Tank,0,NA_S3_RR_W3_D2_M2,4,Extinction
21,9358,25,107,0,12711,10,1,10,Support,0,NA_S3_RR_W3_D2_M2,4,Extinction
8,6293,4,87,995,10556,11,0,2,Support,0,NA_S3_RR_W3_D2_M2,4,Extinction
25,11623,0,50,0,2527,10,2,20,Damage,1,NA_S3_RR_W3_D2_M2,4,Sakura
28,9570,0,101,0,0,8,0,8,Damage,1,NA_S3_RR_W3_D2_M2,4,Sakura
27,13125,14,158,13337,652,6,0,8,Tank,1,NA_S3_RR_W3_D2_M2,4,Sakura
19,6755,20,115,2446,8534,9,0,2,Support,1,NA_S3_RR_W3_D2_M2,4,Sakura
16,6745,28,121,0,17447,8,0,6,Support,1,NA_S3_RR_W3_D2_M2,4,Sakura
24,7415,4,51,69,0,4,0,11,Damage,1,NA_S3_RR_W4_D1_M1,1,NTMR
23,5714,0,41,0,0,1,0,7,Damage,1,NA_S3_RR_W4_D1_M1,1,NTMR
21,8381,14,82,6825,0,2,0,9,Tank,1,NA_S3_RR_W4_D1_M1,1,NTMR
11,2775,12,31,2266,4561,2,0,0,Support,1,NA_S3_RR_W4_D1_M1,1,NTMR
20,4244,22,50,0,9405,2,0,7,Support,1,NA_S3_RR_W4_D1_M1,1,NTMR
8,5019,0,63,434,66,8,0,2,Damage,0,NA_S3_RR_W4_D1_M1,1,Sakura
6,5456,0,24,126,0,6,0,0,Damage,0,NA_S3_RR_W4_D1_M1,1,Sakura
8,7426,1,47,6339,0,7,0,5,Tank,0,NA_S3_RR_W4_D1_M1,1,Sakura
3,2366,5,39,1896,5195,6,0,1,Support,0,NA_S3_RR_W4_D1_M1,1,Sakura
3,3017,5,22,0,8136,7,0,3,Support,0,NA_S3_RR_W4_D1_M1,1,Sakura
23,9788,0,14,0,548,4,1,9,Damage,1,NA_S3_RR_W4_D1_M1,2,NTMR
26,7539,0,69,0,0,3,0,10,Damage,1,NA_S3_RR_W4_D1_M1,2,NTMR
19,9921,5,123,12590,1447,5,0,5,Tank,1,NA_S3_RR_W4_D1_M1,2,NTMR
22,4891,23,40,1580,6374,4,0,4,Support,1,NA_S3_RR_W4_D1_M1,2,NTMR
15,6342,20,13,0,8274,4,0,7,Support,1,NA_S3_RR_W4_D1_M1,2,NTMR
13,7026,0,153,0,0,7,0,5,Damage,0,NA_S3_RR_W4_D1_M1,2,Sakura
12,6789,0,104,0,1256,9,0,10,Damage,0,NA_S3_RR_W4_D1_M1,2,Sakura
15,8715,10,166,7386,0,7,0,3,Tank,0,NA_S3_RR_W4_D1_M1,2,Sakura
7,3394,11,73,2066,6520,6,0,1,Support,0,NA_S3_RR_W4_D1_M1,2,Sakura
7,4724,16,70,0,13409,6,0,1,Support,0,NA_S3_RR_W4_D1_M1,2,Sakura
20,6654,1,17,77,0,3,0,9,Damage,1,NA_S3_RR_W4_D1_M1,3,NTMR
23,5544,0,24,0,0,2,0,9,Damage,1,NA_S3_RR_W4_D1_M1,3,NTMR
21,7639,14,45,6476,0,3,0,7,Tank,1,NA_S3_RR_W4_D1_M1,3,NTMR
19,2980,17,19,220,4099,3,0,4,Support,1,NA_S3_RR_W4_D1_M1,3,NTMR
16,4551,23,12,0,7271,3,0,4,Support,1,NA_S3_RR_W4_D1_M1,3,NTMR
9,3834,0,35,0,0,5,0,2,Damage,0,NA_S3_RR_W4_D1_M1,3,Sakura
9,5424,0,11,258,0,8,0,6,Damage,0,NA_S3_RR_W4_D1_M1,3,Sakura
6,5296,4,27,5921,0,8,0,3,Tank,0,NA_S3_RR_W4_D1_M1,3,Sakura
5,1584,4,7,1933,4371,7,0,2,Support,0,NA_S3_RR_W4_D1_M1,3,Sakura
1,2061,11,12,0,8245,8,0,1,Support,0,NA_S3_RR_W4_D1_M1,3,Sakura
4,5297,0,10,0,0,7,0,1,Damage,0,NA_S3_RR_W4_D1_M2,1,Extinction
5,8830,0,30,168,0,7,0,3,Damage,0,NA_S3_RR_W4_D1_M2,1,Extinction
2,5660,1,40,8863,149,7,1,1,Tank,0,NA_S3_RR_W4_D1_M2,1,Extinction
4,3969,1,2,297,5074,8,0,2,Support,0,NA_S3_RR_W4_D1_M2,1,Extinction
0,2095,5,0,467,9665,7,0,0,Support,0,NA_S3_RR_W4_D1_M2,1,Extinction
21,6788,4,15,0,487,3,0,11,Damage,1,NA_S3_RR_W4_D1_M2,1,Geekay Esports
21,5418,0,26,0,0,1,0,5,Damage,1,NA_S3_RR_W4_D1_M2,1,Geekay Esports
21,7095,8,27,3253,0,2,0,9,Tank,1,NA_S3_RR_W4_D1_M2,1,Geekay Esports
19,3176,17,27,543,6495,1,0,6,Support,1,NA_S3_RR_W4_D1_M2,1,Geekay Esports
19,8168,4,13,276,5440,0,1,5,Support,1,NA_S3_RR_W4_D1_M2,1,Geekay Esports
12,13494,1,68,7689,880,9,1,4,Damage,0,NA_S3_RR_W4_D1_M2,2,Extinction
12,15010,4,32,103,121,12,0,4,Damage,0,NA_S3_RR_W4_D1_M2,2,Extinction
13,11275,9,184,16556,3026,6,0,3,Tank,0,NA_S3_RR_W4_D1_M2,2,Extinction
12,6509,9,38,6216,15371,11,0,4,Support,0,NA_S3_RR_W4_D1_M2,2,Extinction
9,6896,11,16,0,23475,9,0,3,Support,0,NA_S3_RR_W4_D1_M2,2,Extinction
23,19446,0,17,0,845,4,1,10,Damage,1,NA_S3_RR_W4_D1_M2,2,Geekay Esports
32,11561,1,52,0,0,4,0,15,Damage,1,NA_S3_RR_W4_D1_M2,2,Geekay Esports
31,15857,7,133,13078,0,3,1,13,Tank,1,NA_S3_RR_W4_D1_M2,2,Geekay Esports
17,8196,24,118,3126,11847,2,0,2,Support,1,NA_S3_RR_W4_D1_M2,2,Geekay Esports
23,14889,10,44,775,13239,6,0,4,Support,1,NA_S3_RR_W4_D1_M2,2,Geekay Esports
2,6365,0,33,2582,72,7,1,1,Damage,0,NA_S3_RR_W4_D1_M2,3,Extinction
3,5934,0,20,0,20,5,0,3,Damage,0,NA_S3_RR_W4_D1_M2,3,Extinction
3,5268,1,94,8569,1343,6,0,1,Tank,0,NA_S3_RR_W4_D1_M2,3,Extinction
2,2971,1,38,2238,5680,5,0,1,Support,0,NA_S3_RR_W4_D1_M2,3,Extinction
2,2989,3,30,0,7355,5,0,0,Support,0,NA_S3_RR_W4_D1_M2,3,Extinction
19,8537,0,10,0,0,2,1,11,Damage,1,NA_S3_RR_W4_D1_M2,3,Geekay Esports
15,5230,0,21,0,0,1,1,7,Damage,1,NA_S3_RR_W4_D1_M2,3,Geekay Esports
16,6230,6,53,3626,0,0,0,3,Tank,1,NA_S3_RR_W4_D1_M2,3,Geekay Esports
9,2688,12,19,811,6024,1,0,2,Support,1,NA_S3_RR_W4_D1_M2,3,Geekay Esports
14,4621,12,18,0,4840,2,0,5,Support,1,NA_S3_RR_W4_D1_M2,3,Geekay Esports
6,6016,1,10,1227,0,8,1,3,Damage,0,NA_S3_RR_W4_D2_M1,1,DhillDucks
6,8802,1,9,0,0,7,1,3,Damage,0,NA_S3_RR_W4_D2_M1,1,DhillDucks
3,4696,0,19,6391,354,10,1,2,Tank,0,NA_S3_RR_W4_D2_M1,1,DhillDucks
1,2451,5,15,278,7671,9,0,0,Support,0,NA_S3_RR_W4_D2_M1,1,DhillDucks
3,4428,1,21,1026,3317,9,0,3,Support,0,NA_S3_RR_W4_D2_M1,1,DhillDucks
28,6331,0,21,0,903,0,1,17,Damage,1,NA_S3_RR_W4_D2_M1,1,SpaceStation
16,7736,6,3,0,0,5,1,5,Damage,1,NA_S3_RR_W4_D2_M1,1,SpaceStation
24,6127,7,32,6298,1185,3,4,12,Tank,1,NA_S3_RR_W4_D2_M1,1,SpaceStation
16,7995,7,9,1113,6806,1,1,4,Support,1,NA_S3_RR_W4_D2_M1,1,SpaceStation
12,3113,13,11,728,5791,2,0,4,Support,1,NA_S3_RR_W4_D2_M1,1,SpaceStation
7,7046,3,47,50,0,11,3,4,Damage,0,NA_S3_RR_W4_D2_M1,2,DhillDucks
9,9312,1,22,50,0,11,2,6,Damage,0,NA_S3_RR_W4_D2_M1,2,DhillDucks
10,8213,1,39,4762,0,9,3,9,Tank,0,NA_S3_RR_W4_D2_M1,2,DhillDucks
7,5507,7,56,180,5923,11,1,2,Support,0,NA_S3_RR_W4_D2_M1,2,DhillDucks
5,3214,5,92,99,6422,12,1,1,Support,0,NA_S3_RR_W4_D2_M1,2,DhillDucks
25,7746,6,62,0,0,8,2,14,Damage,1,NA_S3_RR_W4_D2_M1,2,SpaceStation
27,12017,5,23,0,0,3,2,13,Damage,1,NA_S3_RR_W4_D2_M1,2,SpaceStation
27,10297,5,33,3406,200,3,3,14,Tank,1,NA_S3_RR_W4_D2_M1,2,SpaceStation
16,8634,7,24,241,7974,3,3,7,Support,1,NA_S3_RR_W4_D2_M1,2,SpaceStation
8,2223,16,116,1132,4779,6,2,5,Support,1,NA_S3_RR_W4_D2_M1,2,SpaceStation
11,9301,4,34,4864,335,9,1,5,Damage,0,NA_S3_RR_W4_D2_M1,3,DhillDucks
11,5353,0,13,0,0,10,1,5,Damage,0,NA_S3_RR_W4_D2_M1,3,DhillDucks
15,10503,7,59,2994,2375,9,0,4,Tank,0,NA_S3_RR_W4_D2_M1,3,DhillDucks
6,4821,5,26,0,4513,13,0,4,Support,0,NA_S3_RR_W4_D2_M1,3,DhillDucks
5,3574,2,27,321,2516,9,0,2,Support,0,NA_S3_RR_W4_D2_M1,3,DhillDucks
33,8548,0,49,0,0,3,1,16,Damage,1,NA_S3_RR_W4_D2_M1,3,SpaceStation
25,7594,0,43,326,1134,5,0,9,Damage,1,NA_S3_RR_W4_D2_M1,3,SpaceStation
26,8340,1,38,3126,4877,6,1,16,Tank,1,NA_S3_RR_W4_D2_M1,3,SpaceStation
28,6523,31,15,0,8879,3,4,9,Support,1,NA_S3_RR_W4_D2_M1,3,SpaceStation
21,3293,21,36,1265,6044,6,0,3,Support,1,NA_S3_RR_W4_D2_M1,3,SpaceStation
2,2920,0,17,708,246,8,0,1,Damage,0,NA_S3_RR_W4_D2_M2,1,Team Z
1,4307,0,42,0,0,5,0,0,Damage,0,NA_S3_RR_W4_D2_M2,1,Team Z
1,3675,1,48,2850,0,4,0,0,Tank,0,NA_S3_RR_W4_D2_M2,1,Team Z
1,3211,1,11,0,2294,5,0,1,Support,0,NA_S3_RR_W4_D2_M2,1,Team Z
1,2243,0,18,544,2794,4,0,0,Support,0,NA_S3_RR_W4_D2_M2,1,Team Z
19,6380,2,30,327,106,0,0,8,Damage,1,NA_S3_RR_W4_D2_M2,1,Team Liquid
14,4188,0,31,0,0,2,2,7,Damage,1,NA_S3_RR_W4_D2_M2,1,Team Liquid
17,5963,7,43,3546,184,0,0,4,Tank,1,NA_S3_RR_W4_D2_M2,1,Team Liquid
8,2481,11,37,0,3774,1,0,2,Support,1,NA_S3_RR_W4_D2_M2,1,Team Liquid
12,4260,11,39,93,2824,0,0,2,Support,1,NA_S3_RR_W4_D2_M2,1,Team Liquid
4,5724,0,88,174,1078,8,0,1,Damage,0,NA_S3_RR_W4_D2_M2,2,Team Z
6,6137,0,111,0,0,5,0,4,Damage,0,NA_S3_RR_W4_D2_M2,2,Team Z
6,8927,3,156,12949,891,7,1,1,Tank,0,NA_S3_RR_W4_D2_M2,2,Team Z
3,3736,5,64,0,9863,8,0,2,Support,0,NA_S3_RR_W4_D2_M2,2,Team Z
4,2816,6,59,2486,6305,9,0,0,Support,0,NA_S3_RR_W4_D2_M2,2,Team Z
20,10950,3,30,0,805,2,0,11,Damage,1,NA_S3_RR_W4_D2_M2,2,Team Liquid
27,8510,0,50,0,0,1,1,11,Damage,1,NA_S3_RR_W4_D2_M2,2,Team Liquid
29,10774,7,72,9690,0,2,0,7,Tank,1,NA_S3_RR_W4_D2_M2,2,Team Liquid
15,4104,24,21,0,9975,0,0,6,Support,1,NA_S3_RR_W4_D2_M2,2,Team Liquid
17,4705,19,64,1630,6619,3,0,2,Support,1,NA_S3_RR_W4_D2_M2,2,Team Liquid
2,5207,4,6,0,2626,7,0,0,Damage,0,NA_S3_RR_W4_D2_M2,3,Team Z
2,4768,0,5,0,0,5,0,2,Damage,0,NA_S3_RR_W4_D2_M2,3,Team Z
3,3608,1,29,3755,1110,4,0,2,Tank,0,NA_S3_RR_W4_D2_M2,3,Team Z
1,1698,1,10,0,2193,7,0,0,Support,0,NA_S3_RR_W4_D2_M2,3,Team Z
2,1796,2,19,658,2534,8,0,0,Support,0,NA_S3_RR_W4_D2_M2,3,Team Z
17,6318,5,27,552,210,0,0,6,Damage,1,NA_S3_RR_W4_D2_M2,3,Team Liquid
18,8328,0,23,0,0,0,1,8,Damage,1,NA_S3_RR_W4_D2_M2,3,Team Liquid
19,5737,5,16,1978,0,1,0,6,Tank,1,NA_S3_RR_W4_D2_M2,3,Team Liquid
15,3754,12,26,0,5481,0,0,7,Support,1,NA_S3_RR_W4_D2_M2,3,Team Liquid
10,3004,14,12,143,2886,3,0,4,Support,1,NA_S3_RR_W4_D2_M2,3,Team Liquid
